Rk,Player,Age,Team,Pos,G,GS,MP,PER,TS%,3PAr,FTr,ORB%,DRB%,TRB%,AST%,STL%,BLK%,TOV%,USG%,OWS,DWS,WS,WS/48,OBPM,DBPM,BPM,VORP,Awards,Season,Parsed_Date
1,Shai Gilgeous-Alexander,26,OKC,PG,23,23,786,28.1,.619,.299,.396,2.7,13.4,8.1,31.4,2.4,3.0,10.1,33.3,2.8,1.6,4.4,.271,7.3,2.3,9.6,2.3,,2025,2024-12-08 12:13:30
2,Giannis Antetokounmpo,30,MIL,PF,20,20,698,31.6,.629,.036,.531,6.8,28.6,18.1,37.4,0.7,3.3,11.5,36.7,2.7,0.9,3.6,.246,6.9,2.3,9.2,2.0,,2025,2024-12-08 12:13:30
3,Jayson Tatum,26,BOS,PF,23,23,839,23.2,.599,.522,.377,1.6,25.5,13.4,26.0,1.6,1.3,10.6,31.1,2.2,1.2,3.5,.198,5.4,1.0,6.3,1.7,,2025,2024-12-08 12:13:30
4,De'Aaron Fox,27,SAC,PG,24,24,900,20.1,.583,.313,.297,3.4,11.9,7.7,25.7,2.3,0.6,13.4,30.4,1.3,0.8,2.2,.115,2.5,-1.1,1.4,0.8,,2025,2024-12-08 12:13:30
5,Franz Wagner,23,ORL,SF,25,25,829,22.7,.573,.336,.285,3.1,16.9,9.8,32.1,2.6,1.4,10.3,31.1,1.7,1.6,3.3,.192,4.2,1.8,6.0,1.7,,2025,2024-12-08 12:13:30
6,Anthony Davis,31,LAL,C,22,22,780,27.5,.610,.113,.475,8.1,28.1,18.1,17.7,1.7,4.9,8.4,30.3,2.4,0.9,3.3,.200,5.0,0.3,5.4,1.5,,2025,2024-12-08 12:13:30
7,Jalen Brunson,28,NYK,PG,23,23,787,23.0,.624,.348,.373,1.6,8.0,4.9,34.2,0.9,0.1,10.3,29.3,3.1,0.3,3.4,.207,5.4,-2.2,3.3,1.1,,2025,2024-12-08 12:13:30
8,Anthony Edwards,23,MIN,SG,22,22,800,19.3,.591,.519,.221,2.1,14.7,8.5,19.3,1.9,1.6,11.9,30.5,0.9,1.3,2.2,.130,3.5,0.4,3.9,1.2,,2025,2024-12-08 12:13:30
9,Nikola Jokić,29,DEN,C,18,18,679,32.7,.647,.200,.304,12.1,26.8,19.6,47.1,2.2,1.9,13.5,31.3,3.2,0.9,4.1,.291,10.7,2.9,13.6,2.7,,2025,2024-12-08 12:13:30
10,LaMelo Ball,23,CHO,PG,18,18,614,21.8,.564,.526,.234,2.9,14.9,8.7,42.6,1.6,0.7,14.1,39.9,0.9,0.4,1.3,.103,6.0,-0.6,5.3,1.1,,2025,2024-12-08 12:13:30
11,Donovan Mitchell,28,CLE,SG,23,23,735,21.0,.587,.491,.200,2.2,14.4,8.5,20.3,2.3,1.0,9.5,30.8,1.3,1.0,2.3,.152,3.3,-0.2,3.2,1.0,,2025,2024-12-08 12:13:30
12,Devin Booker,28,PHO,SG,22,22,812,19.9,.584,.428,.393,3.5,7.9,5.7,28.3,1.3,1.0,10.2,28.4,2.1,0.3,2.4,.143,3.1,-1.7,1.5,0.7,,2025,2024-12-08 12:13:30
13,Kyrie Irving,32,DAL,SG,22,22,772,21.8,.626,.379,.198,3.8,11.1,7.5,23.0,1.7,0.6,10.1,26.0,2.4,0.8,3.2,.198,5.5,0.1,5.6,1.5,,2025,2024-12-08 12:13:30
14,LeBron James,40,LAL,SF,23,23,806,21.2,.585,.323,.259,3.0,23.1,13.0,43.4,1.0,1.5,17.2,29.7,1.1,0.4,1.6,.093,4.4,-0.7,3.6,1.1,,2025,2024-12-08 12:13:30
15,Karl-Anthony Towns,29,NYK,C,21,21,709,26.4,.648,.306,.334,10.5,34.4,22.9,13.9,1.1,2.7,10.5,28.4,2.5,1.0,3.5,.235,5.2,-0.3,4.9,1.2,,2025,2024-12-08 12:13:30
16,James Harden,35,LAC,PG,24,24,814,19.6,.556,.514,.442,1.9,20.4,11.1,39.1,2.3,2.0,18.4,30.3,0.9,1.4,2.3,.135,3.2,1.3,4.5,1.3,,2025,2024-12-08 12:13:30
17,Luka Dončić,25,DAL,PG,18,18,661,23.8,.569,.453,.308,1.9,21.8,12.1,34.7,2.6,0.9,11.7,32.8,1.5,1.1,2.6,.189,5.4,1.0,6.4,1.4,,2025,2024-12-08 12:13:30
18,Nikola Vučević,34,CHI,C,24,24,764,22.9,.684,.327,.163,6.8,25.8,16.4,15.9,1.0,2.1,10.3,22.7,2.3,0.5,2.8,.177,4.5,-0.6,3.9,1.1,,2025,2024-12-08 12:13:30
19,Jalen Williams,23,OKC,SG,23,23,731,23.5,.603,.319,.211,2.9,17.2,10.0,25.2,3.2,2.6,10.5,27.2,1.6,1.8,3.4,.223,4.3,2.9,7.2,1.7,,2025,2024-12-08 12:13:30
20,Cade Cunningham,23,DET,PG,21,21,754,19.3,.553,.327,.225,3.6,18.7,11.3,44.6,1.2,2.0,17.8,31.4,0.7,0.8,1.5,.095,3.1,-0.1,3.1,1.0,,2025,2024-12-08 12:13:30
21,Tyler Herro,25,MIA,SG,21,21,729,19.6,.626,.573,.211,0.7,15.9,8.3,24.5,1.2,0.3,11.7,27.1,1.5,0.7,2.2,.142,4.1,-0.8,3.3,1.0,,2025,2024-12-08 12:13:30
22,Damian Lillard,34,MIL,PG,19,19,685,22.9,.621,.520,.375,1.8,11.4,6.7,32.5,1.3,0.5,11.7,29.1,2.3,0.5,2.7,.191,5.3,-1.0,4.4,1.1,,2025,2024-12-08 12:13:30
23,RJ Barrett,24,TOR,SG,21,21,716,17.1,.550,.314,.332,2.7,18.4,10.5,28.0,1.1,0.8,13.2,29.7,0.6,0.4,1.0,.066,1.5,-1.1,0.3,0.4,,2025,2024-12-08 12:13:30
24,Trae Young,26,ATL,PG,23,23,828,16.8,.540,.506,.375,1.8,9.7,5.7,47.8,1.6,0.4,19.2,27.2,1.0,0.4,1.4,.082,1.9,-2.7,-0.9,0.2,,2025,2024-12-08 12:13:30
25,Pascal Siakam,30,IND,PF,24,24,826,18.7,.621,.298,.244,6.1,15.4,10.7,16.0,1.2,0.7,8.2,22.3,2.0,0.3,2.3,.135,2.6,-1.5,1.1,0.6,,2025,2024-12-08 12:13:30
26,Jaren Jackson Jr.,25,MEM,C,22,22,628,21.6,.623,.334,.355,5.0,16.2,10.9,6.8,2.3,5.9,11.0,27.9,1.1,1.2,2.3,.179,1.6,1.5,3.1,0.8,,2025,2024-12-08 12:13:30
27,Jaylen Brown,28,BOS,SF,19,19,686,18.6,.557,.388,.340,4.5,14.0,9.2,20.6,1.5,0.9,10.3,29.9,1.0,0.7,1.8,.123,1.2,-1.3,-0.1,0.3,,2025,2024-12-08 12:13:30
28,Darius Garland,25,CLE,PG,23,23,696,20.7,.625,.454,.194,2.0,6.3,4.2,30.9,1.6,0.8,12.2,26.5,2.1,0.6,2.8,.190,3.9,-1.1,2.8,0.9,,2025,2024-12-08 12:13:30
29,Domantas Sabonis,28,SAC,C,22,22,796,23.4,.700,.189,.381,10.5,29.5,20.2,26.0,0.9,1.1,18.4,21.9,2.7,0.9,3.6,.218,4.6,0.8,5.4,1.5,,2025,2024-12-08 12:13:30
30,Zach LaVine,29,CHI,SF,21,21,701,16.9,.635,.471,.213,0.8,13.2,7.0,19.0,1.0,0.7,13.7,24.8,0.9,0.2,1.1,.076,1.9,-1.9,-0.1,0.3,,2025,2024-12-08 12:13:30
31,Julius Randle,30,MIN,PF,22,22,726,18.8,.615,.333,.403,6.0,17.3,11.8,20.4,1.2,0.1,13.9,26.0,1.5,1.0,2.5,.164,1.8,0.1,1.9,0.7,,2025,2024-12-08 12:13:30
32,Jalen Johnson,23,ATL,SF,23,23,836,17.5,.585,.292,.208,4.8,24.4,14.6,22.4,1.7,2.9,16.5,22.5,0.7,1.0,1.6,.094,0.7,0.9,1.6,0.8,,2025,2024-12-08 12:13:30
33,Jalen Green,22,HOU,SG,23,23,746,13.2,.527,.474,.272,1.8,13.5,7.5,12.7,1.6,0.8,12.6,26.1,0.0,1.3,1.3,.081,-0.5,0.2,-0.2,0.3,,2025,2024-12-08 12:13:30
34,Evan Mobley,23,CLE,PF,23,23,724,22.2,.634,.181,.328,8.5,23.7,16.4,12.5,1.7,4.7,13.0,23.4,1.7,1.3,3.0,.196,2.0,1.2,3.2,1.0,,2025,2024-12-08 12:13:30
35,Alperen Sengun,22,HOU,C,23,23,708,23.4,.534,.096,.327,11.3,24.4,17.7,28.0,1.8,3.3,10.6,26.3,1.5,1.6,3.2,.214,4.3,3.1,7.4,1.7,,2025,2024-12-08 12:13:30
36,Bennedict Mathurin,22,IND,SG,24,19,784,14.8,.605,.309,.429,4.5,18.4,11.5,7.9,1.0,1.0,12.7,22.6,0.8,0.3,1.1,.069,-0.5,-2.3,-2.8,-0.2,,2025,2024-12-08 12:13:30
37,DeMar DeRozan,35,SAC,SF,19,19,684,19.4,.582,.129,.388,1.7,11.2,6.5,17.7,2.0,1.5,8.4,25.6,1.3,0.6,1.9,.136,1.7,-0.3,1.4,0.6,,2025,2024-12-08 12:13:30
38,Tyrese Haliburton,24,IND,PG,24,24,847,17.8,.563,.597,.219,2.5,8.7,5.6,33.8,1.8,1.3,11.0,21.8,1.8,0.3,2.1,.118,3.2,-1.6,1.6,0.8,,2025,2024-12-08 12:13:30
39,Victor Wembanyama,21,SAS,C,18,18,585,24.0,.594,.506,.195,7.1,27.4,17.3,20.9,1.9,9.4,15.4,30.9,0.4,1.1,1.5,.122,3.5,2.7,6.2,1.2,,2025,2024-12-08 12:13:30
40,Jaden Ivey,22,DET,SG,24,24,732,14.5,.550,.353,.315,5.0,10.1,7.6,22.1,1.5,1.3,16.4,26.8,0.2,0.6,0.8,.050,-0.2,-1.0,-1.2,0.1,,2025,2024-12-08 12:13:30
41,Cam Thomas,23,BRK,SG,17,17,568,17.9,.606,.424,.377,1.2,10.6,5.8,18.0,1.0,0.2,12.2,31.0,0.7,0.2,0.9,.075,2.2,-2.2,0.1,0.3,,2025,2024-12-08 12:13:30
42,Brandon Miller,22,CHO,SF,19,19,648,15.7,.542,.587,.156,3.1,14.0,8.3,17.3,1.8,2.2,11.6,28.4,0.3,0.5,0.9,.063,2.0,-0.7,1.2,0.5,,2025,2024-12-08 12:13:30
43,OG Anunoby,27,NYK,PF,23,23,840,15.8,.604,.439,.197,3.6,12.2,8.1,7.5,2.1,2.8,8.2,19.3,1.3,0.8,2.1,.120,0.5,-0.2,0.3,0.5,,2025,2024-12-08 12:13:30
44,Norman Powell,31,LAC,SG,17,17,551,20.3,.659,.480,.244,1.0,9.2,5.1,13.1,1.6,0.6,10.4,26.9,1.3,0.6,1.9,.168,4.9,-0.4,4.5,0.9,,2025,2024-12-08 12:13:30
45,Cameron Johnson,28,BRK,PF,22,22,717,18.7,.654,.599,.254,2.6,13.5,7.9,14.6,1.3,1.4,6.1,20.6,2.0,0.4,2.4,.162,4.6,-0.2,4.4,1.1,,2025,2024-12-08 12:13:30
46,Coby White,24,CHI,SG,22,22,714,14.4,.589,.624,.228,1.1,11.0,6.1,20.1,1.6,0.6,13.6,23.1,0.7,0.2,0.9,.059,0.2,-1.7,-1.6,0.1,,2025,2024-12-08 12:13:30
47,Brandon Ingram,27,NOP,SF,18,18,595,16.8,.560,.345,.165,3.0,15.9,9.1,28.4,1.3,1.7,16.2,30.3,0.0,0.2,0.2,.013,1.6,-2.0,-0.4,0.2,,2025,2024-12-08 12:13:30
48,Malik Beasley,28,DET,SG,25,7,711,14.5,.590,.690,.105,2.6,9.4,6.0,10.2,1.3,0.1,7.7,22.1,1.0,0.5,1.4,.095,1.8,-1.4,0.4,0.4,,2025,2024-12-08 12:13:30
49,Jordan Poole,25,WAS,SG,19,19,577,16.8,.590,.508,.282,0.7,7.3,3.9,28.4,2.6,1.2,16.3,29.1,0.2,0.1,0.4,.030,1.6,-1.6,0.0,0.3,,2025,2024-12-08 12:13:30
50,Derrick White,30,BOS,SG,23,23,796,17.8,.613,.695,.166,3.8,11.8,7.8,20.7,1.4,2.7,9.5,19.4,2.1,0.9,3.0,.178,3.4,0.5,3.9,1.2,,2025,2024-12-08 12:13:30
51,Michael Porter Jr.,26,DEN,SF,21,21,749,15.9,.597,.423,.167,4.9,16.6,10.8,11.6,1.2,1.1,7.9,20.0,1.2,0.5,1.7,.108,1.4,-1.3,0.1,0.4,,2025,2024-12-08 12:13:30
52,Payton Pritchard,27,BOS,PG,24,0,678,19.2,.674,.775,.165,4.4,8.6,6.4,15.3,1.8,0.4,8.0,19.8,2.2,0.6,2.8,.201,4.2,0.0,4.2,1.1,,2025,2024-12-08 12:13:30
53,Stephen Curry,36,GSW,PG,17,17,515,22.1,.622,.604,.232,1.8,16.3,9.0,34.4,2.0,1.5,15.8,29.5,1.1,0.9,1.9,.180,6.3,1.0,7.3,1.2,,2025,2024-12-08 12:13:30
54,Mikal Bridges,28,NYK,SF,23,23,879,12.8,.553,.469,.062,3.1,7.8,5.5,12.2,1.4,1.4,9.2,19.1,0.6,0.5,1.1,.062,-0.3,-1.5,-1.8,0.0,,2025,2024-12-08 12:13:30
55,John Collins,27,UTA,PF,21,12,612,20.8,.637,.232,.278,9.4,22.2,15.9,14.6,1.9,2.6,15.0,23.8,1.3,0.5,1.8,.138,2.1,0.2,2.2,0.7,,2025,2024-12-08 12:13:30
56,Dennis Schröder,31,BRK,PG,21,21,712,15.2,.569,.459,.257,0.7,10.0,5.2,30.2,1.7,0.6,13.9,24.0,0.8,0.4,1.2,.080,0.4,-1.0,-0.6,0.2,,2025,2024-12-08 12:13:30
57,Jalen Suggs,23,ORL,PG,24,24,720,14.2,.545,.538,.221,2.2,13.3,7.6,21.2,2.5,3.1,16.2,24.6,-0.1,1.4,1.3,.086,-1.0,1.3,0.3,0.4,,2025,2024-12-08 12:13:30
58,Jakob Poeltl,29,TOR,C,23,23,753,19.5,.617,.004,.313,13.5,25.2,19.3,12.5,1.7,3.7,14.9,19.5,1.3,0.9,2.2,.138,0.3,0.2,0.5,0.5,,2025,2024-12-08 12:13:30
59,Collin Sexton,26,UTA,SG,22,20,619,15.4,.606,.338,.312,3.1,6.9,5.0,19.7,1.2,0.5,14.5,24.3,1.0,0.0,0.9,.074,0.6,-2.1,-1.5,0.1,,2025,2024-12-08 12:13:30
60,Tyrese Maxey,24,PHI,PG,15,15,544,17.4,.516,.434,.248,0.6,10.1,5.0,23.6,2.9,0.9,7.4,30.8,0.3,0.6,0.8,.072,1.7,-0.2,1.5,0.5,,2025,2024-12-08 12:13:30
61,Fred VanVleet,30,HOU,PG,22,22,772,14.8,.512,.530,.186,1.7,10.7,6.1,24.1,2.1,1.2,7.3,19.6,1.1,1.4,2.5,.153,0.4,1.7,2.1,0.8,,2025,2024-12-08 12:13:30
62,Gradey Dick,21,TOR,SG,19,19,618,12.9,.564,.502,.274,2.1,8.0,5.0,9.3,1.4,0.8,9.6,23.0,0.6,0.2,0.8,.059,0.0,-1.7,-1.7,0.0,,2025,2024-12-08 12:13:30
63,Ivica Zubac,27,LAC,C,24,24,774,18.9,.601,.000,.266,13.7,28.5,21.1,11.8,0.8,3.2,14.7,18.9,1.2,1.3,2.4,.152,0.5,0.1,0.5,0.5,,2025,2024-12-08 12:13:30
64,Andrew Wiggins,29,GSW,SF,20,20,572,17.9,.591,.409,.345,5.5,10.2,7.8,12.1,1.6,2.3,7.3,22.7,1.2,0.8,2.0,.166,2.8,0.3,3.1,0.7,,2025,2024-12-08 12:13:30
65,Myles Turner,28,IND,C,22,22,713,14.1,.593,.436,.251,4.6,21.7,13.2,7.4,1.2,6.1,16.3,20.9,0.0,0.7,0.6,.041,-1.6,-0.5,-2.1,0.0,,2025,2024-12-08 12:13:30
66,Tobias Harris,32,DET,PF,24,24,781,13.8,.549,.382,.198,3.6,19.6,11.8,10.8,1.3,2.5,9.2,18.6,0.7,0.9,1.5,.094,-0.8,0.3,-0.5,0.3,,2025,2024-12-08 12:13:30
67,Bam Adebayo,27,MIA,C,21,21,729,17.9,.510,.203,.299,8.4,22.8,15.6,22.9,2.3,2.2,11.1,22.2,0.7,1.2,1.9,.127,0.2,1.3,1.4,0.6,,2025,2024-12-08 12:13:30
68,Jared McCain,20,PHI,SG,21,8,535,16.7,.594,.481,.217,2.6,9.8,6.0,18.1,1.1,0.0,11.0,26.2,0.7,0.3,1.0,.090,2.8,-1.8,1.0,0.4,,2025,2024-12-08 12:13:30
69,Kevin Durant,36,PHO,PF,13,13,464,20.4,.652,.348,.335,0.7,19.7,10.4,15.3,0.7,3.8,14.3,28.6,0.6,0.4,1.0,.099,2.8,-0.2,2.6,0.5,,2025,2024-12-08 12:13:30
70,Jerami Grant,30,POR,PF,21,21,683,12.7,.535,.476,.309,1.4,10.7,5.8,11.1,1.4,3.3,8.8,20.7,0.5,0.3,0.8,.055,-0.2,-0.7,-0.9,0.2,,2025,2024-12-08 12:13:30
71,Anfernee Simons,25,POR,SG,20,20,605,12.5,.527,.512,.189,1.0,8.9,4.8,23.7,1.4,0.2,13.2,24.8,0.1,0.1,0.3,.021,-0.4,-2.4,-2.8,-0.1,,2025,2024-12-08 12:13:30
72,Jarrett Allen,26,CLE,C,24,24,716,21.7,.716,.005,.438,9.1,29.0,19.4,8.1,1.5,2.8,9.8,15.3,2.3,1.3,3.6,.242,2.5,0.8,3.3,1.0,,2025,2024-12-08 12:13:30
73,Lauri Markkanen,27,UTA,PF,17,17,547,18.2,.612,.513,.390,5.8,16.5,11.2,11.1,1.1,0.3,7.6,22.2,1.5,0.1,1.6,.138,3.5,-1.6,1.9,0.5,,2025,2024-12-08 12:13:30
74,Keyonte George,21,UTA,PG,21,21,660,10.6,.516,.569,.212,1.7,9.2,5.5,27.6,1.0,0.3,17.8,24.3,-0.2,0.0,-0.2,-0.015,-1.5,-3.1,-4.6,-0.4,,2025,2024-12-08 12:13:30
75,Josh Hart,29,NYK,SG,23,23,857,18.0,.700,.378,.234,5.3,20.8,13.4,19.8,1.8,0.9,15.1,14.0,2.5,0.9,3.3,.187,2.5,1.2,3.7,1.2,,2025,2024-12-08 12:13:30
76,Christian Braun,23,DEN,SG,21,21,741,14.2,.656,.264,.349,3.6,11.4,7.6,6.8,1.7,1.8,11.2,15.7,1.2,0.5,1.7,.108,-0.4,-0.6,-0.9,0.2,,2025,2024-12-08 12:13:30
77,Moritz Wagner,27,ORL,C,25,1,481,21.6,.637,.296,.418,8.6,23.9,16.0,13.1,2.0,2.2,14.6,26.6,0.8,1.0,1.8,.179,1.8,1.1,2.9,0.6,,2025,2024-12-08 12:13:30
78,Austin Reaves,26,LAL,SG,19,19,641,14.1,.573,.564,.248,2.7,9.3,6.0,21.1,1.5,0.6,13.4,21.9,0.5,0.1,0.7,.050,0.0,-2.0,-1.9,0.0,,2025,2024-12-08 12:13:30
79,Santi Aldama,24,MEM,PF,24,11,652,17.6,.609,.406,.115,6.9,21.5,14.5,15.8,1.6,1.4,10.8,17.7,1.3,1.1,2.3,.170,2.1,1.0,3.1,0.8,,2025,2024-12-08 12:13:30
80,Ayo Dosunmu,25,CHI,SG,24,11,713,14.1,.595,.401,.203,2.4,11.0,6.8,20.5,1.1,1.4,10.4,16.8,1.3,0.2,1.4,.097,-0.3,-1.0,-1.3,0.1,,2025,2024-12-08 12:13:30
81,Buddy Hield,32,GSW,SG,22,2,505,15.2,.608,.671,.108,2.8,12.8,7.7,9.7,1.5,0.9,9.7,22.9,0.6,0.7,1.3,.122,1.7,-0.3,1.4,0.4,,2025,2024-12-08 12:13:30
82,Jimmy Butler,35,MIA,PF,16,16,510,24.3,.656,.128,.661,8.5,10.2,9.4,24.0,1.8,1.2,8.6,21.8,2.2,0.5,2.7,.256,4.9,0.7,5.6,1.0,,2025,2024-12-08 12:13:30
83,Ja Morant,25,MEM,PG,14,14,394,21.7,.574,.283,.426,2.2,13.6,8.1,44.9,1.6,1.2,16.4,32.3,0.8,0.5,1.4,.166,4.2,-0.2,4.0,0.6,,2025,2024-12-08 12:13:30
84,Jamal Murray,27,DEN,PG,17,17,613,14.7,.528,.385,.257,1.6,10.3,6.0,24.0,1.8,1.5,10.1,21.9,0.6,0.4,1.0,.078,-0.2,-0.8,-1.1,0.2,,2025,2024-12-08 12:13:30
85,Keegan Murray,24,SAC,PF,24,24,885,10.7,.514,.487,.113,7.6,16.4,12.1,5.8,0.9,2.3,8.3,15.4,0.4,0.7,1.1,.062,-1.7,-1.5,-3.2,-0.3,,2025,2024-12-08 12:13:30
86,Dyson Daniels,21,ATL,SG,22,22,742,13.5,.508,.314,.119,5.1,10.6,7.8,13.2,4.2,2.5,11.5,17.9,0.0,1.0,1.0,.067,-2.7,2.3,-0.3,0.3,,2025,2024-12-08 12:13:30
87,Jonathan Kuminga,22,GSW,PF,20,7,478,14.4,.516,.294,.306,4.4,13.5,8.9,12.0,2.0,2.0,9.5,27.4,-0.1,0.8,0.6,.064,-1.3,-0.1,-1.4,0.1,,2025,2024-12-08 12:13:30
88,Daniel Gafford,26,DAL,C,23,12,484,26.6,.740,.000,.387,15.0,18.7,16.9,9.2,1.3,5.6,10.1,19.1,2.1,0.7,2.9,.284,4.1,0.9,5.0,0.9,,2025,2024-12-08 12:13:30
89,Julian Champagnie,23,SAS,SF,23,23,676,13.2,.599,.716,.173,3.2,15.4,9.4,7.9,1.4,1.9,9.4,16.9,0.7,0.6,1.3,.089,0.1,-0.6,-0.5,0.3,,2025,2024-12-08 12:13:30
90,Dillon Brooks,29,HOU,SF,23,23,706,9.6,.536,.490,.134,4.0,8.0,6.0,6.6,0.9,0.6,7.9,16.9,0.5,0.9,1.5,.099,-2.3,-0.1,-2.4,0.0,,2025,2024-12-08 12:13:30
91,Josh Giddey,22,CHI,PG,24,24,647,15.1,.529,.358,.239,4.8,19.3,12.1,33.4,1.3,1.3,18.5,21.2,0.5,0.3,0.8,.062,0.4,-0.5,-0.1,0.3,,2025,2024-12-08 12:13:30
92,Jaylen Wells,21,MEM,SG,24,19,591,11.7,.584,.533,.182,4.2,9.9,7.2,9.2,0.8,0.8,11.3,18.7,0.5,0.6,1.1,.091,-0.7,-1.2,-1.8,0.0,,2025,2024-12-08 12:13:30
93,Keldon Johnson,25,SAS,SF,22,0,573,14.0,.541,.380,.269,4.8,18.0,11.4,9.0,1.4,0.8,6.1,20.9,0.5,0.5,1.0,.082,-1.3,-1.1,-2.3,0.0,,2025,2024-12-08 12:13:30
94,Naz Reid,25,MIN,C,22,0,548,16.3,.604,.514,.185,3.2,20.3,11.9,10.2,1.7,2.9,10.0,20.8,0.7,1.0,1.7,.146,0.2,1.5,1.7,0.5,,2025,2024-12-08 12:13:30
95,Zaccharie Risacher,19,ATL,SF,24,22,576,11.2,.507,.442,.241,5.2,10.6,7.9,7.3,1.7,3.0,8.9,21.2,-0.1,0.4,0.3,.028,-2.8,-1.2,-4.0,-0.3,,2025,2024-12-08 12:13:30
96,Malik Monk,26,SAC,SG,17,4,484,18.4,.603,.505,.236,0.7,13.5,7.2,23.9,1.3,1.7,8.4,22.4,1.2,0.4,1.6,.155,3.2,-0.4,2.7,0.6,,2025,2024-12-08 12:13:30
97,Ochai Agbaji,24,TOR,SG,24,22,739,12.6,.641,.459,.098,3.2,11.6,7.4,9.0,1.6,1.8,9.3,13.2,1.1,0.4,1.5,.096,-0.2,0.2,0.0,0.4,,2025,2024-12-08 12:13:30
98,Scottie Barnes,23,TOR,PF,13,13,442,20.2,.549,.347,.306,7.2,20.8,14.0,35.8,2.0,2.2,16.2,27.8,0.5,0.4,0.9,.099,4.3,0.8,5.1,0.8,,2025,2024-12-08 12:13:30
99,Kelly Oubre Jr.,29,PHI,SF,21,18,653,11.7,.529,.397,.186,5.0,14.8,9.5,7.3,1.9,1.6,9.8,19.2,0.1,0.6,0.7,.051,-2.1,-0.5,-2.5,-0.1,,2025,2024-12-08 12:13:30
100,Deni Avdija,24,POR,SF,23,12,615,14.1,.539,.414,.377,4.9,19.9,12.0,17.4,1.9,2.9,15.8,20.0,0.2,0.5,0.8,.062,-0.6,0.2,-0.3,0.3,,2025,2024-12-08 12:13:30
101,Stephon Castle,20,SAS,PG,23,16,624,10.5,.482,.402,.324,3.1,6.9,5.0,20.9,1.6,1.4,12.8,22.0,-0.2,0.4,0.1,.011,-3.1,-1.3,-4.4,-0.4,,2025,2024-12-08 12:13:30
102,D'Angelo Russell,28,LAL,PG,22,10,595,12.8,.536,.530,.167,1.3,9.4,5.4,25.4,1.6,0.5,13.4,21.4,0.2,0.1,0.4,.030,-1.0,-2.0,-2.9,-0.1,,2025,2024-12-08 12:13:30
103,Jrue Holiday,34,BOS,PG,21,21,656,13.4,.561,.557,.178,4.0,11.1,7.5,18.0,1.2,1.1,11.6,17.6,0.9,0.6,1.5,.113,0.1,-0.2,-0.1,0.3,,2025,2024-12-08 12:13:30
104,Amen Thompson,22,HOU,SF,23,1,607,16.9,.601,.150,.500,8.5,18.8,13.6,10.5,2.1,3.1,15.1,17.5,0.8,1.3,2.2,.170,0.0,2.4,2.4,0.7,,2025,2024-12-08 12:13:30
105,Jabari Smith Jr.,21,HOU,PF,23,23,686,12.5,.558,.505,.208,6.1,17.7,11.8,3.9,0.5,2.7,5.6,14.9,0.9,1.2,2.1,.147,-0.8,0.4,-0.4,0.3,,2025,2024-12-08 12:13:30
106,Tyus Jones,28,PHO,PG,22,22,707,16.0,.596,.559,.076,2.2,6.8,4.5,31.3,1.9,0.3,9.5,15.1,1.8,0.3,2.1,.141,1.8,-0.6,1.2,0.6,,2025,2024-12-08 12:13:30
107,Klay Thompson,34,DAL,SF,20,20,552,11.5,.525,.640,.084,3.0,10.4,6.8,8.9,1.1,1.1,8.2,20.6,0.2,0.5,0.7,.062,0.3,-1.5,-1.1,0.1,,2025,2024-12-08 12:13:30
108,Dalton Knecht,23,LAL,SF,23,11,561,13.4,.612,.619,.109,2.9,12.8,7.8,7.1,1.0,0.2,4.9,17.4,0.8,0.1,0.9,.076,0.5,-2.4,-1.9,0.0,,2025,2024-12-08 12:13:30
109,Bobby Portis,29,MIL,PF,21,1,492,15.8,.505,.278,.106,9.1,25.6,17.7,10.6,1.1,1.9,9.2,25.3,-0.1,0.6,0.5,.053,-1.1,-1.7,-2.8,-0.1,,2025,2024-12-08 12:13:30
110,Shaedon Sharpe,21,POR,SG,15,13,455,13.2,.538,.435,.285,2.7,8.8,5.6,12.5,1.4,0.6,10.7,24.5,0.2,0.1,0.3,.029,-0.8,-2.4,-3.2,-0.1,,2025,2024-12-08 12:13:30
111,Jonas Valančiūnas,32,WAS,C,21,5,424,22.7,.635,.050,.307,12.1,29.2,20.5,18.6,0.9,3.8,15.4,23.5,0.9,0.3,1.2,.131,2.4,-0.4,1.9,0.4,,2025,2024-12-08 12:13:30
112,Ty Jerome,27,CLE,SG,23,2,420,22.6,.695,.407,.234,3.3,8.6,6.0,25.6,3.3,0.2,13.6,21.9,1.5,0.6,2.1,.238,3.6,1.4,5.0,0.7,,2025,2024-12-08 12:13:30
113,Brook Lopez,36,MIL,C,22,22,729,14.0,.590,.574,.158,4.5,11.8,8.3,7.2,1.7,6.5,10.0,14.5,0.7,0.9,1.6,.107,-0.3,1.3,1.0,0.5,,2025,2024-12-08 12:13:30
114,Scotty Pippen Jr.,24,MEM,PG,24,9,561,14.4,.555,.343,.242,2.9,12.9,8.1,29.1,2.1,1.3,17.0,19.8,0.6,0.8,1.4,.122,-1.2,1.1,-0.1,0.3,,2025,2024-12-08 12:13:30
115,Brandon Boston Jr.,23,NOP,SG,21,10,580,13.7,.532,.391,.209,2.7,12.4,7.3,19.4,2.7,0.8,12.3,19.5,0.3,0.3,0.6,.046,-1.8,-0.1,-1.9,0.0,,2025,2024-12-08 12:13:30
116,De'Andre Hunter,27,ATL,SF,13,2,364,17.8,.653,.470,.349,2.0,13.6,7.8,7.0,1.5,0.5,8.2,23.1,0.8,0.2,1.1,.141,1.7,-1.0,0.7,0.2,,2025,2024-12-08 12:13:30
117,Bradley Beal,31,PHO,SG,14,14,467,15.0,.588,.431,.195,2.4,11.4,7.0,16.2,1.7,1.8,12.0,22.8,0.4,0.3,0.7,.071,-0.6,-0.7,-1.3,0.1,,2025,2024-12-08 12:13:30
118,Tari Eason,23,HOU,PF,22,0,504,20.5,.554,.320,.209,10.0,19.1,14.5,7.2,4.4,4.1,8.2,19.9,0.8,1.4,2.2,.209,1.5,4.1,5.6,1.0,,2025,2024-12-08 12:13:30
119,Derrick Jones Jr.,27,LAC,SF,24,24,613,13.0,.602,.373,.161,5.4,9.9,7.6,5.6,2.6,0.8,11.6,16.4,0.6,0.9,1.5,.115,-1.2,0.9,-0.3,0.3,,2025,2024-12-08 12:13:30
120,Onyeka Okongwu,24,ATL,C,22,0,526,17.2,.609,.219,.337,10.3,18.8,14.5,9.1,1.3,3.0,8.9,17.2,1.1,0.5,1.6,.143,-0.2,-0.3,-0.5,0.2,,2025,2024-12-08 12:13:30
121,Harrison Barnes,32,SAS,PF,23,23,657,12.8,.621,.433,.380,6.5,10.5,8.5,8.1,0.4,0.7,8.3,14.2,1.2,0.2,1.4,.105,0.2,-1.8,-1.6,0.1,,2025,2024-12-08 12:13:30
122,Desmond Bane,26,MEM,SG,17,16,481,13.2,.538,.453,.179,3.2,18.5,11.1,19.4,1.6,1.5,14.9,22.5,0.1,0.8,0.9,.085,-1.2,0.5,-0.8,0.1,,2025,2024-12-08 12:13:30
123,T.J. McConnell,32,IND,PG,23,0,455,19.1,.581,.045,.119,3.3,11.9,7.6,31.8,3.3,1.0,15.6,23.8,0.5,0.4,0.8,.089,0.4,0.1,0.4,0.3,,2025,2024-12-08 12:13:30
124,Clint Capela,30,ATL,C,24,24,549,19.9,.589,.000,.257,16.8,26.6,21.7,8.6,1.4,4.3,8.4,16.7,1.2,0.7,1.9,.164,0.8,-0.7,0.1,0.3,,2025,2024-12-08 12:13:30
125,Amir Coffey,27,LAC,SG,24,7,576,12.9,.631,.525,.220,2.9,9.2,6.0,8.0,1.2,0.2,8.1,15.8,1.0,0.6,1.6,.131,0.1,-0.2,-0.2,0.3,,2025,2024-12-08 12:13:30
126,P.J. Washington,26,DAL,PF,19,18,619,14.6,.555,.385,.256,5.4,21.6,13.8,10.0,1.9,3.3,12.5,16.9,0.5,1.0,1.5,.118,0.0,1.3,1.3,0.5,,2025,2024-12-08 12:13:30
127,Russell Westbrook,36,DEN,PG,21,4,514,15.2,.496,.372,.382,3.7,14.6,9.2,33.9,3.0,2.3,16.9,23.9,0.1,0.6,0.7,.063,-0.6,0.6,0.0,0.3,,2025,2024-12-08 12:13:30
128,Rudy Gobert,32,MIN,C,22,22,750,16.4,.705,.000,.559,11.6,25.4,18.6,8.6,1.0,3.8,17.9,12.1,1.7,1.4,3.1,.197,-0.7,1.6,0.9,0.6,,2025,2024-12-08 12:13:30
129,Chris Paul,39,SAS,PG,23,23,662,17.3,.590,.636,.187,2.3,12.3,7.4,42.0,2.4,0.7,16.8,15.8,1.6,0.6,2.2,.162,1.6,0.4,2.0,0.7,,2025,2024-12-08 12:13:30
130,Royce O'Neale,31,PHO,SF,22,4,564,15.2,.597,.651,.113,5.8,20.0,13.1,12.0,1.9,2.3,10.1,17.0,0.7,0.6,1.3,.112,1.2,0.4,1.6,0.5,,2025,2024-12-08 12:13:30
131,Bilal Coulibaly,20,WAS,SF,20,20,698,10.9,.529,.337,.337,4.8,11.7,8.2,12.3,2.1,1.8,14.5,15.2,0.1,0.2,0.2,.017,-2.8,-0.5,-3.3,-0.2,,2025,2024-12-08 12:13:30
132,Naji Marshall,27,DAL,SF,20,7,482,15.9,.621,.298,.199,5.3,9.5,7.5,14.0,1.9,0.4,13.5,18.8,0.8,0.5,1.3,.131,0.6,0.0,0.6,0.3,,2025,2024-12-08 12:13:30
133,Obi Toppin,26,IND,PF,23,0,460,17.6,.642,.450,.148,4.3,17.8,11.1,13.2,1.4,2.0,8.6,18.5,1.0,0.3,1.2,.126,2.0,-0.8,1.3,0.4,,2025,2024-12-08 12:13:30
134,Chris Boucher,32,TOR,PF,23,0,413,16.9,.557,.475,.279,7.9,19.4,13.6,5.1,1.4,3.9,7.2,22.2,0.5,0.4,0.9,.101,1.5,-1.0,0.5,0.2,,2025,2024-12-08 12:13:30
135,Deandre Ayton,26,POR,C,16,16,479,16.4,.578,.090,.112,8.8,26.2,17.1,7.0,1.4,2.4,12.8,19.5,0.3,0.5,0.8,.076,-0.9,-1.5,-2.4,0.0,,2025,2024-12-08 12:13:30
136,Terry Rozier,30,MIA,PG,19,12,544,11.0,.534,.515,.177,2.2,10.6,6.4,16.1,1.0,1.3,12.7,19.6,0.1,0.4,0.5,.045,-2.1,-1.4,-3.5,-0.2,,2025,2024-12-08 12:13:30
137,Luguentz Dort,25,OKC,SF,23,23,673,12.1,.563,.654,.154,5.2,11.2,8.2,8.0,1.9,3.0,6.5,13.6,0.8,1.2,2.1,.148,-0.9,1.1,0.2,0.4,,2025,2024-12-08 12:13:30
138,CJ McCollum,33,NOP,PG,11,11,368,16.1,.518,.463,.158,2.5,10.2,6.2,20.0,2.1,1.5,6.9,26.8,0.2,0.1,0.3,.039,0.6,-1.6,-1.0,0.1,,2025,2024-12-08 12:13:30
139,Dalano Banton,25,POR,PG,21,0,364,16.4,.541,.412,.280,2.0,13.5,7.5,25.3,2.8,3.1,15.7,27.5,0.0,0.3,0.3,.039,1.8,0.2,1.9,0.4,,2025,2024-12-08 12:13:30
140,Jay Huff,26,MEM,C,24,1,368,19.6,.686,.646,.271,3.9,14.3,9.3,7.5,0.9,8.1,8.5,19.3,0.9,0.6,1.5,.199,3.2,1.6,4.7,0.6,,2025,2024-12-08 12:13:30
141,Jaden McDaniels,24,MIN,PF,22,22,655,9.8,.520,.429,.131,4.6,9.4,7.1,8.7,1.8,2.4,10.3,15.6,0.1,1.0,1.1,.078,-3.1,1.1,-2.0,0.0,,2025,2024-12-08 12:13:30
142,Aaron Wiggins,26,OKC,SG,23,8,480,14.4,.552,.455,.079,5.3,13.3,9.3,10.7,2.1,1.5,9.2,19.3,0.4,0.9,1.3,.126,0.2,0.2,0.4,0.3,,2025,2024-12-08 12:13:30
143,Rui Hachimura,26,LAL,PF,18,18,578,13.8,.599,.371,.192,6.7,12.4,9.6,7.3,1.3,1.8,5.7,14.6,1.0,0.2,1.2,.096,0.1,-1.5,-1.3,0.1,,2025,2024-12-08 12:13:30
144,Tim Hardaway Jr.,32,DET,SG,22,22,608,8.7,.568,.663,.227,0.6,7.0,3.8,7.8,0.5,0.0,6.9,14.3,0.6,0.2,0.8,.063,-2.0,-1.4,-3.4,-0.2,,2025,2024-12-08 12:13:30
145,Guerschon Yabusele,29,PHI,PF,21,8,525,14.7,.606,.532,.253,8.3,19.3,13.4,13.1,1.4,2.0,14.2,17.2,0.7,0.5,1.2,.110,0.2,-0.2,0.1,0.3,,2025,2024-12-08 12:13:30
146,Caris LeVert,30,CLE,SF,18,0,436,18.1,.655,.465,.317,2.4,10.8,6.7,22.1,1.9,1.7,13.4,18.5,1.1,0.5,1.6,.180,2.6,0.9,3.5,0.6,,2025,2024-12-08 12:13:30
147,Duncan Robinson,30,MIA,SF,20,9,451,11.6,.544,.704,.069,1.9,8.9,5.4,15.7,1.1,0.7,7.6,20.4,0.3,0.3,0.6,.067,-0.9,-1.4,-2.3,0.0,,2025,2024-12-08 12:13:30
148,Alex Sarr,19,WAS,C,20,20,536,11.9,.462,.421,.211,8.2,16.9,12.5,11.0,1.3,6.2,10.9,19.9,-0.4,0.3,-0.2,-0.014,-3.2,-0.9,-4.0,-0.3,,2025,2024-12-08 12:13:30
149,Toumani Camara,24,POR,PF,23,23,689,10.2,.528,.519,.135,7.3,10.8,9.0,10.3,2.3,1.1,15.2,13.8,0.2,0.4,0.6,.042,-2.0,-0.2,-2.2,0.0,,2025,2024-12-08 12:13:30
150,Corey Kispert,25,WAS,SF,19,0,525,8.9,.532,.609,.130,1.4,11.9,6.6,7.8,1.1,0.5,9.7,17.1,-0.1,-0.1,-0.2,-0.016,-3.0,-2.6,-5.5,-0.5,,2025,2024-12-08 12:13:30
151,Jake LaRavia,23,MEM,PF,24,0,560,14.7,.611,.368,.389,6.8,14.2,10.7,18.9,1.6,2.8,16.4,14.5,1.0,0.8,1.8,.157,0.4,1.8,2.3,0.6,,2025,2024-12-08 12:13:30
152,Yves Missi,20,NOP,C,23,17,572,17.1,.577,.000,.450,14.7,20.2,17.3,7.6,1.4,4.6,13.1,15.2,0.8,0.4,1.2,.098,-1.3,-1.4,-2.8,-0.1,,2025,2024-12-08 12:13:30
153,Jalen Duren,21,DET,C,23,23,550,17.7,.675,.000,.541,14.5,26.8,20.8,14.3,0.8,5.0,23.0,15.3,1.0,0.8,1.7,.152,-1.1,1.3,0.2,0.3,,2025,2024-12-08 12:13:30
154,Nickeil Alexander-Walker,26,MIN,SG,22,2,529,13.0,.641,.562,.192,3.3,9.5,6.5,15.9,1.9,1.4,17.2,15.9,0.6,0.7,1.4,.124,-0.4,1.4,1.0,0.4,,2025,2024-12-08 12:13:30
155,Anthony Black,21,ORL,PG,25,1,597,9.8,.508,.365,.347,2.4,11.0,6.6,24.1,1.8,3.1,22.5,18.4,-0.5,1.0,0.6,.045,-3.7,1.1,-2.6,-0.1,,2025,2024-12-08 12:13:30
156,Kentavious Caldwell-Pope,31,ORL,SG,24,24,722,9.4,.539,.680,.169,1.4,7.3,4.3,8.4,2.7,1.9,9.3,12.3,0.3,1.2,1.5,.101,-3.6,2.4,-1.2,0.1,,2025,2024-12-08 12:13:30
157,Miles McBride,24,NYK,PG,18,0,462,14.1,.612,.592,.158,2.6,8.8,5.8,14.0,1.8,1.1,10.5,17.3,0.8,0.3,1.1,.114,1.0,-0.2,0.8,0.3,,2025,2024-12-08 12:13:30
158,Jalen Wilson,24,BRK,PF,22,6,549,10.5,.591,.547,.267,4.9,12.7,8.7,9.7,0.7,0.2,10.7,15.3,0.6,0.2,0.8,.069,-1.6,-1.4,-3.0,-0.1,,2025,2024-12-08 12:13:30
159,Grayson Allen,29,PHO,SG,18,1,431,13.1,.590,.758,.275,2.4,10.6,6.6,11.9,1.5,1.3,10.7,19.2,0.4,0.2,0.7,.073,0.2,-1.3,-1.0,0.1,,2025,2024-12-08 12:13:30
160,Carlton Carrington,19,WAS,PG,21,13,597,8.9,.513,.522,.139,0.9,14.1,7.4,20.9,1.6,0.9,17.3,16.1,-0.3,0.1,-0.2,-0.014,-4.1,-1.0,-5.2,-0.5,,2025,2024-12-08 12:13:30
161,Georges Niang,31,CLE,PF,24,1,483,10.1,.574,.663,.066,3.1,17.0,10.3,7.7,0.8,0.9,12.3,17.4,0.1,0.5,0.7,.065,-2.3,-0.9,-3.2,-0.2,,2025,2024-12-08 12:13:30
162,Jordan Clarkson,32,UTA,SG,13,2,338,13.8,.502,.460,.264,3.3,12.9,8.2,24.1,1.6,0.3,11.8,27.3,0.1,0.1,0.1,.019,-0.6,-1.9,-2.5,0.0,,2025,2024-12-08 12:13:30
163,Kevin Huerter,26,SAC,SG,21,15,539,10.4,.528,.663,.084,1.7,13.3,7.6,10.6,1.9,2.1,10.2,16.5,0.0,0.5,0.6,.051,-2.4,-0.2,-2.6,-0.1,,2025,2024-12-08 12:13:30
164,Peyton Watson,22,DEN,SF,21,12,530,11.8,.583,.333,.286,4.2,10.3,7.3,6.9,1.5,3.4,9.8,14.6,0.5,0.4,0.9,.080,-1.8,-0.4,-2.2,0.0,,2025,2024-12-08 12:13:30
165,Cody Martin,29,CHO,SF,23,4,595,12.6,.530,.491,.192,4.4,16.6,10.2,14.0,2.0,3.0,10.8,14.5,0.5,0.6,1.1,.087,-1.4,1.0,-0.4,0.2,,2025,2024-12-08 12:13:30
166,Quentin Grimes,24,DAL,SG,22,7,450,13.1,.629,.578,.281,3.2,15.3,9.5,9.4,1.7,1.0,14.6,16.7,0.5,0.5,1.1,.113,-0.1,0.1,0.0,0.2,,2025,2024-12-08 12:13:30
167,Trey Murphy III,24,NOP,SF,11,9,360,14.0,.548,.547,.220,2.9,12.4,7.4,11.1,1.8,1.8,9.4,22.6,0.2,0.1,0.3,.044,-0.1,-1.3,-1.4,0.1,,2025,2024-12-08 12:13:30
168,Isaiah Joe,25,OKC,SG,21,9,456,12.4,.571,.790,.062,2.8,10.6,6.7,10.2,1.6,1.1,5.7,16.4,0.5,0.7,1.3,.135,0.0,0.0,0.1,0.2,,2025,2024-12-08 12:13:30
169,Kyle Kuzma,29,WAS,PF,12,12,330,9.8,.487,.320,.177,2.5,19.3,10.8,11.7,0.7,0.8,12.9,28.2,-0.7,0.0,-0.7,-0.104,-3.7,-3.0,-6.6,-0.4,,2025,2024-12-08 12:13:30
170,Taurean Prince,30,MIL,SF,22,22,606,11.5,.685,.609,.098,2.8,14.1,8.6,9.1,1.5,0.8,15.3,11.9,0.8,0.5,1.3,.102,-0.9,0.0,-0.9,0.2,,2025,2024-12-08 12:13:30
171,Donte DiVincenzo,28,MIN,SG,22,2,561,9.7,.495,.783,.087,1.7,12.0,6.9,20.4,2.5,1.0,16.6,17.9,-0.3,0.9,0.6,.054,-2.6,1.5,-1.0,0.1,,2025,2024-12-08 12:13:30
172,Scoot Henderson,20,POR,PG,16,3,424,10.6,.504,.301,.265,2.7,9.4,5.9,31.4,1.7,0.4,20.9,22.8,-0.3,0.1,-0.2,-0.018,-2.8,-2.1,-4.8,-0.3,,2025,2024-12-08 12:13:30
173,Kevin Porter Jr.,24,LAC,SG,21,0,392,10.1,.459,.263,.188,4.0,17.2,10.5,23.5,2.3,1.8,19.6,27.5,-1.0,0.6,-0.3,-0.042,-4.5,0.1,-4.4,-0.2,,2025,2024-12-08 12:13:30
174,Julian Strawther,22,DEN,SG,21,0,436,11.0,.582,.503,.252,1.8,8.6,5.2,8.6,2.0,1.9,10.2,17.1,0.3,0.3,0.6,.069,-2.4,-0.4,-2.8,-0.1,,2025,2024-12-08 12:13:30
175,Tre Mann,23,CHO,PG,13,0,319,14.0,.537,.373,.130,4.0,9.3,6.5,21.3,1.1,1.3,12.8,26.0,0.2,0.1,0.3,.042,-0.2,-2.1,-2.3,0.0,,2025,2024-12-08 12:13:30
176,Ziaire Williams,23,BRK,SF,21,7,459,11.0,.507,.415,.277,5.6,18.7,11.9,7.9,2.2,1.5,9.6,19.2,0.0,0.4,0.4,.040,-3.7,-0.3,-3.9,-0.2,,2025,2024-12-08 12:13:30
177,Paul George,34,PHI,PF,11,11,332,16.6,.529,.468,.240,2.9,18.1,10.0,31.0,3.3,0.9,15.8,26.8,0.0,0.5,0.5,.066,1.2,1.3,2.4,0.4,,2025,2024-12-08 12:13:30
178,Spencer Dinwiddie,31,DAL,PG,22,0,469,13.1,.597,.625,.391,1.0,7.6,4.4,17.7,1.3,1.1,9.1,14.8,1.0,0.4,1.4,.144,0.2,0.1,0.2,0.3,,2025,2024-12-08 12:13:30
179,Draymond Green,34,GSW,PF,20,19,568,13.4,.568,.563,.363,3.4,19.5,11.4,27.7,1.8,3.3,22.3,14.7,0.5,1.0,1.5,.131,-0.8,2.9,2.1,0.6,,2025,2024-12-08 12:13:30
180,Gary Trent Jr.,26,MIL,SG,20,7,522,8.5,.557,.664,.118,0.6,8.3,4.6,5.2,1.7,0.0,6.4,14.4,0.2,0.3,0.5,.049,-3.5,-0.5,-4.0,-0.3,,2025,2024-12-08 12:13:30
181,Walker Kessler,23,UTA,C,16,16,463,21.5,.721,.000,.437,15.6,25.8,20.8,7.3,0.8,9.5,15.8,13.2,1.2,0.5,1.7,.174,1.4,1.6,3.0,0.6,,2025,2024-12-08 12:13:30
182,Miles Bridges,26,CHO,PF,11,11,331,15.9,.548,.473,.226,2.5,22.2,11.9,16.5,1.1,1.5,8.5,22.6,0.4,0.3,0.7,.100,1.3,-0.9,0.5,0.2,,2025,2024-12-08 12:13:30
183,Caleb Martin,29,PHI,SF,19,15,569,9.6,.501,.345,.392,5.2,13.9,9.2,11.9,1.7,1.6,16.4,16.1,-0.2,0.5,0.3,.022,-2.8,-0.4,-3.3,-0.2,,2025,2024-12-08 12:13:30
184,Al Horford,38,BOS,C,18,17,512,13.4,.633,.739,.045,3.4,17.2,10.2,11.5,1.3,2.9,12.2,13.1,0.7,0.7,1.4,.132,1.0,1.3,2.3,0.5,,2025,2024-12-08 12:13:30
185,Jeremiah Robinson-Earl,24,NOP,PF,24,4,488,13.4,.543,.426,.176,11.1,16.4,13.6,8.8,1.7,0.4,11.6,15.6,0.5,0.1,0.6,.061,-1.0,-2.0,-3.1,-0.1,,2025,2024-12-08 12:13:30
186,A.J. Green,25,MIL,SG,21,3,433,11.6,.699,.908,.050,1.0,10.0,5.6,6.4,1.3,0.2,9.7,13.7,0.7,0.3,0.9,.105,-0.4,-0.5,-0.8,0.1,,2025,2024-12-08 12:13:30
187,Dereck Lively II,20,DAL,C,19,12,439,20.5,.689,.000,.505,14.7,19.9,17.4,13.1,1.2,6.3,15.1,14.0,1.4,0.7,2.1,.225,1.7,2.4,4.0,0.7,,2025,2024-12-08 12:13:30
188,Sam Hauser,27,BOS,PF,20,2,443,12.8,.596,.830,.014,4.0,12.8,8.4,6.6,1.8,1.0,5.3,14.6,0.6,0.5,1.1,.121,0.6,0.0,0.5,0.3,,2025,2024-12-08 12:13:30
189,Moses Moody,22,GSW,SG,22,4,353,10.9,.566,.597,.261,2.9,9.3,6.0,8.0,0.8,1.6,10.8,19.7,0.2,0.4,0.6,.075,-1.6,-1.0,-2.6,-0.1,,2025,2024-12-08 12:13:30
190,Brandin Podziemski,21,GSW,SG,21,8,521,9.9,.461,.447,.165,4.1,16.5,10.2,18.6,1.6,1.3,13.3,16.7,-0.1,0.8,0.7,.064,-3.4,0.7,-2.7,-0.1,,2025,2024-12-08 12:13:30
191,Trayce Jackson-Davis,24,GSW,C,22,18,373,18.3,.600,.008,.238,10.3,18.9,14.6,17.7,0.8,3.5,11.5,17.5,0.8,0.6,1.3,.172,0.8,1.2,2.0,0.4,,2025,2024-12-08 12:13:30
192,Grant Williams,26,CHO,PF,16,7,479,11.9,.596,.602,.301,4.0,15.3,9.4,11.4,1.9,2.7,16.7,14.9,0.4,0.4,0.8,.082,-1.9,0.4,-1.5,0.1,,2025,2024-12-08 12:13:30
193,Brandon Clarke,28,MEM,PF,23,14,421,16.0,.623,.129,.153,9.9,17.3,13.7,7.0,2.0,2.2,6.4,13.5,0.9,0.7,1.6,.179,-0.8,1.2,0.4,0.3,,2025,2024-12-08 12:13:30
194,Jalen Smith,24,CHI,C,21,0,305,18.2,.589,.560,.272,10.6,26.8,18.8,6.8,1.2,3.9,9.1,21.0,0.5,0.3,0.8,.121,0.6,-1.6,-1.0,0.1,,2025,2024-12-08 12:13:30
195,Chet Holmgren,22,OKC,C,10,10,265,22.6,.619,.333,.441,6.4,28.0,17.2,11.0,1.5,10.0,14.8,25.0,0.4,0.7,1.1,.199,2.1,3.5,5.6,0.5,,2025,2024-12-08 12:13:30
196,Goga Bitadze,25,ORL,C,20,17,447,19.3,.700,.079,.347,12.3,23.6,17.8,12.1,1.8,7.2,19.4,14.0,0.9,1.0,2.0,.211,-0.7,3.1,2.4,0.5,,2025,2024-12-08 12:13:30
197,Mike Conley,37,MIN,PG,18,18,460,13.0,.529,.698,.201,2.0,11.2,6.7,24.9,3.1,0.8,15.1,17.0,0.4,0.8,1.2,.121,-1.4,2.1,0.7,0.3,,2025,2024-12-08 12:13:30
198,Dorian Finney-Smith,31,BRK,PF,15,15,435,12.5,.616,.680,.148,7.2,10.4,8.8,9.3,1.6,1.9,11.0,15.0,0.6,0.3,0.8,.091,0.2,-0.3,-0.1,0.2,,2025,2024-12-08 12:13:30
199,Davion Mitchell,26,TOR,PG,24,13,662,6.8,.461,.491,.176,2.1,7.0,4.5,23.9,1.6,0.7,21.9,13.7,-0.3,0.2,-0.1,-0.007,-4.6,-0.7,-5.3,-0.6,,2025,2024-12-08 12:13:30
200,Cason Wallace,21,OKC,SG,23,12,604,11.5,.500,.461,.045,4.9,8.8,6.9,10.3,3.3,2.7,7.6,12.0,0.3,1.2,1.6,.127,-2.3,2.7,0.4,0.4,,2025,2024-12-08 12:13:30
201,Kris Dunn,30,LAC,PG,24,13,543,11.4,.522,.483,.069,3.9,15.3,9.6,16.4,3.3,1.3,14.8,13.9,0.2,1.0,1.2,.102,-2.7,3.0,0.3,0.3,,2025,2024-12-08 12:13:30
202,Zach Edey,22,MEM,C,14,9,281,19.9,.653,.095,.314,16.7,19.4,18.1,5.6,2.0,4.6,16.1,20.4,0.5,0.5,1.0,.179,0.0,0.6,0.5,0.2,,2025,2024-12-08 12:13:30
203,Josh Green,24,CHO,SG,21,20,579,8.2,.559,.549,.113,3.6,6.7,5.1,9.0,1.4,1.0,10.3,11.4,0.5,0.2,0.7,.057,-3.5,-0.4,-3.9,-0.3,,2025,2024-12-08 12:13:30
204,Isaiah Stewart,23,DET,C,25,2,544,14.9,.626,.182,.300,12.1,19.1,15.7,11.9,1.2,5.7,18.4,12.0,0.9,0.7,1.7,.146,-1.6,1.9,0.3,0.3,,2025,2024-12-08 12:13:30
205,Nic Claxton,25,BRK,C,17,9,422,16.8,.632,.019,.358,8.8,28.4,18.3,14.2,1.2,5.0,15.2,15.3,0.6,0.5,1.1,.129,-0.3,1.9,1.6,0.4,,2025,2024-12-08 12:13:30
206,Jaime Jaquez Jr.,23,MIA,SF,17,1,370,13.2,.495,.250,.309,7.3,18.8,13.1,16.2,2.4,0.5,13.9,21.2,-0.1,0.5,0.4,.057,-2.6,0.2,-2.4,0.0,,2025,2024-12-08 12:13:30
207,Jeremy Sochan,21,SAS,PF,10,8,281,17.7,.556,.142,.317,12.4,20.3,16.4,15.8,1.6,1.3,12.8,23.9,0.3,0.3,0.6,.098,0.8,-0.2,0.6,0.2,,2025,2024-12-08 12:13:30
208,Aaron Gordon,29,DEN,PF,10,9,303,18.2,.672,.313,.385,7.7,15.2,11.5,15.1,0.9,0.6,11.1,17.6,0.9,0.2,1.0,.162,3.7,-0.8,3.0,0.4,,2025,2024-12-08 12:13:30
209,Javonte Green,31,NOP,SG,24,12,560,10.7,.543,.443,.320,4.4,11.2,7.7,5.0,2.4,2.8,9.1,11.6,0.3,0.3,0.6,.051,-2.7,0.0,-2.7,-0.1,,2025,2024-12-08 12:13:30
210,Tristan Da Silva,23,ORL,SF,21,14,488,9.4,.517,.522,.116,4.4,14.0,9.0,9.9,0.8,0.6,7.0,13.9,0.3,0.6,0.9,.090,-2.2,-0.1,-2.2,0.0,,2025,2024-12-08 12:13:30
211,Patrick Williams,23,CHI,PF,15,15,433,9.1,.517,.534,.188,4.0,14.3,9.2,10.1,1.6,1.6,16.8,16.6,-0.2,0.2,0.0,-0.004,-2.4,-0.9,-3.3,-0.1,,2025,2024-12-08 12:13:30
212,Garrison Mathews,28,ATL,SG,18,1,323,13.3,.682,.832,.305,1.0,5.3,3.1,10.6,1.9,0.9,8.5,14.7,0.7,0.2,0.9,.127,0.2,-0.4,-0.1,0.2,,2025,2024-12-08 12:13:30
213,Simone Fontecchio,29,DET,SF,23,0,416,9.2,.552,.675,.233,3.3,15.2,9.4,6.7,0.7,1.1,10.8,15.3,0.2,0.3,0.5,.058,-2.1,-0.8,-2.9,-0.1,,2025,2024-12-08 12:13:30
214,Paolo Banchero,22,ORL,PF,5,5,182,25.3,.590,.330,.608,7.4,21.1,14.0,28.7,0.8,2.1,8.2,32.0,0.6,0.3,0.9,.225,5.7,0.8,6.4,0.4,,2025,2024-12-08 12:13:30
215,Keon Ellis,25,SAC,SG,22,4,456,12.2,.653,.720,.250,4.1,6.7,5.4,6.2,2.7,4.2,14.0,12.2,0.5,0.5,1.0,.111,-0.1,1.3,1.2,0.4,,2025,2024-12-08 12:13:30
216,Andre Drummond,31,PHI,C,18,12,373,15.9,.539,.054,.438,15.7,32.2,23.4,4.3,3.5,2.2,19.8,19.7,-0.1,0.7,0.6,.077,-2.9,-0.1,-2.9,-0.1,,2025,2024-12-08 12:13:30
217,Jaden Hardy,22,DAL,SG,22,2,320,7.7,.500,.444,.188,1.4,8.5,5.1,11.4,2.1,0.3,17.7,23.1,-0.5,0.3,-0.1,-0.022,-5.5,-1.3,-6.8,-0.4,,2025,2024-12-08 12:13:30
218,Jordan Hawkins,22,NOP,SG,11,3,302,10.1,.516,.524,.246,1.7,14.0,7.6,7.1,0.5,1.2,9.1,21.5,0.0,0.0,0.0,-0.007,-2.5,-3.7,-6.2,-0.3,,2025,2024-12-08 12:13:30
219,Haywood Highsmith,28,MIA,SF,19,13,484,12.2,.630,.547,.179,3.6,9.0,6.3,6.4,2.5,3.2,8.0,11.2,0.6,0.6,1.2,.121,-1.7,1.3,-0.4,0.2,,2025,2024-12-08 12:13:30
220,Terance Mann,28,LAC,SG,23,11,484,10.9,.520,.367,.188,5.5,10.9,8.2,11.6,2.2,1.1,8.6,13.5,0.4,0.7,1.1,.106,-2.4,1.3,-1.2,0.1,,2025,2024-12-08 12:13:30
221,Kyshawn George,21,WAS,SG,19,6,497,7.3,.446,.651,.174,2.7,14.1,8.3,13.9,1.2,2.4,10.6,15.0,-0.4,0.1,-0.3,-0.027,-4.4,-1.2,-5.6,-0.5,,2025,2024-12-08 12:13:30
222,Jusuf Nurkić,30,PHO,C,16,16,385,12.0,.530,.420,.464,8.5,36.7,22.9,7.8,1.9,2.4,21.5,19.7,-0.4,0.6,0.2,.029,-4.2,0.2,-4.1,-0.2,,2025,2024-12-08 12:13:30
223,Devin Vassell,24,SAS,SG,8,0,188,20.9,.653,.480,.200,1.2,6.3,3.7,20.2,2.6,1.4,11.4,28.0,0.4,0.2,0.5,.133,3.2,-0.1,3.1,0.2,,2025,2024-12-08 12:13:30
224,Ron Holland,19,DET,SF,25,1,397,8.0,.499,.394,.220,4.0,17.0,10.7,6.8,1.5,1.2,15.7,17.8,-0.4,0.4,0.0,.004,-5.3,-0.4,-5.8,-0.4,,2025,2024-12-08 12:13:30
225,Sam Merrill,28,CLE,SG,20,1,396,10.1,.559,.867,.083,1.7,8.3,5.2,10.5,1.4,1.2,6.7,14.5,0.4,0.4,0.8,.095,-1.2,0.1,-1.1,0.1,,2025,2024-12-08 12:13:30
226,Cameron Payne,30,NYK,PG,17,0,303,16.4,.580,.591,.096,2.4,10.0,6.4,25.3,2.0,2.0,7.7,18.9,0.8,0.3,1.0,.159,1.7,0.4,2.1,0.3,,2025,2024-12-08 12:13:30
227,Zach Collins,27,SAS,C,23,4,338,14.9,.589,.350,.311,8.4,16.2,12.3,18.3,1.6,3.2,15.2,17.5,0.5,0.3,0.9,.123,-1.1,1.3,0.2,0.2,,2025,2024-12-08 12:13:30
228,Jonathan Isaac,27,ORL,PF,21,0,355,17.3,.543,.513,.248,11.7,20.9,16.2,2.1,2.5,8.3,6.7,16.4,0.4,0.9,1.3,.171,-0.6,1.9,1.3,0.3,,2025,2024-12-08 12:13:30
229,Zion Williamson,24,NOP,PF,6,6,186,19.9,.521,.058,.577,8.9,19.7,14.0,30.8,1.1,3.5,14.4,34.7,0.0,0.1,0.1,.027,0.5,-1.6,-1.1,0.0,,2025,2024-12-08 12:13:30
230,Jonathan Mogbo,23,TOR,PF,24,1,386,16.2,.570,.180,.420,14.4,14.8,14.6,14.0,2.6,2.7,15.7,15.1,0.6,0.4,1.0,.123,0.0,0.7,0.7,0.3,,2025,2024-12-08 12:13:30
231,Talen Horton-Tucker,24,CHI,SG,18,0,202,21.0,.680,.412,.341,4.3,13.5,8.9,20.4,0.9,1.7,10.1,22.4,0.7,0.1,0.7,.169,4.5,-1.5,3.0,0.3,,2025,2024-12-08 12:13:30
232,Ajay Mitchell,22,OKC,SG,23,0,373,11.1,.561,.277,.134,2.5,7.3,4.9,13.9,2.6,0.5,13.2,15.6,0.2,0.6,0.9,.109,-3.6,1.1,-2.4,0.0,,2025,2024-12-08 12:13:30
233,Jamison Battle,23,TOR,SF,23,0,311,13.0,.648,.753,.113,4.6,11.6,8.1,9.4,0.5,1.2,7.3,14.6,0.6,0.1,0.7,.108,1.4,-1.3,0.1,0.2,,2025,2024-12-08 12:13:30
234,Marcus Smart,30,MEM,PG,14,5,299,13.1,.506,.623,.307,4.7,7.4,6.1,25.2,3.2,1.9,18.3,21.3,0.1,0.5,0.5,.085,-1.0,0.9,-0.1,0.1,,2025,2024-12-08 12:13:30
235,Brice Sensabaugh,21,UTA,SF,16,0,266,11.9,.616,.616,.131,4.7,10.2,7.5,8.8,1.6,0.4,18.6,20.3,0.1,0.0,0.1,.019,-0.3,-1.6,-1.8,0.0,,2025,2024-12-08 12:13:30
236,Max Christie,21,LAL,SG,22,1,416,10.7,.561,.454,.402,3.9,8.8,6.3,8.6,2.0,2.0,10.9,13.5,0.3,0.2,0.5,.056,-2.4,-0.4,-2.8,-0.1,,2025,2024-12-08 12:13:30
237,Isaac Okoro,24,CLE,SG,21,14,439,11.7,.621,.574,.181,5.0,7.3,6.2,10.3,1.6,1.9,6.5,10.7,0.9,0.5,1.3,.143,-0.3,0.9,0.6,0.3,,2025,2024-12-08 12:13:30
238,Jarace Walker,21,IND,PF,24,1,436,9.8,.527,.538,.292,3.2,19.3,11.3,11.5,3.3,1.7,21.6,15.2,-0.4,0.5,0.1,.013,-3.2,0.9,-2.3,0.0,,2025,2024-12-08 12:13:30
239,Bogdan Bogdanović,32,ATL,SG,10,0,253,11.0,.561,.660,.165,2.9,12.7,7.8,11.4,1.8,1.2,14.0,20.5,0.0,0.2,0.2,.041,-2.2,-0.4,-2.6,0.0,,2025,2024-12-08 12:13:30
240,Malcolm Brogdon,32,WAS,PG,9,8,214,16.2,.590,.231,.352,4.4,15.1,9.7,17.4,0.9,1.3,11.8,23.1,0.3,0.0,0.3,.061,0.7,-1.2,-0.5,0.1,,2025,2024-12-08 12:13:30
241,Matas Buzelis,20,CHI,SF,23,0,280,10.9,.544,.515,.223,4.2,17.6,11.0,4.2,1.3,4.9,13.1,19.4,-0.1,0.2,0.1,.014,-3.6,-1.4,-5.0,-0.2,,2025,2024-12-08 12:13:30
242,Johnny Juzang,23,UTA,SG,18,0,303,10.5,.561,.731,.125,3.7,10.8,7.3,9.8,1.0,1.2,7.6,16.4,0.4,0.0,0.4,.060,-1.6,-1.6,-3.2,-0.1,,2025,2024-12-08 12:13:30
243,Malaki Branham,21,SAS,SG,18,0,233,11.1,.573,.427,.208,1.4,12.0,6.7,14.1,1.5,0.8,18.0,23.5,-0.2,0.2,0.0,.000,-1.8,-1.5,-3.3,-0.1,,2025,2024-12-08 12:13:30
244,KJ Martin,24,PHI,PF,18,3,341,14.5,.707,.192,.370,4.8,12.1,8.2,7.8,1.0,3.9,7.6,11.9,0.8,0.3,1.1,.157,-0.9,0.5,-0.3,0.1,,2025,2024-12-08 12:13:30
245,Neemias Queta,25,BOS,C,20,5,357,15.8,.670,.025,.304,11.3,20.9,16.1,5.9,0.5,5.0,12.7,12.4,0.8,0.5,1.3,.177,-1.3,0.7,-0.6,0.1,,2025,2024-12-08 12:13:30
246,Keon Johnson,22,BRK,SG,21,2,352,7.1,.462,.629,.089,4.3,17.4,10.7,10.1,1.4,2.0,12.9,18.8,-0.5,0.3,-0.2,-0.027,-4.6,-0.7,-5.3,-0.3,,2025,2024-12-08 12:13:30
247,Jose Alvarado,26,NOP,PG,11,7,282,14.3,.544,.594,.168,2.2,7.3,4.6,26.0,2.9,1.0,11.4,18.4,0.3,0.1,0.5,.078,-0.4,-0.5,-0.9,0.1,,2025,2024-12-08 12:13:30
248,Ryan Dunn,22,PHO,SF,19,9,339,8.4,.502,.645,.073,4.0,12.5,8.3,6.4,1.5,2.7,8.1,16.1,-0.1,0.2,0.1,.018,-3.7,-0.4,-4.2,-0.2,,2025,2024-12-08 12:13:30
249,Shake Milton,28,BRK,SG,19,0,311,12.5,.586,.461,.191,3.4,7.9,5.5,19.9,1.3,0.3,10.2,15.5,0.5,0.1,0.6,.090,-0.4,-0.9,-1.2,0.1,,2025,2024-12-08 12:13:30
250,Noah Clowney,20,BRK,PF,15,1,248,11.4,.542,.649,.223,6.5,16.3,11.3,6.2,1.0,3.7,9.6,20.6,0.0,0.2,0.2,.043,-2.1,-1.2,-3.4,-0.1,,2025,2024-12-08 12:13:30
251,Dejounte Murray,28,NOP,PG,7,7,226,12.5,.451,.370,.269,1.4,21.2,10.8,28.0,3.9,0.8,16.6,27.1,-0.4,0.2,-0.2,-0.038,-3.8,0.3,-3.5,-0.1,,2025,2024-12-08 12:13:30
252,Kyle Anderson,31,GSW,PF,21,0,315,14.5,.483,.330,.194,3.5,17.6,10.5,22.6,2.7,3.0,9.0,16.2,0.2,0.6,0.9,.133,-0.8,3.0,2.2,0.3,,2025,2024-12-08 12:13:30
253,Nikola Jović,21,MIA,PF,14,8,255,14.3,.564,.506,.230,3.4,18.7,11.1,10.6,2.5,0.4,7.7,17.8,0.3,0.4,0.6,.117,-1.3,0.7,-0.6,0.1,,2025,2024-12-08 12:13:30
254,Cole Anthony,24,ORL,PG,22,0,222,12.2,.524,.466,.364,4.0,20.0,11.7,27.4,2.0,0.4,19.7,24.9,-0.1,0.4,0.3,.060,-3.0,1.1,-1.9,0.0,,2025,2024-12-08 12:13:30
255,Dalen Terry,22,CHI,SG,24,0,332,9.7,.614,.365,.378,5.2,6.0,5.6,8.7,1.9,1.8,19.6,13.5,0.2,0.1,0.3,.045,-3.1,-0.6,-3.8,-0.1,,2025,2024-12-08 12:13:30
256,Lindy Waters III,27,GSW,SG,18,8,311,10.0,.534,.711,.052,2.6,11.2,6.9,9.5,1.4,1.5,4.8,13.9,0.3,0.4,0.7,.103,-2.4,0.5,-1.8,0.0,,2025,2024-12-08 12:13:30
257,Kevon Looney,28,GSW,C,20,3,328,18.7,.518,.000,.435,22.1,26.5,24.3,14.6,2.6,1.7,12.9,14.7,0.7,0.7,1.4,.205,-0.5,1.0,0.5,0.2,,2025,2024-12-08 12:13:30
258,Julian Phillips,21,CHI,SF,23,2,341,9.3,.524,.611,.233,6.0,9.5,7.8,4.0,2.2,1.5,8.3,13.2,0.1,0.2,0.3,.038,-2.7,-0.6,-3.3,-0.1,,2025,2024-12-08 12:13:30
259,Jamal Shead,22,TOR,PG,23,0,325,6.1,.459,.407,.111,0.7,6.4,3.5,27.0,1.5,0.6,20.9,18.3,-0.4,0.1,-0.3,-0.040,-5.4,-1.9,-7.3,-0.4,,2025,2024-12-08 12:13:30
260,Kristaps Porziņģis,29,BOS,C,5,5,143,24.3,.594,.473,.392,7.6,22.6,15.1,10.2,1.7,4.3,4.4,27.4,0.4,0.2,0.7,.227,3.7,0.2,3.9,0.2,,2025,2024-12-08 12:13:30
261,Seth Curry,34,CHO,SG,22,4,273,11.8,.607,.525,.113,3.5,9.2,6.2,4.5,1.6,1.5,6.7,14.0,0.4,0.2,0.5,.091,-0.8,-0.2,-1.0,0.1,,2025,2024-12-08 12:13:30
262,Kyle Filipowski,21,UTA,C,14,8,266,13.7,.575,.395,.382,5.5,21.7,13.7,16.9,1.5,0.7,13.6,16.2,0.3,0.1,0.4,.078,-0.7,-0.1,-0.9,0.1,,2025,2024-12-08 12:13:30
263,Marcus Sasser,24,DET,PG,16,0,211,16.8,.642,.421,.079,3.2,5.7,4.5,17.7,3.0,0.9,13.2,18.4,0.4,0.2,0.6,.134,0.5,0.8,1.3,0.2,,2025,2024-12-08 12:13:30
264,Gary Payton II,32,GSW,SG,22,2,279,14.6,.585,.284,.123,7.6,12.5,10.0,12.7,2.6,2.4,11.4,14.3,0.4,0.5,0.9,.147,-1.5,2.1,0.6,0.2,,2025,2024-12-08 12:13:30
265,Tidjane Salaün,19,CHO,PF,20,8,376,7.5,.457,.673,.188,5.0,19.2,11.8,7.2,1.6,0.8,12.8,14.2,-0.2,0.3,0.1,.014,-4.3,-0.3,-4.6,-0.2,,2025,2024-12-08 12:13:30
266,Donovan Clingan,20,POR,C,17,6,289,18.5,.578,.118,.289,19.3,23.7,21.4,2.6,1.5,12.1,16.6,14.7,0.3,0.4,0.8,.130,-1.9,1.5,-0.5,0.1,,2025,2024-12-08 12:13:30
267,Trey Lyles,29,SAC,PF,18,2,353,9.6,.504,.725,.154,4.9,17.8,11.5,6.2,1.4,3.2,9.3,13.1,0.1,0.4,0.4,.058,-1.7,-0.6,-2.4,0.0,,2025,2024-12-08 12:13:30
268,Jordan Miller,25,LAC,SF,13,0,196,13.8,.546,.238,.275,7.9,8.6,8.3,12.9,1.3,1.0,12.7,22.6,0.1,0.2,0.3,.081,-1.0,-1.1,-2.1,0.0,,2025,2024-12-08 12:13:30
269,Josh Okogie,26,PHO,SG,12,1,182,19.5,.619,.333,.333,9.9,12.5,11.3,7.0,3.2,2.0,10.2,21.4,0.3,0.2,0.5,.138,2.6,0.6,3.2,0.2,,2025,2024-12-08 12:13:30
270,Quenton Jackson,26,IND,PG,14,7,240,13.7,.603,.315,.233,4.9,8.2,6.5,16.2,1.8,2.0,12.0,16.5,0.4,0.1,0.4,.090,-1.5,-0.9,-2.4,0.0,,2025,2024-12-08 12:13:30
271,Trendon Watford,24,BRK,PF,10,0,185,11.2,.550,.338,.405,2.5,19.2,10.6,11.2,1.3,2.2,15.5,24.9,-0.1,0.1,0.0,.010,-4.9,-0.6,-5.5,-0.2,,2025,2024-12-08 12:13:30
272,Kris Murray,24,POR,SF,20,0,264,11.2,.541,.418,.253,8.2,10.8,9.5,7.3,1.6,1.1,12.0,15.6,0.1,0.1,0.2,.039,-1.5,-1.0,-2.5,0.0,,2025,2024-12-08 12:13:30
273,Nick Richards,27,CHO,C,8,7,216,21.4,.665,.019,.792,13.7,26.5,19.8,10.9,0.9,7.9,15.4,16.6,0.6,0.3,0.9,.191,-0.1,0.7,0.6,0.1,,2025,2024-12-08 12:13:30
274,Isaiah Hartenstein,26,OKC,C,8,7,237,19.2,.582,.042,.278,11.1,34.0,22.6,21.0,1.2,4.3,16.5,17.4,0.4,0.6,1.0,.212,-0.1,2.9,2.8,0.3,,2025,2024-12-08 12:13:30
275,Luke Kennard,28,MEM,SG,14,0,276,12.6,.601,.722,.194,2.8,9.9,6.5,18.1,1.3,0.7,11.3,12.9,0.5,0.3,0.8,.138,0.2,0.3,0.5,0.2,,2025,2024-12-08 12:13:30
276,Monte Morris,29,PHO,PG,17,0,199,17.8,.635,.493,.239,1.7,11.5,6.7,21.4,1.7,1.4,7.5,17.8,0.5,0.1,0.7,.158,2.4,0.5,2.9,0.2,,2025,2024-12-08 12:13:30
277,Mason Plumlee,34,PHO,C,21,6,372,13.4,.575,.000,.585,10.0,27.7,19.1,13.7,0.9,3.4,18.1,11.9,0.5,0.4,0.9,.113,-2.3,0.7,-1.6,0.0,,2025,2024-12-08 12:13:30
278,Ben Simmons,28,BRK,PG,17,13,408,14.3,.606,.000,.108,5.1,24.3,14.4,40.6,1.8,2.7,35.1,13.1,0.5,0.4,0.9,.106,-1.0,2.8,1.8,0.4,,2025,2024-12-08 12:13:30
279,Wendell Carter Jr.,25,ORL,C,12,12,307,14.9,.597,.413,.508,8.4,27.3,17.5,13.1,1.8,2.2,11.5,12.3,0.5,0.6,1.2,.184,-1.3,2.1,0.7,0.2,,2025,2024-12-08 12:13:30
280,Reed Sheppard,20,HOU,PG,23,0,271,9.4,.470,.558,.042,2.6,6.9,4.7,15.8,2.1,2.6,12.6,16.7,-0.1,0.5,0.4,.070,-2.8,1.7,-1.1,0.1,,2025,2024-12-08 12:13:30
281,Pelle Larsson,23,MIA,SG,15,0,245,12.4,.627,.460,.317,4.4,8.9,6.7,13.2,1.8,0.0,10.0,14.2,0.4,0.2,0.6,.123,-2.7,0.4,-2.2,0.0,,2025,2024-12-08 12:13:30
282,Nicolas Batum,36,LAC,PF,24,0,423,9.2,.539,.785,.101,5.0,12.0,8.4,11.6,0.9,2.7,10.8,9.4,0.4,0.5,0.9,.103,-1.3,0.9,-0.4,0.2,,2025,2024-12-08 12:13:30
283,Gabe Vincent,28,LAL,PG,23,2,429,4.4,.434,.596,.081,1.6,5.1,3.3,6.1,2.1,0.4,8.1,11.4,-0.4,0.1,-0.3,-0.029,-6.5,-0.9,-7.4,-0.6,,2025,2024-12-08 12:13:30
284,Jett Howard,21,ORL,SF,23,0,241,8.3,.501,.793,.023,4.6,9.5,7.0,5.6,0.6,2.4,7.4,17.1,0.0,0.3,0.3,.054,-2.1,-0.7,-2.8,-0.1,,2025,2024-12-08 12:13:30
285,Alex Caruso,30,OKC,SG,15,0,298,12.3,.483,.517,.080,3.2,12.3,7.7,14.2,4.5,3.4,11.8,14.6,0.0,0.8,0.8,.122,-3.2,4.2,1.0,0.2,,2025,2024-12-08 12:13:30
286,Drew Eubanks,27,UTA,C,19,0,261,14.8,.599,.050,.417,10.4,22.9,16.8,13.4,0.9,4.7,18.4,14.0,0.3,0.2,0.5,.090,-1.4,0.6,-0.8,0.1,,2025,2024-12-08 12:13:30
287,Sandro Mamukelashvili,25,SAS,PF,17,0,160,19.2,.738,.686,.294,6.8,26.2,16.6,5.8,0.9,2.8,13.5,17.8,0.3,0.2,0.5,.156,3.4,-0.1,3.2,0.2,,2025,2024-12-08 12:13:30
288,Jared Butler,24,WAS,SG,16,0,154,16.2,.517,.225,.296,1.4,5.6,3.4,40.9,1.8,1.2,10.1,24.1,0.2,0.0,0.2,.051,0.7,-1.3,-0.6,0.1,,2025,2024-12-08 12:13:30
289,Dean Wade,28,CLE,PF,16,8,347,9.7,.480,.835,.215,3.3,18.4,11.1,8.4,2.3,1.3,5.5,11.4,0.1,0.5,0.7,.091,-1.6,1.6,0.0,0.2,,2025,2024-12-08 12:13:30
290,Vasilije Micić,31,CHO,PG,12,5,249,7.4,.444,.420,.114,3.8,12.0,7.7,24.6,1.0,0.0,18.5,19.4,-0.2,0.1,-0.2,-0.031,-4.3,-2.2,-6.5,-0.3,,2025,2024-12-08 12:13:30
291,Luke Kornet,29,BOS,C,18,3,307,17.6,.688,.000,.479,11.8,16.0,13.9,11.6,1.6,6.1,12.1,9.3,0.9,0.5,1.4,.223,0.7,2.7,3.4,0.4,,2025,2024-12-08 12:13:30
292,Kevin Love,36,MIA,PF,11,4,139,21.5,.502,.595,.176,10.2,35.1,22.7,18.4,4.6,1.4,9.1,27.6,0.1,0.4,0.4,.145,2.4,1.6,4.0,0.2,,2025,2024-12-08 12:13:30
293,Kyle Lowry,38,PHI,PG,15,10,338,10.7,.553,.766,.297,1.9,9.6,5.5,19.8,2.4,1.5,13.2,10.9,0.4,0.3,0.7,.096,-2.2,1.6,-0.6,0.1,,2025,2024-12-08 12:13:30
294,Joel Embiid,30,PHI,C,4,4,125,17.1,.548,.310,.552,4.3,25.0,14.0,18.8,0.8,3.3,15.3,30.0,0.0,0.1,0.2,.071,-0.5,0.0,-0.5,0.0,,2025,2024-12-08 12:13:30
295,Andrew Nembhard,25,IND,SG,10,10,242,10.6,.499,.274,.192,0.5,10.0,5.3,24.8,2.2,0.0,14.1,16.5,0.1,0.1,0.2,.031,-3.1,-0.7,-3.8,-0.1,,2025,2024-12-08 12:13:30
296,Eric Gordon,36,PHI,SG,16,1,264,6.6,.444,.545,.286,1.2,5.7,3.3,11.7,1.9,1.9,13.0,16.6,-0.3,0.2,-0.1,-0.024,-4.3,-0.5,-4.8,-0.2,,2025,2024-12-08 12:13:30
297,Oso Ighodaro,22,PHO,PF,17,2,297,11.1,.658,.000,.250,6.9,18.6,12.9,7.1,1.2,1.9,17.2,10.4,0.3,0.2,0.6,.092,-2.9,0.1,-2.7,-0.1,,2025,2024-12-08 12:13:30
298,Ricky Council IV,23,PHI,SF,17,0,200,11.5,.534,.443,.344,2.7,13.1,7.6,10.8,0.8,1.5,5.4,16.4,0.2,0.1,0.3,.079,-1.2,-1.3,-2.5,0.0,,2025,2024-12-08 12:13:30
299,David Roddy,23,ATL,PF,13,1,200,13.0,.711,.489,.277,2.1,18.8,10.4,12.5,1.4,1.0,19.8,13.3,0.2,0.2,0.4,.096,-0.6,0.0,-0.5,0.1,,2025,2024-12-08 12:13:30
300,Ben Sheppard,23,IND,SG,13,5,272,7.7,.568,.712,.000,2.1,10.2,6.2,8.1,0.9,1.4,7.0,11.3,0.2,0.0,0.2,.041,-2.6,-0.9,-3.5,-0.1,,2025,2024-12-08 12:13:30
301,Blake Wesley,21,SAS,SG,19,0,212,7.9,.504,.303,.288,2.6,5.1,3.8,19.2,1.8,0.4,21.2,19.1,-0.2,0.1,-0.1,-0.030,-4.8,-1.5,-6.3,-0.2,,2025,2024-12-08 12:13:30
302,Pat Connaughton,32,MIL,SG,15,0,255,8.7,.491,.629,.171,3.5,15.3,9.6,13.6,0.6,1.8,12.7,14.9,0.0,0.2,0.2,.034,-2.8,-0.9,-3.6,-0.1,,2025,2024-12-08 12:13:30
303,Andre Jackson Jr.,23,MIL,SG,21,13,378,4.6,.477,.486,.111,4.5,13.9,9.3,9.5,1.9,1.5,29.1,12.4,-0.6,0.4,-0.2,-0.021,-6.9,0.2,-6.7,-0.4,,2025,2024-12-08 12:13:30
304,Kenrich Williams,30,OKC,PF,13,0,168,17.8,.671,.529,.118,6.9,18.1,12.5,9.0,1.7,2.4,3.6,14.1,0.5,0.3,0.8,.241,1.3,1.2,2.5,0.2,,2025,2024-12-08 12:13:30
305,Larry Nance Jr.,32,ATL,PF,9,1,140,20.5,.809,.512,.047,7.6,9.2,8.4,11.3,2.3,2.1,8.4,13.8,0.5,0.1,0.6,.197,4.7,0.3,5.0,0.3,,2025,2024-12-08 12:13:30
306,Rayan Rupert,20,POR,SG,20,0,221,9.1,.520,.460,.190,7.9,8.3,8.1,6.5,1.5,0.9,14.9,15.0,0.0,0.1,0.1,.011,-2.5,-1.9,-4.4,-0.1,,2025,2024-12-08 12:13:30
307,Jaxson Hayes,24,LAL,C,11,1,192,17.1,.759,.000,.639,12.5,17.2,14.9,6.6,1.0,4.4,14.8,12.4,0.6,0.1,0.7,.171,-1.1,-0.5,-1.6,0.0,,2025,2024-12-08 12:13:30
308,Moussa Diabaté,23,CHO,C,22,4,439,13.5,.534,.000,.259,19.0,24.0,21.4,5.1,1.7,4.8,24.5,8.3,0.4,0.5,0.9,.099,-2.8,0.1,-2.7,-0.1,,2025,2024-12-08 12:13:30
309,Gary Harris,30,ORL,SG,17,2,282,7.6,.551,.767,.100,3.6,6.0,4.7,3.5,1.6,1.7,10.1,10.7,0.1,0.4,0.5,.077,-3.0,0.7,-2.3,0.0,,2025,2024-12-08 12:13:30
310,Jaylen Nowell,25,NOP,SG,8,0,168,7.9,.430,.370,.151,3.7,9.5,6.5,16.3,0.3,2.2,9.3,21.6,-0.2,0.0,-0.2,-0.064,-3.1,-2.8,-5.9,-0.2,,2025,2024-12-08 12:13:30
311,Robert Williams,27,POR,C,7,1,131,28.0,.766,.053,.342,11.8,23.6,17.4,12.5,2.9,9.4,13.8,16.0,0.5,0.2,0.7,.259,4.9,3.5,8.4,0.3,,2025,2024-12-08 12:13:30
312,Jamal Cain,25,NOP,SF,13,0,191,12.6,.588,.500,.280,6.0,15.0,10.3,6.9,1.8,2.9,11.1,14.0,0.2,0.1,0.3,.068,-1.9,-0.2,-2.2,0.0,,2025,2024-12-08 12:13:30
313,Tyrese Martin,25,BRK,SG,9,2,132,16.7,.703,.750,.114,3.5,14.8,9.0,12.0,1.1,1.5,8.0,17.0,0.3,0.1,0.4,.147,2.9,-1.2,1.8,0.1,,2025,2024-12-08 12:13:30
314,Isaac Jones,24,SAC,PF,14,0,137,13.2,.672,.073,.366,6.8,12.3,9.6,2.2,0.4,4.4,15.9,17.9,0.1,0.1,0.2,.075,-3.0,-1.3,-4.3,-0.1,,2025,2024-12-08 12:13:30
315,Antonio Reeves,24,NOP,SG,12,0,130,11.0,.499,.492,.115,3.2,10.5,6.7,6.2,1.5,0.0,5.9,22.2,0.0,0.0,0.0,-0.006,-2.1,-2.9,-5.0,-0.1,,2025,2024-12-08 12:13:30
316,Alec Burks,33,MIA,SG,12,0,181,14.4,.636,.696,.174,2.4,11.4,6.9,12.6,1.6,1.6,3.9,12.4,0.4,0.2,0.6,.151,0.9,1.6,2.5,0.2,,2025,2024-12-08 12:13:30
317,Herbert Jones,26,NOP,SF,6,6,182,11.7,.609,.435,.283,2.9,10.0,6.3,10.5,3.0,1.5,17.5,14.6,0.1,0.1,0.2,.045,-3.2,-0.4,-3.6,-0.1,,2025,2024-12-08 12:13:30
318,De'Anthony Melton,26,GSW,SG,6,2,121,13.4,.539,.648,.148,5.0,11.8,8.4,20.5,2.8,1.6,14.8,23.1,0.0,0.2,0.2,.092,-1.5,0.7,-0.8,0.0,,2025,2024-12-08 12:13:30
319,Daniel Theis,32,NOP,C,17,7,243,9.9,.497,.321,.179,5.1,21.6,13.0,12.1,1.0,4.2,15.4,12.4,0.0,0.1,0.1,.026,-4.7,-0.2,-4.9,-0.2,,2025,2024-12-08 12:13:30
320,Marvin Bagley III,25,WAS,C,15,1,110,17.4,.561,.174,.283,15.2,20.6,17.8,6.0,2.1,1.6,14.8,22.9,0.0,0.1,0.1,.035,-0.7,-2.6,-3.4,0.0,,2025,2024-12-08 12:13:30
321,Ja'Kobe Walter,20,TOR,SG,10,4,180,5.7,.384,.458,.111,6.1,15.2,10.6,11.4,1.6,1.1,10.6,19.4,-0.3,0.1,-0.2,-0.056,-6.9,-1.8,-8.8,-0.3,,2025,2024-12-08 12:13:30
322,Isaiah Collier,20,UTA,PG,15,1,262,2.9,.379,.379,.273,0.4,10.4,5.5,26.1,2.8,0.7,32.8,17.6,-0.9,0.1,-0.7,-0.134,-8.4,-1.2,-9.6,-0.5,,2025,2024-12-08 12:13:30
323,Ousmane Dieng,21,OKC,PF,16,0,186,10.5,.439,.610,.186,5.1,18.6,11.8,8.8,2.8,2.2,5.9,15.5,-0.1,0.4,0.4,.099,-3.5,1.8,-1.7,0.0,,2025,2024-12-08 12:13:30
324,Bruno Fernando,26,TOR,C,15,1,141,15.7,.554,.000,.170,16.2,22.6,19.4,18.5,1.0,6.1,21.7,19.0,0.1,0.2,0.2,.077,-2.5,1.7,-0.8,0.0,,2025,2024-12-08 12:13:30
325,Keaton Wallace,25,ATL,PG,12,1,194,8.4,.493,.473,.073,1.1,8.9,5.0,14.5,2.4,3.0,17.5,14.3,-0.1,0.2,0.0,.011,-4.4,0.7,-3.7,-0.1,,2025,2024-12-08 12:13:30
326,Bones Hyland,24,LAC,PG,9,0,76,14.6,.536,.674,.261,2.9,11.8,7.3,12.8,3.9,2.7,16.3,34.7,-0.1,0.1,0.0,.027,0.2,1.1,1.3,0.1,,2025,2024-12-08 12:13:30
327,Jock Landale,29,HOU,C,14,0,156,14.4,.497,.128,.404,13.0,17.4,15.2,12.5,0.9,3.4,11.2,16.4,0.1,0.3,0.4,.133,-1.4,0.7,-0.7,0.1,,2025,2024-12-08 12:13:30
328,Aaron Nesmith,25,IND,SF,6,6,136,12.0,.659,.306,.361,3.4,17.0,10.2,6.0,1.4,1.4,10.7,14.9,0.2,0.1,0.3,.100,-2.1,-0.3,-2.5,0.0,,2025,2024-12-08 12:13:30
329,Paul Reed,25,DET,C,11,0,110,17.6,.682,.273,.455,7.2,15.9,11.6,6.9,3.6,4.3,18.5,18.9,0.2,0.2,0.4,.153,-1.2,2.5,1.3,0.1,,2025,2024-12-08 12:13:30
330,Cam Reddish,25,LAL,SF,16,8,314,7.4,.612,.553,.316,2.2,10.2,6.2,3.6,2.5,1.8,13.9,7.0,0.1,0.2,0.3,.046,-3.9,0.4,-3.5,-0.1,,2025,2024-12-08 12:13:30
331,Jabari Walker,22,POR,SF,18,0,193,8.4,.429,.281,.193,9.6,21.9,15.5,9.5,1.5,1.5,16.3,15.8,-0.2,0.2,0.0,-0.010,-5.0,-1.4,-6.4,-0.2,,2025,2024-12-08 12:13:30
332,Wendell Moore Jr.,23,DET,SG,11,0,164,13.8,.645,.257,.343,6.2,18.0,12.2,10.2,2.1,1.7,16.6,12.6,0.2,0.2,0.4,.129,-1.5,1.3,-0.1,0.1,,2025,2024-12-08 12:13:30
333,Aaron Holiday,28,HOU,PG,13,0,115,15.3,.670,.743,.200,0.0,11.8,5.8,18.5,0.4,0.8,7.3,14.6,0.3,0.2,0.5,.203,2.3,0.6,3.0,0.1,,2025,2024-12-08 12:13:30
334,Dillon Jones,23,OKC,SF,20,0,176,8.3,.435,.593,.148,9.6,15.5,12.5,10.8,1.1,0.6,12.2,15.8,-0.1,0.3,0.2,.062,-3.9,-1.3,-5.2,-0.1,,2025,2024-12-08 12:13:30
335,Mo Bamba,26,LAC,C,10,0,136,14.3,.522,.465,.209,5.7,26.5,16.0,8.6,2.5,9.0,13.0,17.1,0.0,0.3,0.3,.119,-3.9,3.2,-0.7,0.0,,2025,2024-12-08 12:13:30
336,Kobe Bufkin,21,ATL,SG,9,0,120,10.4,.472,.409,.409,4.4,12.5,8.4,18.6,1.2,1.6,11.9,19.8,0.0,0.1,0.1,.023,-3.4,-0.6,-3.9,-0.1,,2025,2024-12-08 12:13:30
337,Johnny Furphy,20,IND,SG,14,0,141,10.1,.567,.585,.122,8.3,9.8,9.0,4.7,1.4,2.7,15.6,15.7,0.0,0.1,0.1,.026,-1.0,-1.9,-2.9,0.0,,2025,2024-12-08 12:13:30
338,Cody Williams,20,UTA,SG,16,7,299,2.9,.343,.552,.149,3.0,10.5,6.9,8.4,1.1,1.6,13.3,11.6,-0.4,0.0,-0.4,-0.065,-6.0,-1.0,-7.1,-0.4,,2025,2024-12-08 12:13:30
339,Doug McDermott,33,SAC,SF,18,2,146,5.4,.478,.833,.104,0.8,10.0,5.5,2.7,0.7,0.7,2.0,15.2,0.0,0.1,0.0,.009,-4.0,-2.8,-6.8,-0.2,,2025,2024-12-08 12:13:30
340,Delon Wright,32,MIL,PG,18,2,287,8.0,.418,.604,.189,4.3,8.1,6.2,12.7,2.2,2.0,12.2,10.0,0.0,0.3,0.2,.039,-3.4,0.8,-2.7,0.0,,2025,2024-12-08 12:13:30
341,Charles Bassey,24,SAS,C,14,0,140,16.4,.571,.000,.400,10.9,24.5,17.8,8.4,2.1,9.6,17.9,15.4,0.1,0.3,0.3,.110,-3.7,2.0,-1.7,0.0,,2025,2024-12-08 12:13:30
342,Elfrid Payton,30,NOP,PG,7,3,144,15.1,.501,.022,.043,3.6,15.1,9.1,51.2,3.4,2.0,29.9,19.7,-0.1,0.1,0.0,.007,-2.4,-0.1,-2.4,0.0,,2025,2024-12-08 12:13:30
343,Cam Whitmore,20,HOU,SF,8,0,79,9.2,.427,.438,.333,5.1,9.3,7.2,8.1,0.6,1.1,5.2,30.1,-0.1,0.1,0.0,-0.008,-4.8,-2.1,-6.9,-0.1,,2025,2024-12-08 12:13:30
344,Tyler Kolek,23,NYK,PG,16,0,110,12.7,.593,.595,.108,2.2,10.2,6.4,13.1,2.7,0.9,15.3,18.4,0.1,0.1,0.2,.078,-1.7,0.2,-1.4,0.0,,2025,2024-12-08 12:13:30
345,Immanuel Quickley,25,TOR,PG,3,3,68,14.5,.500,.381,.214,1.6,8.1,4.8,27.9,1.4,0.0,8.0,30.4,0.1,0.0,0.1,.050,0.9,-2.2,-1.3,0.0,,2025,2024-12-08 12:13:30
346,Johnny Davis,22,WAS,SG,16,0,122,13.3,.574,.243,.135,3.4,15.9,9.6,6.1,2.7,2.2,4.9,14.0,0.1,0.1,0.2,.068,-2.2,0.5,-1.6,0.0,,2025,2024-12-08 12:13:30
347,Craig Porter Jr.,24,CLE,PG,16,0,151,12.5,.663,.355,.161,0.8,9.2,5.1,17.7,1.6,3.6,21.3,12.1,0.2,0.2,0.4,.114,-0.6,1.2,0.6,0.1,,2025,2024-12-08 12:13:30
348,Reggie Jackson,34,PHI,PG,10,0,119,13.2,.551,.641,.000,0.9,8.4,4.4,27.7,2.5,2.6,15.2,17.0,0.1,0.1,0.2,.082,0.2,0.3,0.5,0.1,,2025,2024-12-08 12:13:30
349,Rob Dillingham,20,MIN,PG,11,0,92,9.5,.583,.333,.000,1.3,9.8,5.6,28.0,0.0,0.0,25.0,22.9,-0.1,0.1,0.0,.002,-1.4,-1.9,-3.2,0.0,,2025,2024-12-08 12:13:30
350,Anthony Gill,32,WAS,PF,16,0,108,14.7,.677,.333,.667,3.9,14.0,8.8,6.7,1.7,0.8,6.1,12.7,0.2,0.0,0.2,.100,0.2,-0.6,-0.3,0.0,,2025,2024-12-08 12:13:30
351,Jericho Sims,26,NYK,C,23,2,297,10.2,.698,.000,.259,12.7,21.2,17.1,6.0,1.0,3.0,30.2,6.4,0.4,0.3,0.7,.109,-2.5,0.1,-2.4,0.0,,2025,2024-12-08 12:13:30
352,Jordan McLaughlin,28,SAC,PG,19,0,150,9.5,.511,.576,.424,2.3,11.2,6.9,15.1,2.9,0.0,17.0,13.6,0.0,0.2,0.2,.053,-4.1,0.4,-3.7,-0.1,,2025,2024-12-08 12:13:30
353,Nick Smith Jr.,20,CHO,SG,12,0,113,7.8,.455,.545,.000,0.9,8.1,4.4,12.2,1.3,0.9,4.3,17.3,0.0,0.0,0.0,.013,-3.8,-1.1,-4.9,-0.1,,2025,2024-12-08 12:13:30
354,Thomas Bryant,27,MIA,C,9,0,108,15.5,.610,.607,.321,6.0,25.1,15.6,5.2,0.5,6.4,5.9,13.8,0.2,0.2,0.4,.163,-1.0,0.4,-0.6,0.0,,2025,2024-12-08 12:13:30
355,Lonzo Ball,27,CHI,PG,7,0,114,15.7,.581,.839,.000,0.9,14.7,7.9,27.5,3.2,3.0,13.9,13.2,0.2,0.1,0.3,.131,1.2,2.9,4.2,0.2,,2025,2024-12-08 12:13:30
356,Isaiah Jackson,23,IND,C,5,1,84,18.7,.600,.000,.609,15.3,23.3,19.3,8.4,1.7,9.0,14.6,17.6,0.1,0.1,0.2,.136,-1.1,1.2,0.1,0.0,,2025,2024-12-08 12:13:30
357,Trey Jemison,25,NOP,C,13,0,145,9.5,.504,.000,.464,11.5,16.6,13.9,7.7,2.0,3.9,22.9,12.8,-0.1,0.1,0.0,.009,-6.3,-0.1,-6.4,-0.2,,2025,2024-12-08 12:13:30
358,Dario Šarić,30,DEN,C,10,3,136,5.3,.399,.475,.150,7.3,20.5,14.0,10.0,2.1,0.0,20.5,16.6,-0.3,0.1,-0.1,-0.048,-6.5,-0.9,-7.4,-0.2,,2025,2024-12-08 12:13:30
359,Kai Jones,24,LAC,C,15,0,128,13.9,.737,.000,.556,9.5,16.7,13.1,5.4,1.2,7.2,21.1,9.6,0.2,0.2,0.4,.156,-2.2,2.0,-0.2,0.1,,2025,2024-12-08 12:13:30
360,Tre Jones,25,SAS,PG,8,0,140,10.3,.456,.400,.467,3.9,10.7,7.3,24.7,1.7,1.3,12.1,12.6,0.1,0.1,0.2,.075,-3.5,0.8,-2.7,0.0,,2025,2024-12-08 12:13:30
361,Dwight Powell,33,DAL,C,18,0,153,14.2,.803,.000,2.400,8.8,15.0,12.0,10.0,2.2,4.7,19.6,7.0,0.4,0.2,0.6,.200,-1.0,3.1,2.1,0.2,,2025,2024-12-08 12:13:30
362,Justin Champagnie,23,WAS,SF,4,1,70,17.5,.661,.364,.227,11.9,10.8,11.4,11.1,1.3,2.6,11.0,16.1,0.2,0.0,0.2,.115,0.3,-0.9,-0.5,0.0,,2025,2024-12-08 12:13:30
363,Patty Mills,36,UTA,PG,9,0,138,6.2,.495,.774,.097,0.8,5.5,3.2,12.8,2.1,1.4,19.8,12.3,-0.1,0.0,0.0,-0.015,-4.2,0.3,-3.8,-0.1,,2025,2024-12-08 12:13:30
364,Josh Richardson,31,MIA,SG,8,0,150,4.4,.402,.579,.105,4.4,4.3,4.3,10.7,2.6,0.7,16.8,13.9,-0.2,0.1,-0.1,-0.020,-7.2,0.2,-7.1,-0.2,,2025,2024-12-08 12:13:30
365,Dru Smith,27,MIA,SG,8,0,114,14.1,.615,.423,.000,6.7,16.2,11.4,13.7,3.5,4.3,21.2,12.7,0.1,0.2,0.3,.122,-1.3,3.7,2.4,0.1,,2025,2024-12-08 12:13:30
366,Torrey Craig,34,CHI,SF,6,1,67,14.7,.677,.818,.091,4.8,15.7,10.3,6.0,0.7,1.3,0.0,14.2,0.2,0.0,0.2,.142,1.9,-1.2,0.7,0.0,,2025,2024-12-08 12:13:30
367,Taj Gibson,39,CHO,C,12,8,142,9.3,.480,.065,.097,14.1,17.8,15.9,7.1,1.4,2.1,21.8,12.4,0.0,0.1,0.1,.029,-4.7,-0.4,-5.1,-0.1,,2025,2024-12-08 12:13:30
368,Ryan Rollins,22,MIL,PG,11,1,72,15.6,.561,.480,.240,4.7,11.7,8.3,17.5,4.7,5.2,20.2,21.2,0.0,0.1,0.1,.091,-0.8,4.8,4.0,0.1,,2025,2024-12-08 12:13:30
369,KJ Simpson,22,CHO,PG,7,0,103,7.6,.392,.500,.222,9.2,6.7,8.0,22.6,2.4,1.0,18.5,20.0,-0.2,0.1,-0.1,-0.039,-5.5,-0.9,-6.4,-0.1,,2025,2024-12-08 12:13:30
370,Hunter Tyson,24,DEN,PF,13,0,122,7.7,.535,.600,.360,5.5,15.8,10.7,6.0,0.8,2.2,14.7,11.7,0.0,0.1,0.1,.046,-4.3,-1.4,-5.7,-0.1,,2025,2024-12-08 12:13:30
371,Steven Adams,31,HOU,C,12,0,134,8.5,.537,.000,.900,13.6,15.6,14.6,13.5,1.1,1.3,36.4,13.4,-0.1,0.2,0.1,.037,-4.4,1.2,-3.3,0.0,,2025,2024-12-08 12:13:30
372,Vit Krejci,24,ATL,PG,10,0,112,8.1,.499,.444,.259,3.8,12.5,8.1,14.6,1.7,2.6,14.3,12.7,0.0,0.1,0.1,.046,-4.4,0.6,-3.8,-0.1,,2025,2024-12-08 12:13:30
373,Svi Mykhailiuk,27,UTA,SF,5,2,71,10.6,.631,.773,.182,1.6,12.3,7.0,16.7,3.4,1.3,29.6,19.9,-0.1,0.1,0.0,-0.008,-3.0,0.6,-2.4,0.0,,2025,2024-12-08 12:13:30
374,Ausar Thompson,22,DET,SF,5,1,76,10.9,.468,.310,.241,9.0,12.9,11.0,27.2,1.3,3.7,20.0,22.6,-0.1,0.1,0.0,.007,-3.1,-0.4,-3.6,0.0,,2025,2024-12-08 12:13:30
375,Jaylon Tyson,22,CLE,SG,13,1,107,9.4,.506,.407,.222,10.7,13.9,12.4,12.4,1.8,0.0,16.8,14.4,0.1,0.1,0.2,.085,-4.3,-0.7,-5.0,-0.1,,2025,2024-12-08 12:13:30
376,Moses Brown,25,IND,C,9,0,46,16.6,.653,.000,.250,10.1,22.6,16.4,0.0,2.1,2.0,21.3,26.5,0.0,0.0,0.0,.007,-3.9,-2.2,-6.2,0.0,,2025,2024-12-08 12:13:30
377,Chris Duarte,27,CHI,SG,12,0,50,19.0,.674,.667,.444,8.6,21.0,14.9,10.9,0.0,0.0,4.4,18.8,0.2,0.0,0.2,.185,3.8,-1.8,2.0,0.1,,2025,2024-12-08 12:13:30
378,Christian Koloko,24,LAL,C,13,0,122,11.0,.704,.105,.105,9.4,14.0,11.7,3.3,1.6,3.0,20.1,9.0,0.1,0.1,0.2,.081,-3.5,-0.9,-4.4,-0.1,,2025,2024-12-08 12:13:30
379,Duop Reath,28,POR,C,13,0,83,8.7,.519,.731,.000,7.5,9.6,8.5,5.2,0.0,2.3,3.7,13.4,0.1,0.0,0.1,.048,-1.4,-2.8,-4.2,0.0,,2025,2024-12-08 12:13:30
380,Luka Garza,26,MIN,C,7,0,33,21.1,.574,.300,.300,14.2,17.0,15.6,0.0,1.5,0.0,8.1,32.8,0.0,0.0,0.1,.093,-1.3,-2.5,-3.8,0.0,,2025,2024-12-08 12:13:30
381,Alex Len,31,SAC,C,17,2,121,12.7,.547,.182,.182,6.7,23.2,15.1,12.8,1.2,9.2,20.2,10.6,0.1,0.2,0.2,.098,-2.9,2.7,-0.2,0.1,,2025,2024-12-08 12:13:30
382,Tristan Thompson,33,CLE,PF,8,0,58,13.6,.601,.053,.316,5.9,25.7,16.2,9.6,0.0,3.2,15.6,19.1,0.0,0.1,0.1,.066,-3.5,-1.0,-4.5,0.0,,2025,2024-12-08 12:13:30
383,Patrick Baldwin Jr.,22,WAS,SF,11,0,56,14.1,.602,.579,.211,5.6,17.3,11.4,2.7,1.7,3.2,8.8,16.9,0.0,0.0,0.1,.054,0.1,-1.7,-1.6,0.0,,2025,2024-12-08 12:13:30
384,DaQuan Jeffries,27,CHO,SG,2,0,41,19.2,.741,.438,.125,2.6,16.8,9.4,8.9,0.0,0.0,5.6,18.5,0.1,0.0,0.1,.168,3.8,-1.5,2.3,0.0,,2025,2024-12-08 12:13:30
385,John Konchar,28,MEM,SG,11,0,132,10.4,.633,.889,.222,6.6,16.0,11.5,7.8,1.7,3.5,20.2,7.5,0.1,0.2,0.3,.124,-1.0,2.0,1.0,0.1,,2025,2024-12-08 12:13:30
386,Maxi Kleber,33,DAL,PF,14,2,238,2.4,.419,.346,.231,2.8,15.8,9.5,3.9,0.4,2.6,25.9,6.8,-0.2,0.2,0.0,.004,-6.5,0.1,-6.4,-0.3,,2025,2024-12-08 12:13:30
387,Josh Minott,22,MIN,SF,10,0,77,9.9,.594,.500,.278,1.5,18.9,10.4,9.5,1.9,3.6,19.8,14.4,0.0,0.1,0.1,.081,-5.4,3.2,-2.2,0.0,,2025,2024-12-08 12:13:30
388,Olivier-Maxence Prosper,22,DAL,PF,14,0,85,11.3,.414,.280,.360,14.4,15.9,15.2,4.4,1.7,2.1,3.3,14.9,0.0,0.1,0.1,.084,-2.7,-1.2,-3.9,0.0,,2025,2024-12-08 12:13:30
389,Kel'el Ware,20,MIA,C,10,0,69,9.7,.464,.280,.080,3.2,22.0,12.6,2.1,2.2,7.1,13.4,18.9,-0.1,0.1,0.0,-0.003,-5.8,0.3,-5.5,-0.1,,2025,2024-12-08 12:13:30
390,DeAndre Jordan,36,DEN,C,9,0,88,8.0,.488,.000,.421,13.9,21.9,17.9,8.7,1.1,2.0,28.6,15.1,-0.1,0.1,0.0,-0.017,-6.2,-1.6,-7.9,-0.1,,2025,2024-12-08 12:13:30
391,Mark Williams,23,CHO,C,3,0,30,31.9,.640,.000,.333,21.1,26.7,23.8,20.3,1.7,3.4,10.4,27.2,0.1,0.0,0.2,.261,7.0,-0.1,6.9,0.1,,2025,2024-12-08 12:13:30
392,Bol Bol,25,PHO,PF,6,0,32,20.0,.671,.385,.462,14.1,17.0,15.6,5.4,0.0,0.0,16.1,25.8,0.1,0.0,0.1,.096,2.7,-3.7,-1.0,0.0,,2025,2024-12-08 12:13:30
393,Adem Bona,21,PHI,C,14,0,90,9.0,.671,.000,.462,9.7,22.3,15.5,0.0,0.0,6.9,27.7,10.6,0.0,0.1,0.1,.062,-6.2,-0.6,-6.8,-0.1,,2025,2024-12-08 12:13:30
394,Ariel Hukporti,22,NYK,C,11,0,97,7.1,.631,.000,.429,3.8,19.7,12.1,7.6,0.0,8.2,35.1,11.7,-0.1,0.1,0.0,.009,-6.5,1.3,-5.2,-0.1,,2025,2024-12-08 12:13:30
395,Jordan Walsh,20,BOS,PF,16,1,141,4.3,.397,.769,.038,3.9,9.5,6.7,2.7,1.4,3.8,13.1,9.3,-0.1,0.2,0.0,.007,-5.1,0.5,-4.6,-0.1,,2025,2024-12-08 12:13:30
396,Kobe Brown,25,LAC,PF,7,0,47,15.7,.479,.300,.100,11.8,26.3,19.0,13.4,1.0,0.0,0.0,19.1,0.1,0.1,0.1,.141,0.6,-0.5,0.0,0.0,,2025,2024-12-08 12:13:30
397,Jae Crowder,34,SAC,SF,5,2,84,7.7,.509,.706,.353,6.9,13.4,10.2,5.9,1.7,0.0,13.3,11.7,0.0,0.1,0.1,.054,-3.3,-0.5,-3.7,0.0,,2025,2024-12-08 12:13:30
398,Enrique Freeman,24,IND,PF,14,1,106,4.2,.477,.294,.529,3.3,8.7,6.0,7.0,0.9,1.8,16.0,10.2,0.0,0.0,0.0,-0.012,-6.2,-1.8,-7.9,-0.2,,2025,2024-12-08 12:13:30
399,Micah Potter,26,UTA,C,4,1,87,11.5,.588,.824,.000,13.0,26.3,19.7,7.8,0.6,3.2,22.7,10.6,0.1,0.1,0.1,.063,-1.2,-0.5,-1.7,0.0,,2025,2024-12-08 12:13:30
400,Tyler Smith,20,MIL,PF,10,0,34,18.3,.720,.615,.154,3.3,21.6,12.8,4.8,0.0,8.2,17.8,21.8,0.0,0.0,0.1,.100,1.3,1.3,2.7,0.0,,2025,2024-12-08 12:13:30
401,Pacome Dadiet,19,NYK,SG,11,0,77,8.0,.503,.667,.111,0.0,19.0,9.9,7.8,0.6,2.6,5.0,11.4,0.0,0.1,0.1,.055,-2.9,-0.8,-3.8,0.0,,2025,2024-12-08 12:13:30
402,MarJon Beauchamp,24,MIL,SF,11,0,35,5.0,.507,.500,.250,6.4,21.0,14.0,4.2,1.4,0.0,28.3,31.1,-0.2,0.0,-0.1,-0.177,-7.6,-3.1,-10.6,-0.1,,2025,2024-12-08 12:13:30
403,Jevon Carter,29,CHI,PG,11,0,53,5.8,.391,.696,.000,2.0,13.9,8.0,14.5,2.6,0.0,14.8,21.2,-0.2,0.0,-0.1,-0.111,-5.3,-1.7,-7.0,-0.1,,2025,2024-12-08 12:13:30
404,Dariq Whitehead,20,BRK,SF,3,0,26,21.7,.818,.909,.000,0.0,14.1,6.9,6.8,3.8,3.9,21.4,24.1,0.0,0.0,0.0,.080,5.7,1.9,7.6,0.1,,2025,2024-12-08 12:13:30
405,Jae'Sean Tate,29,HOU,SF,9,0,41,15.5,.597,.083,.583,7.4,38.3,22.6,14.3,4.7,0.0,28.5,21.1,0.0,0.1,0.1,.110,-5.8,5.0,-0.8,0.0,,2025,2024-12-08 12:13:30
406,Xavier Tillman Sr.,26,BOS,C,15,1,141,3.9,.323,.556,.074,5.4,19.8,12.5,5.3,1.4,1.9,15.2,10.1,-0.2,0.2,0.0,-0.006,-6.3,-0.2,-6.5,-0.2,,2025,2024-12-08 12:13:30
407,Jeff Green,38,HOU,PF,7,0,40,12.0,.654,.615,.000,0.0,10.5,5.1,3.7,2.4,0.0,13.3,15.4,0.0,0.1,0.1,.116,-1.3,1.4,0.1,0.0,,2025,2024-12-08 12:13:30
408,Colby Jones,22,SAC,SG,14,0,58,8.9,.531,.375,.000,6.0,11.6,8.9,6.9,1.7,5.2,20.0,14.9,0.0,0.1,0.0,.019,-3.3,-0.3,-3.6,0.0,,2025,2024-12-08 12:13:30
409,Zeke Nnaji,24,DEN,PF,14,0,71,4.3,.391,.400,.200,3.1,7.5,5.4,5.4,0.7,2.5,4.4,13.5,-0.1,0.0,-0.1,-0.038,-6.3,-2.1,-8.4,-0.1,,2025,2024-12-08 12:13:30
410,Jeff Dowtin,27,PHI,PG,8,0,80,7.1,.385,.421,.211,2.7,9.4,5.8,16.1,1.9,0.0,4.6,12.0,0.0,0.1,0.0,.021,-5.5,0.9,-4.5,-0.1,,2025,2024-12-08 12:13:30
411,Vince Williams Jr.,24,MEM,SG,3,0,45,3.8,.385,.421,.211,9.7,15.7,12.8,25.8,0.0,4.1,25.2,24.8,-0.2,0.1,-0.1,-0.108,-7.3,-0.2,-7.5,-0.1,,2025,2024-12-08 12:13:30
412,Adam Flagler,25,OKC,SG,11,0,40,4.8,.375,.950,.000,5.3,10.5,7.9,0.0,2.4,0.0,0.0,21.3,-0.1,0.1,0.0,-0.016,-6.4,-2.1,-8.5,-0.1,,2025,2024-12-08 12:13:30
413,Cory Joseph,33,ORL,PG,13,0,46,15.5,.500,.800,.000,7.3,15.6,11.3,28.3,2.1,4.2,11.8,16.0,0.1,0.1,0.2,.160,2.0,3.1,5.1,0.1,,2025,2024-12-08 12:13:30
414,Damion Lee,32,PHO,SG,4,0,37,9.4,.451,.643,.429,0.0,14.7,7.5,18.9,2.7,0.0,15.3,23.5,-0.1,0.0,0.0,-0.032,-4.8,0.7,-4.1,0.0,,2025,2024-12-08 12:13:30
415,E.J. Liddell,24,CHI,PF,6,0,31,15.5,.845,.750,.250,3.5,13.5,8.6,12.9,1.5,2.7,18.4,14.6,0.1,0.0,0.1,.164,0.2,0.4,0.6,0.0,,2025,2024-12-08 12:13:30
416,Drew Peterson,25,BOS,PF,6,0,62,9.2,.545,.917,.333,5.3,18.0,11.6,4.1,1.6,2.9,12.7,11.0,0.0,0.1,0.1,.090,-2.1,1.3,-0.8,0.0,,2025,2024-12-08 12:13:30
417,Taylor Hendricks,21,UTA,PF,3,3,75,7.3,.354,.667,.222,7.5,14.5,11.1,3.5,3.2,5.0,9.2,12.2,-0.1,0.1,0.0,.000,-4.5,1.3,-3.2,0.0,,2025,2024-12-08 12:13:30
418,JT Thor,22,CLE,PF,2,0,14,42.6,1.190,.400,.400,0.0,15.2,7.9,0.0,6.8,13.1,25.4,24.3,0.0,0.0,0.1,.313,10.0,10.0,20.1,0.1,,2025,2024-12-08 12:13:30
419,Caleb Houstan,22,ORL,SF,15,0,71,-0.6,.311,.850,.100,1.6,10.1,5.7,0.0,0.0,2.8,4.6,13.4,-0.2,0.1,-0.1,-0.060,-8.5,-2.1,-10.6,-0.2,,2025,2024-12-08 12:13:30
420,Kelly Olynyk,33,TOR,C,1,0,14,46.7,1.366,1.000,1.333,7.8,23.5,15.6,10.9,6.9,0.0,17.4,17.0,0.1,0.0,0.1,.476,19.1,6.0,25.1,0.1,,2025,2024-12-08 12:13:30
421,Richaun Holmes,31,WAS,PF,3,0,20,16.0,.551,.100,.200,10.4,16.2,13.2,0.0,0.0,9.0,15.5,26.8,0.0,0.0,0.0,-0.034,-1.5,-1.2,-2.7,0.0,,2025,2024-12-08 12:13:30
422,Orlando Robinson,24,SAC,C,4,0,31,16.6,.694,.333,1.000,7.5,18.1,12.9,21.6,3.1,3.3,25.8,16.2,0.1,0.0,0.1,.153,-2.0,2.9,0.8,0.0,,2025,2024-12-08 12:13:30
423,Pat Spencer,28,GSW,PG,7,0,41,11.4,.403,.143,.143,9.8,7.5,8.7,32.8,3.5,0.0,21.2,19.1,0.0,0.1,0.0,.047,-3.7,2.3,-1.4,0.0,,2025,2024-12-08 12:13:30
424,Khris Middleton,33,MIL,SF,1,0,23,16.0,.435,.300,.600,0.0,13.7,7.1,28.4,4.2,4.1,7.3,26.1,0.0,0.0,0.0,.089,0.1,6.5,6.6,0.1,,2025,2024-12-08 12:13:30
425,Matt Ryan,27,NYK,SF,8,0,41,-4.0,.344,.750,.000,0.0,2.7,1.4,0.0,0.0,0.0,15.8,20.4,-0.2,0.0,-0.2,-0.232,-8.8,-5.8,-14.7,-0.1,,2025,2024-12-08 12:13:30
426,Day'Ron Sharpe,23,BRK,C,2,0,33,16.7,.564,.250,.500,10.5,18.5,14.4,12.8,3.0,3.0,9.3,14.6,0.1,0.0,0.1,.165,-1.2,1.8,0.6,0.0,,2025,2024-12-08 12:13:30
427,Yuki Kawamura,23,MEM,PG,12,0,34,-1.0,.339,.692,.308,0.0,5.9,3.1,24.4,0.0,0.0,21.3,22.2,-0.1,0.0,-0.1,-0.144,-10.7,-4.4,-15.1,-0.1,,2025,2024-12-08 12:13:30
428,Armel Traoré,22,LAL,SF,7,0,54,2.6,.262,.375,.438,2.1,27.5,14.8,2.4,3.6,3.4,9.5,17.1,-0.2,0.1,-0.2,-0.142,-10.5,-0.6,-11.1,-0.1,,2025,2024-12-08 12:13:30
429,Vlatko Čančar,27,DEN,PF,4,0,34,7.8,.643,.286,.000,9.8,15.7,12.8,0.0,0.0,2.6,22.2,11.2,0.0,0.0,0.0,.029,-5.3,-2.2,-7.5,0.0,,2025,2024-12-08 12:13:30
430,Trentyn Flowers,19,LAC,SF,1,0,14,9.1,.477,.222,.111,7.9,24.1,15.9,0.0,0.0,0.0,9.6,32.1,0.0,0.0,0.0,-0.048,-4.8,-0.9,-5.7,0.0,,2025,2024-12-08 12:13:30
431,Lester Quiñones,24,PHI,SG,4,0,17,8.7,.533,.375,.125,19.2,7.4,13.7,11.0,0.0,0.0,32.2,32.2,-0.1,0.0,-0.1,-0.189,-3.7,-6.8,-10.4,0.0,,2025,2024-12-08 12:13:30
432,Terrence Shannon Jr.,24,MIN,SG,7,0,30,9.1,.500,.333,.000,0.0,3.7,1.9,19.5,3.3,3.1,25.0,17.6,-0.1,0.1,0.0,.002,-4.2,2.1,-2.1,0.0,,2025,2024-12-08 12:13:30
433,Isaiah Wong,24,CHO,SG,1,0,11,26.1,.625,.200,1.000,19.2,0.0,10.0,0.0,4.5,0.0,12.2,31.7,0.0,0.0,0.1,.250,2.4,0.4,2.9,0.0,,2025,2024-12-08 12:13:30
434,Precious Achiuwa,25,NYK,PF,2,0,40,8.8,.397,.143,1.000,9.2,30.9,20.5,15.0,1.2,2.5,22.9,14.4,0.0,0.1,0.0,.003,-5.2,-1.2,-6.3,0.0,,2025,2024-12-08 12:13:30
435,Jazian Gortman,21,DAL,PG,5,0,13,17.7,.800,.600,.000,8.6,0.0,4.1,0.0,0.0,6.9,16.7,19.5,0.0,0.0,0.0,.129,4.2,0.7,4.9,0.0,,2025,2024-12-08 12:13:30
436,Jack McVeigh,28,HOU,PF,6,0,21,4.4,.364,.727,.000,4.8,14.9,9.8,6.7,0.0,4.3,8.3,23.4,-0.1,0.0,0.0,-0.057,-5.3,-2.5,-7.8,0.0,,2025,2024-12-08 12:13:30
437,Luke Travers,23,CLE,SG,5,0,40,8.4,.508,.429,.286,2.9,13.3,8.3,14.4,1.2,2.3,20.2,10.7,0.0,0.0,0.1,.070,-5.4,-0.4,-5.7,0.0,,2025,2024-12-08 12:13:30
438,TyTy Washington Jr.,23,PHO,PG,3,0,27,14.1,.667,.500,.000,0.0,4.0,2.1,20.8,3.6,0.0,14.3,11.5,0.0,0.0,0.1,.119,-0.1,2.0,1.9,0.0,,2025,2024-12-08 12:13:30
439,Trey Alexander,21,DEN,SG,8,0,41,-0.4,.322,.600,.200,0.0,2.6,1.3,5.8,0.0,2.2,8.4,12.2,-0.1,0.0,-0.1,-0.093,-7.6,-2.7,-10.4,-0.1,,2025,2024-12-08 12:13:30
440,PJ Dozier,28,MIN,SG,7,0,30,11.3,.621,1.000,2.000,3.9,15.0,9.6,22.2,1.6,0.0,15.1,9.7,0.0,0.0,0.1,.139,-1.6,3.1,1.5,0.0,,2025,2024-12-08 12:13:30
441,AJ Johnson,20,MIL,SG,5,0,11,10.2,.583,.167,.000,0.0,19.1,9.9,15.7,0.0,0.0,25.0,32.0,0.0,0.0,0.0,-0.130,-5.3,-5.0,-10.3,0.0,,2025,2024-12-08 12:13:30
442,Jeenathan Williams,25,HOU,SG,3,0,10,31.5,.875,.500,.000,0.0,31.4,15.4,0.0,4.8,0.0,0.0,16.4,0.0,0.0,0.1,.352,5.4,7.4,12.8,0.0,,2025,2024-12-08 12:13:30
443,Taze Moore,26,POR,SG,2,0,20,7.2,.276,.400,.200,20.7,22.9,21.7,7.0,4.8,0.0,15.5,26.6,-0.1,0.0,-0.1,-0.170,-3.5,-1.2,-4.8,0.0,,2025,2024-12-08 12:13:30
444,Adama Sanogo,22,CHI,C,3,0,14,12.2,.600,.000,.000,15.4,0.0,7.6,10.2,0.0,0.0,16.7,17.8,0.0,0.0,0.0,.036,-0.1,-2.0,-2.1,0.0,,2025,2024-12-08 12:13:30
445,Gui Santos,22,GSW,PF,6,0,22,4.9,.510,.600,.400,4.6,23.3,13.9,11.7,0.0,0.0,25.4,14.9,0.0,0.0,0.0,.008,-7.2,-1.2,-8.4,0.0,,2025,2024-12-08 12:13:30
446,Jaden Springer,22,BOS,SG,7,0,24,12.4,.342,.286,.571,13.7,13.9,13.8,16.2,6.1,0.0,10.2,17.6,0.0,0.1,0.0,.074,-5.8,4.2,-1.6,0.0,,2025,2024-12-08 12:13:30
447,Brandon Williams,25,DAL,PG,5,0,21,-2.2,.291,.222,.333,5.3,14.9,10.3,11.8,0.0,0.0,16.2,24.8,-0.1,0.0,-0.1,-0.211,-11.4,-3.5,-14.9,-0.1,,2025,2024-12-08 12:13:30
448,James Wiseman,23,IND,C,1,0,5,32.2,.615,.250,.500,0.0,23.1,11.6,0.0,0.0,0.0,0.0,42.2,0.0,0.0,0.0,.227,5.9,-5.3,0.5,0.0,,2025,2024-12-08 12:13:30
449,Cam Christie,19,LAC,SG,1,0,18,6.5,.357,.571,.000,6.2,12.5,9.3,0.0,5.5,0.0,12.5,19.1,-0.1,0.0,0.0,-0.050,-4.0,3.6,-0.4,0.0,,2025,2024-12-08 12:13:30
450,Sidy Cissoko,20,SAS,SF,10,0,30,3.8,.285,.286,.571,7.3,21.5,14.4,22.0,0.0,0.0,10.2,13.9,0.0,0.0,0.0,-0.049,-5.6,-1.5,-7.1,0.0,,2025,2024-12-08 12:13:30
451,Markieff Morris,35,DAL,PF,3,0,18,-0.5,.278,.333,.000,0.0,29.0,15.0,14.0,0.0,5.0,18.2,25.8,-0.1,0.0,-0.1,-0.230,-9.2,-2.0,-11.1,0.0,,2025,2024-12-08 12:13:30
452,Liam Robbins,25,MIL,C,5,0,20,6.9,.525,.333,1.333,11.2,5.3,8.1,0.0,0.0,0.0,0.0,10.5,0.0,0.0,0.0,.058,-4.4,-3.0,-7.4,0.0,,2025,2024-12-08 12:13:30
453,Garrett Temple,38,TOR,SG,8,0,31,11.4,.417,.333,.000,3.5,10.6,7.1,20.1,6.2,3.1,14.3,9.4,0.0,0.1,0.1,.101,-4.3,6.4,2.1,0.0,,2025,2024-12-08 12:13:30
454,Alondes Williams,25,DET,SG,1,0,4,55.5,1.250,.500,.000,0.0,0.0,0.0,74.5,0.0,0.0,0.0,21.4,0.0,0.0,0.0,.559,37.9,5.9,43.8,0.0,,2025,2024-12-08 12:13:30
455,Branden Carlson,25,OKC,C,4,0,17,13.7,.254,.714,.286,18.6,30.8,24.7,14.0,2.8,6.0,0.0,19.7,0.0,0.1,0.0,.076,-5.0,-1.4,-6.4,0.0,,2025,2024-12-08 12:13:30
456,Colin Castleton,24,MEM,C,6,0,14,12.9,.725,1.000,4.000,0.0,36.0,18.7,0.0,0.0,6.7,0.0,7.9,0.0,0.0,0.1,.231,-3.5,2.4,-1.1,0.0,,2025,2024-12-08 12:13:30
457,Justin Edwards,21,PHI,SF,2,0,9,16.8,.581,.333,.333,0.0,27.8,12.9,20.2,0.0,0.0,0.0,16.8,0.0,0.0,0.0,.116,2.0,-0.4,1.6,0.0,,2025,2024-12-08 12:13:30
458,Jalen Hood-Schifino,21,LAL,SG,2,0,14,11.7,1.064,.000,2.000,8.2,0.0,4.1,9.2,0.0,6.6,34.7,9.0,0.0,0.0,0.0,.134,-3.7,0.8,-2.9,0.0,,2025,2024-12-08 12:13:30
459,Bronny James,20,LAL,SG,6,0,16,5.2,.291,.667,.333,7.2,0.0,3.6,15.9,3.1,0.0,0.0,18.9,0.0,0.0,0.0,-0.071,-7.0,-1.6,-8.6,0.0,,2025,2024-12-08 12:13:30
460,James Johnson,37,IND,PF,3,0,10,4.3,.500,.250,.000,0.0,23.1,11.6,29.5,0.0,9.4,42.9,30.3,-0.1,0.0,-0.1,-0.292,-6.9,1.0,-5.9,0.0,,2025,2024-12-08 12:13:30
461,Maxwell Lewis,22,LAL,SF,6,0,27,4.3,.333,.000,.000,8.5,0.0,4.2,9.5,1.8,0.0,14.3,11.4,0.0,0.0,0.0,-0.061,-5.1,-3.2,-8.3,0.0,,2025,2024-12-08 12:13:30
462,Karlo Matković,23,NOP,PF,5,0,39,8.0,.400,.000,.000,16.0,11.7,13.9,0.0,3.8,7.2,44.4,9.8,-0.1,0.0,0.0,-0.044,-8.0,-0.9,-8.9,-0.1,,2025,2024-12-08 12:13:30
463,Jared Rhoden,25,CHO,SG,4,0,12,5.7,.250,.250,.000,17.6,19.1,18.3,26.6,4.1,0.0,11.1,31.9,-0.1,0.0,-0.1,-0.206,-6.9,-1.7,-8.6,0.0,,2025,2024-12-08 12:13:30
464,Baylor Scheierman,24,BOS,SG,5,0,34,0.5,.184,.600,.200,6.4,16.4,11.4,7.1,1.4,0.0,0.0,13.8,-0.1,0.0,-0.1,-0.085,-9.8,-1.0,-10.8,-0.1,,2025,2024-12-08 12:13:30
465,D.J. Carton,24,TOR,SG,4,0,33,-2.6,.202,.429,.143,0.0,13.3,6.6,10.9,2.9,0.0,35.0,14.4,-0.2,0.0,-0.1,-0.208,-9.8,-1.3,-11.1,-0.1,,2025,2024-12-08 12:13:30
466,Cui Yongxi,21,BRK,SG,5,0,10,-10.9,.190,.429,.286,0.0,24.5,11.9,0.0,0.0,0.0,0.0,35.2,-0.1,0.0,-0.1,-0.512,-16.8,-8.4,-25.1,-0.1,,2025,2024-12-08 12:13:30
467,JD Davison,22,BOS,PG,4,0,17,-7.5,.307,.500,.500,0.0,13.1,6.5,7.4,2.9,0.0,45.0,22.6,-0.1,0.0,-0.1,-0.345,-15.6,-1.9,-17.4,-0.1,,2025,2024-12-08 12:13:30
468,David Duke Jr.,25,SAS,SG,1,0,8,3.1,.307,.250,.500,0.0,0.0,0.0,35.8,0.0,0.0,0.0,26.2,0.0,0.0,0.0,-0.118,-6.7,-5.0,-11.7,0.0,,2025,2024-12-08 12:13:30
469,Collin Gillespie,25,PHO,PG,1,0,3,26.8,.750,.500,.000,0.0,0.0,0.0,0.0,0.0,0.0,0.0,29.5,0.0,0.0,0.0,.142,11.4,0.2,11.6,0.0,,2025,2024-12-08 12:13:30
470,Jaylen Martin,21,BRK,SF,2,0,3,34.6,1.500,1.000,.000,0.0,0.0,0.0,0.0,0.0,0.0,0.0,14.9,0.0,0.0,0.0,.201,17.4,4.8,22.2,0.0,,2025,2024-12-08 12:13:30
471,Tristen Newton,23,IND,SG,5,0,8,-15.3,.233,.500,.167,0.0,0.0,0.0,16.6,0.0,0.0,13.4,40.2,-0.1,0.0,-0.1,-0.571,-22.0,-11.7,-33.7,-0.1,,2025,2024-12-08 12:13:30
472,Trevelin Queen,27,ORL,SG,2,0,5,-4.4,.500,.333,.000,0.0,0.0,0.0,0.0,0.0,0.0,25.0,34.7,0.0,0.0,0.0,-0.272,-9.3,-5.9,-15.2,0.0,,2025,2024-12-08 12:13:30
473,Oscar Tshiebwe,25,UTA,PF,1,0,16,18.1,.852,,,21.2,40.8,31.2,0.0,6.1,0.0,36.2,7.2,0.0,0.0,0.1,.212,-3.6,2.9,-0.7,0.0,,2025,2024-12-08 12:13:30
474,Stanley Umude,25,MIL,SG,6,0,17,6.6,.387,1.000,.667,0.0,18.6,9.6,7.4,0.0,5.5,0.0,10.0,0.0,0.0,0.0,.003,-2.6,0.5,-2.1,0.0,,2025,2024-12-08 12:13:30
475,Reece Beekman,23,GSW,PG,2,0,4,42.4,1.000,.000,.000,25.2,0.0,12.7,40.6,11.9,0.0,0.0,10.4,0.0,0.0,0.1,.604,9.9,15.7,25.6,0.0,,2025,2024-12-08 12:13:30
476,Ulrich Chomche,19,TOR,PF,1,0,5,16.5,1.000,.000,.000,0.0,21.9,10.9,0.0,0.0,0.0,0.0,8.3,0.0,0.0,0.0,.146,2.7,-1.2,1.5,0.0,,2025,2024-12-08 12:13:30
477,Mouhamed Gueye,22,ATL,PF,2,0,11,-5.7,.250,.500,.000,0.0,19.5,9.7,0.0,0.0,0.0,20.0,18.4,-0.1,0.0,-0.1,-0.268,-11.0,-4.6,-15.6,0.0,,2025,2024-12-08 12:13:30
478,PJ Hall,22,DEN,C,4,0,8,-2.3,.333,.667,.000,0.0,0.0,0.0,0.0,0.0,0.0,0.0,15.8,0.0,0.0,0.0,-0.132,-12.8,-6.8,-19.6,0.0,,2025,2024-12-08 12:13:30
479,Keshad Johnson,23,MIA,SF,2,0,12,5.0,.500,.500,.000,0.0,18.1,9.1,0.0,0.0,0.0,0.0,7.3,0.0,0.0,0.0,.027,-5.4,-1.2,-6.6,0.0,,2025,2024-12-08 12:13:30
480,Malevy Leons,25,OKC,SF,6,0,21,-2.3,.266,.500,2.000,5.0,10.0,7.5,5.3,0.0,0.0,21.0,9.6,0.0,0.0,0.0,-0.045,-10.6,-2.0,-12.6,-0.1,,2025,2024-12-08 12:13:30
481,Chris Livingston,21,MIL,SF,3,0,6,19.5,.500,.000,.000,18.7,17.5,18.1,24.3,8.1,0.0,33.3,22.0,0.0,0.0,0.0,.063,-0.3,4.4,4.1,0.0,,2025,2024-12-08 12:13:30
482,Alex Reese,25,OKC,PF,1,0,2,54.8,1.000,.000,.000,52.6,0.0,26.2,0.0,0.0,0.0,0.0,21.3,0.0,0.0,0.0,.599,22.8,-3.9,18.9,0.0,,2025,2024-12-08 12:13:30
483,Cam Spencer,24,MEM,SG,2,0,21,3.4,.500,.500,.000,0.0,9.6,5.0,10.8,0.0,4.4,33.3,5.7,0.0,0.0,0.0,.026,-6.0,0.1,-5.8,0.0,,2025,2024-12-08 12:13:30
484,Jacob Toppin,24,NYK,SF,7,0,21,2.2,.333,.667,.000,0.0,16.0,8.4,11.1,0.0,0.0,25.0,8.4,0.0,0.0,0.0,-0.055,-5.6,-1.7,-7.3,0.0,,2025,2024-12-08 12:13:30
485,Dominick Barlow,21,ATL,SF,2,0,11,-2.7,.266,.000,2.000,0.0,0.0,0.0,0.0,0.0,0.0,0.0,6.9,0.0,0.0,0.0,-0.082,-8.7,-3.4,-12.1,0.0,,2025,2024-12-08 12:13:30
486,Jalen Bridges,23,PHO,SF,2,0,11,-13.0,.174,1.000,1.000,0.0,9.9,5.0,0.0,0.0,0.0,41.0,19.6,-0.1,0.0,-0.1,-0.434,-16.7,-6.7,-23.5,-0.1,,2025,2024-12-08 12:13:30
487,Daishen Nix,22,MIN,PG,3,0,13,-7.0,.266,1.000,2.000,0.0,34.5,17.6,28.3,0.0,0.0,68.0,19.9,-0.1,0.0,-0.1,-0.315,-15.6,-1.2,-16.8,0.0,,2025,2024-12-08 12:13:30
488,Alex Ducas,24,OKC,SG,4,0,7,-15.8,.000,.667,.000,0.0,0.0,0.0,0.0,0.0,0.0,0.0,18.2,-0.1,0.0,-0.1,-0.413,-17.5,-6.4,-23.8,0.0,,2025,2024-12-08 12:13:30
489,Kessler Edwards,24,DAL,SF,4,0,9,-17.0,.000,1.000,.000,0.0,0.0,0.0,0.0,0.0,0.0,33.3,14.1,-0.1,0.0,-0.1,-0.362,-20.4,-6.1,-26.5,-0.1,,2025,2024-12-08 12:13:30
490,Joe Ingles,37,MIN,SF,7,0,26,5.6,.000,1.000,.000,9.0,0.0,4.4,42.4,0.0,0.0,33.3,5.1,0.0,0.0,0.1,.096,-3.2,1.3,-1.8,0.0,,2025,2024-12-08 12:13:30
491,Harrison Ingram,22,SAS,SF,1,0,7,-5.7,.000,.000,.000,0.0,15.3,7.7,0.0,0.0,0.0,0.0,6.1,0.0,0.0,0.0,-0.129,-11.5,-4.1,-15.6,0.0,,2025,2024-12-08 12:13:30
492,Daniss Jenkins,23,DET,PG,2,0,5,-18.0,.000,1.000,.000,0.0,0.0,0.0,0.0,0.0,0.0,0.0,17.1,0.0,0.0,0.0,-0.399,-21.3,-7.4,-28.7,0.0,,2025,2024-12-08 12:13:30
493,Mason Jones,26,SAC,SG,3,0,13,14.9,.000,1.000,.000,8.9,25.9,17.6,61.5,0.0,0.0,0.0,6.7,0.0,0.0,0.0,.142,2.9,1.2,4.1,0.0,,2025,2024-12-08 12:13:30
494,Spencer Jones,23,DEN,SF,2,0,4,18.2,.000,1.000,.000,0.0,26.8,13.6,0.0,23.9,0.0,0.0,10.5,0.0,0.0,0.0,.081,-7.9,18.7,10.7,0.0,,2025,2024-12-08 12:13:30
495,Mac McClung,26,ORL,SG,1,0,5,14.7,,,,0.0,24.0,11.6,50.1,0.0,0.0,,0.0,0.0,0.0,0.0,.229,2.3,3.9,6.2,0.0,,2025,2024-12-08 12:13:30
496,Justin Minaya,25,POR,SF,1,0,6,-0.4,,,,0.0,19.0,9.0,0.0,0.0,0.0,,0.0,0.0,0.0,0.0,.010,-11.4,-2.1,-13.5,0.0,,2025,2024-12-08 12:13:30
497,Riley Minix,24,SAS,SF,1,0,7,-1.8,.000,1.000,.000,0.0,30.7,15.5,0.0,0.0,0.0,0.0,6.1,0.0,0.0,0.0,-0.107,-8.3,-3.6,-11.9,0.0,,2025,2024-12-08 12:13:30
498,Jalen Pickett,25,DEN,SG,3,0,20,0.8,.000,1.000,.000,5.5,10.7,8.2,11.2,0.0,0.0,0.0,4.2,0.0,0.0,0.0,-0.027,-7.6,-3.3,-10.9,0.0,,2025,2024-12-08 12:13:30
499,Cole Swider,25,DET,SF,2,0,13,-11.4,.000,1.000,.000,0.0,16.8,8.6,9.2,0.0,0.0,0.0,16.5,-0.1,0.0,-0.1,-0.328,-14.8,-6.4,-21.1,-0.1,,2025,2024-12-08 12:13:30
,League Average,,,,,,,,.574,.423,.251,4.9,15.0,10.0,16.2,1.7,2.0,12.5,19.9,,,,,,,,,,2025,2024-12-08 12:13:30
