Rk,Player,Pos,Age,Tm,G,MP,PER,TS%,3PAr,FTr,ORB%,DRB%,TRB%,AST%,STL%,BLK%,TOV%,USG%,,OWS,DWS,WS,WS/48,,OBPM,DBPM,BPM,VORP,Season Year
1,Bam Adebayo,C,27,MIA,2,58,11.2,.391,.182,.500,12.6,15.7,14.2,11.0,0.9,1.7,3.6,21.1,,0.0,0.0,0.0,.014,,-5.0,-4.7,-9.7,-0.1,2025
2,Ochai Agbaji,SG,24,TOR,3,82,16.4,.702,.273,.227,10.1,13.1,11.6,8.0,2.9,1.2,17.1,14.4,,0.1,0.0,0.2,.094,,0.4,-0.7,-0.3,0.0,2025
3,Santi Aldama,PF,24,MEM,3,81,21.6,.803,.567,.133,2.6,18.8,10.8,19.1,0.0,3.5,15.9,18.7,,0.2,0.0,0.3,.175,,5.1,-1.0,4.1,0.1,2025
4,Trey Alexander,SG,21,DEN,1,2,6.4,,,,0.0,52.7,25.7,0.0,0.0,0.0,,0.0,,0.0,0.0,0.0,.099,,-11.0,0.5,-10.5,0.0,2025
5,Nickeil Alexander-Walker,SG,26,MIN,3,63,16.1,.857,.714,.286,3.6,8.5,6.2,14.5,0.0,0.0,16.0,13.0,,0.2,0.0,0.2,.176,,3.8,-0.8,3.0,0.1,2025
6,Grayson Allen,SG,29,PHO,1,21,11.5,.508,.857,.286,0.0,5.1,2.8,20.9,2.3,4.4,11.3,19.2,,0.0,0.0,0.0,.066,,-0.3,-0.1,-0.4,0.0,2025
7,Jarrett Allen,C,26,CLE,3,82,31.6,.858,.000,.708,4.8,25.3,16.2,6.7,1.7,7.8,6.0,17.5,,0.5,0.2,0.7,.388,,6.1,1.6,7.7,0.2,2025
8,Jose Alvarado,PG,26,NOP,2,26,5.0,.375,.750,.000,0.0,4.2,2.0,33.4,7.0,0.0,50.0,12.7,,-0.1,0.1,0.0,.007,,-10.9,3.9,-7.0,0.0,2025
9,Kyle Anderson,SF,31,GSW,2,34,21.0,.500,.556,.000,15.0,15.4,15.2,19.3,5.3,2.6,10.0,11.4,,0.1,0.1,0.2,.345,,2.2,4.9,7.1,0.1,2025
10,Giannis Antetokounmpo,PF,30,MIL,2,66,31.6,.655,.029,.941,3.4,32.5,19.3,31.4,0.0,1.3,11.1,34.7,,0.3,0.1,0.3,.252,,4.5,0.0,4.6,0.1,2025
11,Cole Anthony,PG,24,ORL,3,45,3.1,.288,.615,.154,0.0,10.2,5.0,29.8,4.3,0.0,26.5,17.7,,-0.1,0.1,-0.1,-0.071,,-11.1,-0.6,-11.7,-0.1,2025
12,OG Anunoby,SF,27,NYK,2,68,7.1,.434,.421,.211,0.0,15.7,8.5,7.3,1.5,0.0,4.6,14.9,,0.0,0.0,0.0,-0.031,,-6.2,-1.6,-7.8,-0.1,2025
13,Deni Avdija,SF,24,POR,2,58,9.0,.377,.316,.421,5.1,17.8,11.3,20.5,2.4,6.7,21.0,19.5,,-0.2,0.1,-0.1,-0.087,,-4.1,-0.4,-4.5,0.0,2025
14,Deandre Ayton,C,26,POR,2,64,9.7,.378,.077,.038,6.1,35.5,20.4,10.3,1.4,3.0,7.0,17.6,,-0.1,0.1,0.0,-0.034,,-4.1,-2.2,-6.4,-0.1,2025
15,Marvin Bagley III,PF,25,WAS,2,19,30.6,.564,.250,.583,34.7,31.2,33.1,10.6,0.0,5.4,16.6,37.6,,0.0,0.0,0.0,.063,,4.9,-4.8,0.1,0.0,2025
16,Patrick Baldwin Jr.,SF,22,WAS,2,13,22.2,.563,.375,.000,7.2,27.4,16.1,15.2,0.0,7.9,0.0,24.3,,0.0,0.0,0.0,.099,,2.8,0.1,3.0,0.0,2025
17,LaMelo Ball,PG,23,CHO,3,103,26.6,.655,.581,.387,4.0,17.1,10.5,41.9,1.4,1.8,19.0,34.9,,0.4,0.1,0.5,.238,,7.0,-0.9,6.1,0.2,2025
18,Lonzo Ball,PG,27,CHI,2,29,2.5,.400,.800,.000,0.0,23.3,11.7,23.6,0.0,0.0,23.1,17.8,,-0.1,0.0,0.0,-0.070,,-6.3,-1.6,-7.8,0.0,2025
19,Paolo Banchero,SF,22,ORL,3,105,19.4,.514,.286,.612,8.3,17.6,12.8,23.0,0.9,1.9,4.6,26.3,,0.3,0.1,0.4,.180,,1.2,-2.3,-1.1,0.0,2025
20,Desmond Bane,SG,26,MEM,3,84,16.9,.550,.435,.152,2.5,14.5,8.6,18.8,2.7,3.4,10.9,26.3,,0.0,0.1,0.1,.073,,-0.7,-0.3,-1.0,0.0,2025
21,Dalano Banton,SF,25,POR,1,8,6.0,.375,.500,.000,0.0,12.9,6.3,19.7,0.0,0.0,0.0,19.8,,0.0,0.0,0.0,-0.077,,-0.1,-5.9,-6.0,0.0,2025
22,Harrison Barnes,SF,32,SAS,2,57,19.6,.808,.500,.188,2.1,9.7,6.4,8.5,0.8,1.5,0.0,13.0,,0.2,0.0,0.2,.206,,4.0,-0.8,3.2,0.1,2025
23,Scottie Barnes,SF,23,TOR,3,99,14.4,.535,.182,.432,9.5,13.2,11.4,26.3,1.5,1.0,18.6,26.2,,0.0,0.0,0.0,.021,,-1.2,-2.9,-4.1,-0.1,2025
24,Charles Bassey,C,24,SAS,1,6,21.6,,,,0.0,15.4,8.6,20.5,8.0,14.7,,0.0,,0.0,0.0,0.0,.247,,1.6,10.7,12.3,0.0,2025
25,Jamison Battle,SF,23,TOR,3,50,19.6,.687,.647,.353,11.8,21.4,16.6,6.7,0.0,1.9,0.0,15.9,,0.2,0.0,0.2,.192,,4.2,-2.9,1.3,0.0,2025
26,Nicolas Batum,SF,36,LAC,2,45,5.1,.399,1.000,2.000,2.5,13.2,7.7,13.7,1.1,2.4,21.0,4.5,,0.0,0.1,0.1,.093,,-5.3,2.1,-3.2,0.0,2025
27,Bradley Beal,SG,31,PHO,2,74,18.1,.691,.462,.192,0.0,5.8,3.1,22.9,2.0,2.5,12.4,19.7,,0.2,0.1,0.2,.153,,3.0,-0.9,2.1,0.1,2025
28,Malik Beasley,SG,28,DET,3,77,13.6,.608,.588,.147,0.0,15.6,7.8,4.1,0.0,1.3,7.7,21.7,,0.1,0.0,0.1,.048,,1.4,-2.5,-1.1,0.0,2025
29,MarJon Beauchamp,SF,24,MIL,2,2,-42.4,.000,1.000,.000,0.0,0.0,0.0,0.0,0.0,0.0,50.0,42.4,,0.0,0.0,-0.1,-1.226,,-29.2,-14.6,-43.8,0.0,2025
30,Goga Bitadze,C,25,ORL,3,17,9.4,.512,.250,.500,12.8,20.3,16.5,8.5,0.0,5.8,29.1,17.1,,0.0,0.0,0.0,.006,,-8.0,-3.2,-11.2,0.0,2025
31,Anthony Black,PG,21,ORL,3,74,14.1,.575,.174,.304,5.9,9.3,7.6,24.9,0.0,4.0,13.3,17.2,,0.1,0.1,0.2,.141,,-2.0,-2.0,-3.9,0.0,2025
32,Bogdan Bogdanović,SG,32,ATL,1,28,6.4,.581,1.000,.333,0.0,6.9,3.8,9.6,0.0,7.4,22.5,13.4,,0.0,0.0,0.0,-0.022,,-4.3,-3.1,-7.3,0.0,2025
33,Adem Bona,PF,21,PHI,2,4,20.5,1.000,.000,.000,23.8,0.0,13.6,0.0,0.0,0.0,0.0,10.2,,0.0,0.0,0.0,.260,,-0.6,-2.1,-2.7,0.0,2025
34,Devin Booker,SG,28,PHO,3,105,15.5,.602,.548,.381,2.4,6.2,4.4,23.5,1.4,1.7,12.5,24.2,,0.2,0.1,0.3,.115,,0.9,-1.8,-0.9,0.0,2025
35,Chris Boucher,PF,32,TOR,3,55,15.3,.477,.591,.545,4.3,26.0,15.1,5.6,2.6,8.7,6.8,21.5,,0.0,0.1,0.1,.073,,-0.4,-0.5,-0.9,0.0,2025
36,Malaki Branham,SG,21,SAS,2,20,23.6,.670,.300,.100,0.0,23.1,13.0,19.5,0.0,8.8,16.1,26.7,,0.0,0.0,0.0,.119,,4.0,1.4,5.4,0.0,2025
37,Christian Braun,SG,23,DEN,2,63,16.2,.617,.190,.095,4.8,18.4,11.4,5.9,2.4,5.3,15.5,17.3,,0.0,0.1,0.1,.103,,-0.4,-0.2,-0.6,0.0,2025
38,Mikal Bridges,SF,28,NYK,2,68,19.4,.680,.400,.200,2.0,0.0,0.9,15.0,0.8,0.0,6.8,20.0,,0.3,-0.1,0.2,.142,,2.1,-2.6,-0.5,0.0,2025
39,Miles Bridges,SF,26,CHO,3,98,14.9,.560,.405,.286,3.1,21.1,12.1,6.8,0.5,2.8,11.3,21.8,,0.1,0.1,0.2,.091,,-1.4,-2.6,-3.9,0.0,2025
40,Dillon Brooks,SG,29,HOU,3,98,10.0,.551,.533,.200,4.7,4.4,4.6,1.4,1.5,0.9,3.0,13.5,,0.1,0.1,0.2,.119,,-3.8,-1.2,-5.0,-0.1,2025
41,Jaylen Brown,SF,28,BOS,3,98,22.5,.526,.387,.306,6.8,24.5,15.1,14.0,3.0,0.0,6.6,33.4,,0.2,0.1,0.4,.180,,1.1,-2.3,-1.2,0.0,2025
42,Jalen Brunson,PG,28,NYK,2,54,28.5,.665,.212,.212,5.2,8.8,7.1,23.4,0.0,0.0,12.2,35.5,,0.2,0.0,0.2,.179,,4.5,-3.5,1.0,0.0,2025
43,Thomas Bryant,C,27,MIA,2,28,24.7,.945,.167,.333,3.7,10.8,7.3,25.0,1.8,7.2,12.7,12.4,,0.1,0.0,0.2,.258,,3.5,3.3,6.8,0.1,2025
44,Alec Burks,SG,33,MIA,1,25,15.2,1.125,1.000,.000,0.0,8.1,4.1,0.0,0.0,4.0,0.0,7.0,,0.1,0.0,0.1,.111,,1.6,-0.9,0.7,0.0,2025
45,Jared Butler,SG,24,WAS,2,20,28.7,.595,.200,.400,0.0,5.9,2.6,44.4,4.6,5.1,0.0,23.2,,0.1,0.0,0.1,.243,,6.4,5.4,11.8,0.1,2025
46,Jimmy Butler,SF,35,MIA,2,63,18.4,.462,.217,.826,8.3,11.2,9.8,33.1,2.4,3.2,6.0,23.3,,0.1,0.1,0.2,.121,,-0.4,-0.4,-0.8,0.0,2025
47,Matas Buzelis,SF,20,CHI,3,21,-0.1,.253,.444,.222,4.6,9.2,6.9,19.4,2.1,0.0,9.2,20.6,,-0.1,0.0,-0.1,-0.132,,-10.4,-2.7,-13.1,-0.1,2025
48,Kentavious Caldwell-Pope,SG,31,ORL,3,79,7.1,.388,.778,.333,1.4,4.4,2.8,8.3,3.0,6.2,12.7,12.7,,-0.1,0.1,0.1,.039,,-6.2,0.5,-5.7,-0.1,2025
49,Toumani Camara,PF,24,POR,2,55,11.7,.508,.429,.286,14.2,7.5,11.0,16.3,2.5,0.0,16.0,13.5,,0.0,0.0,0.1,.051,,-0.9,-2.3,-3.2,0.0,2025
50,Vlatko Čančar,PF,27,DEN,1,2,6.4,,,,0.0,52.7,25.7,0.0,0.0,0.0,,0.0,,0.0,0.0,0.0,.099,,-7.3,-2.0,-9.2,0.0,2025
51,Clint Capela,C,30,ATL,2,41,16.0,.761,.000,.286,5.8,28.4,18.2,7.1,2.3,7.6,27.6,11.2,,0.0,0.1,0.1,.127,,-2.5,0.0,-2.5,0.0,2025
52,Carlton Carrington,PG,19,WAS,2,51,1.5,.391,.429,.429,0.0,11.6,5.1,15.6,0.0,4.0,19.4,16.0,,-0.1,0.0,-0.1,-0.138,,-9.6,-2.8,-12.4,-0.1,2025
53,Jevon Carter,PG,29,CHI,1,4,9.8,.000,1.000,.000,0.0,0.0,0.0,30.0,10.9,0.0,0.0,10.0,,0.0,0.0,0.0,.020,,-4.6,8.0,3.4,0.0,2025
54,Wendell Carter Jr.,C,25,ORL,3,89,13.3,.460,.444,.333,12.3,32.4,22.0,12.2,2.2,1.1,12.7,11.2,,0.1,0.2,0.3,.135,,-2.4,-0.9,-3.3,0.0,2025
55,D.J. Carton,SG,24,TOR,2,25,-0.4,.276,.400,.200,0.0,19.0,9.5,16.3,3.8,0.0,42.4,15.2,,-0.1,0.0,-0.1,-0.205,,-10.1,-1.1,-11.3,-0.1,2025
56,Alex Caruso,PG,30,OKC,2,41,6.3,.214,.571,.000,4.2,12.9,8.5,16.4,2.2,4.7,12.5,7.7,,-0.1,0.2,0.1,.135,,-7.9,4.3,-3.6,0.0,2025
57,Stephon Castle,PG,20,SAS,2,45,7.0,.422,.267,.600,5.3,4.1,4.6,25.3,2.1,2.0,20.9,22.8,,-0.1,0.0,-0.1,-0.055,,-7.2,-2.3,-9.5,-0.1,2025
58,Julian Champagnie,SF,23,SAS,2,53,19.6,.718,.600,.100,11.2,13.9,12.7,9.4,0.9,3.3,19.3,20.9,,0.1,0.0,0.1,.126,,3.9,-1.9,2.1,0.1,2025
59,Justin Champagnie,SF,23,WAS,1,4,7.8,,,,23.5,29.6,26.2,30.8,0.0,0.0,,0.0,,0.0,0.0,0.0,.181,,-12.2,2.6,-9.6,0.0,2025
60,Ulrich Chomche,PF,19,TOR,1,5,16.8,1.000,.000,.000,0.0,23.8,11.9,0.0,0.0,0.0,0.0,8.1,,0.0,0.0,0.0,.115,,1.8,-2.4,-0.7,0.0,2025
61,Max Christie,SG,21,LAL,3,41,2.4,.394,.750,.250,2.8,12.1,7.3,11.4,2.3,0.0,25.3,12.3,,-0.1,0.0,0.0,-0.044,,-8.4,-1.1,-9.4,-0.1,2025
62,Brandon Clarke,PF,28,MEM,3,43,2.4,.306,.267,.200,4.9,21.2,13.2,5.9,2.1,0.0,10.9,17.1,,-0.1,0.0,-0.1,-0.097,,-9.4,-3.2,-12.6,-0.1,2025
63,Jordan Clarkson,SG,32,UTA,2,49,13.0,.481,.346,.269,4.0,8.0,6.0,37.2,0.0,1.9,12.1,26.2,,0.0,0.0,-0.1,-0.052,,-0.3,-4.3,-4.6,0.0,2025
64,Nic Claxton,C,25,BRK,2,36,14.4,.517,.000,.750,3.1,31.2,16.3,12.4,2.6,5.5,8.6,13.4,,0.0,0.0,0.1,.093,,-2.4,1.8,-0.6,0.0,2025
65,Donovan Clingan,C,20,POR,2,27,12.2,.694,.000,1.000,7.3,22.9,14.9,0.0,1.7,18.0,41.0,10.8,,0.0,0.0,0.0,.029,,-6.7,2.2,-4.5,0.0,2025
66,Noah Clowney,PF,20,BRK,2,30,12.9,.470,.500,.143,14.7,16.6,15.6,0.0,3.2,3.3,11.8,23.3,,0.0,0.0,0.0,.001,,-3.4,-2.9,-6.3,0.0,2025
67,Amir Coffey,SG,27,LAC,2,50,9.8,.557,.556,.222,2.3,9.5,5.8,10.9,2.0,0.0,0.0,8.5,,0.1,0.1,0.1,.137,,-2.7,1.6,-1.1,0.0,2025
68,John Collins,PF,27,UTA,2,42,14.9,.507,.273,.273,7.1,21.0,14.1,18.9,2.2,4.5,16.9,27.4,,0.0,0.0,0.0,-0.017,,-3.5,-0.6,-4.1,0.0,2025
69,Zach Collins,PF,27,SAS,2,31,14.6,.571,.143,.286,15.3,26.8,21.8,13.5,1.5,0.0,11.3,12.3,,0.1,0.0,0.1,.177,,-2.0,-0.6,-2.6,0.0,2025
70,Mike Conley,PG,37,MIN,3,74,10.1,.374,.720,.280,6.2,7.3,6.7,22.2,3.3,2.2,12.5,18.9,,-0.1,0.1,0.1,.035,,-3.6,1.2,-2.4,0.0,2025
71,Pat Connaughton,SG,32,MIL,2,37,6.6,.400,.667,.000,9.2,15.1,12.4,6.8,0.0,2.2,11.8,19.5,,-0.1,0.0,-0.1,-0.076,,-5.6,-5.2,-10.9,-0.1,2025
72,Bilal Coulibaly,SF,20,WAS,2,65,15.4,.706,.500,.500,5.8,14.6,9.7,16.4,0.7,0.0,21.5,17.0,,0.1,-0.1,0.1,.040,,0.3,-2.4,-2.1,0.0,2025
73,Ricky Council IV,SG,23,PHI,2,13,9.5,.608,.500,1.000,0.0,9.7,4.2,0.0,0.0,0.0,14.8,21.2,,0.0,0.0,0.0,.037,,-2.5,-4.3,-6.8,0.0,2025
74,Cade Cunningham,PG,23,DET,3,112,17.6,.552,.290,.174,2.2,13.9,8.1,40.3,0.9,3.6,19.5,35.2,,0.0,0.0,0.0,-0.005,,1.2,-1.8,-0.7,0.0,2025
75,Seth Curry,SG,34,CHO,3,83,12.8,.567,.615,.115,6.2,7.5,6.8,9.1,1.8,1.1,3.5,13.7,,0.2,0.0,0.2,.124,,-0.4,-1.5,-2.0,0.0,2025
76,Stephen Curry,PG,36,GSW,2,52,21.6,.552,.667,.267,0.0,20.1,10.9,32.8,3.5,0.0,13.0,28.7,,0.2,0.2,0.4,.341,,0.7,2.0,2.7,0.1,2025
77,Tristan Da Silva,SF,23,ORL,1,5,-17.4,.000,1.000,.000,0.0,0.0,0.0,0.0,0.0,0.0,50.0,16.9,,0.0,0.0,0.0,-0.452,,-19.8,-8.7,-28.5,0.0,2025
78,Pacome Dadiet,SG,19,NYK,2,18,-2.6,.375,.500,.000,0.0,13.2,7.1,0.0,0.0,0.0,20.0,13.0,,-0.1,0.0,-0.1,-0.167,,-9.9,-5.3,-15.2,-0.1,2025
79,Dyson Daniels,PG,21,ATL,2,59,23.9,.694,.364,.182,6.0,4.9,5.4,17.7,5.6,5.2,7.8,18.4,,0.2,0.1,0.3,.204,,2.1,3.1,5.2,0.1,2025
80,Anthony Davis,PF,31,LAL,3,113,35.1,.673,.089,.804,7.1,28.6,17.4,14.3,2.1,6.7,5.0,29.9,,0.7,0.2,0.8,.357,,8.6,1.3,9.9,0.3,2025
81,Johnny Davis,SG,22,WAS,2,10,-0.2,.250,.250,.000,9.4,0.0,5.2,14.0,0.0,0.0,0.0,15.8,,0.0,0.0,0.0,-0.163,,-10.5,-5.4,-15.8,0.0,2025
82,JD Davison,PG,22,BOS,1,8,-20.5,.000,1.000,.000,0.0,15.8,7.4,14.1,0.0,0.0,75.0,21.7,,-0.1,0.0,-0.1,-0.568,,-19.6,-7.3,-26.9,-0.1,2025
83,DeMar DeRozan,SG,35,SAC,2,80,18.8,.646,.167,.600,1.6,10.5,6.1,9.4,2.3,0.0,9.5,22.9,,0.2,0.0,0.2,.106,,0.4,-1.6,-1.2,0.0,2025
84,Moussa Diabaté,PF,23,CHO,3,33,13.1,.461,.000,.500,15.5,18.8,17.1,0.0,1.5,5.6,9.3,13.1,,0.0,0.0,0.0,.056,,-3.5,-2.6,-6.1,0.0,2025
85,Gradey Dick,SG,21,TOR,3,83,13.8,.590,.500,.211,1.4,4.3,2.9,6.3,1.2,2.3,6.7,21.7,,0.2,0.0,0.1,.086,,0.4,-2.9,-2.5,0.0,2025
86,Ousmane Dieng,SF,21,OKC,2,34,11.1,.487,.636,.273,0.0,23.3,11.5,3.7,0.0,5.7,0.0,14.3,,0.0,0.1,0.1,.195,,-3.3,2.2,-1.1,0.0,2025
87,Spencer Dinwiddie,PG,31,DAL,1,3,4.2,,,,0.0,37.2,16.4,0.0,0.0,0.0,,0.0,,0.0,0.0,0.0,.053,,-11.5,0.1,-11.4,0.0,2025
88,Donte DiVincenzo,SG,28,MIN,3,82,7.3,.453,.694,.167,2.8,5.2,4.1,13.1,1.8,0.0,11.5,23.2,,-0.1,0.1,0.0,-0.023,,-4.8,-1.7,-6.4,-0.1,2025
89,Luka Dončić,PG,25,DAL,2,76,25.4,.578,.480,.400,2.3,26.4,13.0,28.9,0.6,2.8,9.3,35.3,,0.2,0.1,0.3,.193,,6.9,-0.1,6.7,0.2,2025
90,Luguentz Dort,SG,25,OKC,2,53,6.6,.450,.417,.250,1.6,5.0,3.3,2.2,2.5,1.8,7.0,10.6,,0.0,0.2,0.2,.142,,-7.5,2.8,-4.8,0.0,2025
91,Ayo Dosunmu,SG,25,CHI,3,77,0.7,.260,.640,.000,0.0,17.6,8.8,24.1,0.0,1.0,16.7,15.5,,-0.2,0.1,-0.2,-0.099,,-7.7,-2.4,-10.1,-0.2,2025
92,Jeff Dowtin,PG,27,PHI,1,3,0.0,,,,0.0,0.0,0.0,0.0,0.0,0.0,,0.0,,0.0,0.0,0.0,-0.033,,-8.0,-3.7,-11.6,0.0,2025
93,Andre Drummond,C,31,PHI,2,47,17.6,.449,.053,.526,22.2,29.6,25.4,0.0,4.1,4.3,11.4,22.9,,0.0,0.1,0.1,.057,,-3.4,-3.2,-6.6,-0.1,2025
94,Chris Duarte,SG,27,CHI,2,6,41.0,1.500,1.000,.000,0.0,0.0,0.0,33.3,0.0,0.0,0.0,13.3,,0.0,0.0,0.1,.417,,22.8,3.6,26.4,0.0,2025
95,Alex Ducas,SG,24,OKC,2,4,-8.6,.000,1.000,.000,0.0,0.0,0.0,0.0,0.0,0.0,0.0,9.8,,0.0,0.0,0.0,-0.132,,-13.5,-2.9,-16.5,0.0,2025
96,Kris Dunn,PG,30,LAC,2,39,17.5,.800,.700,.000,8.7,21.3,14.9,11.7,2.5,0.0,16.7,13.2,,0.1,0.1,0.2,.207,,0.7,3.0,3.8,0.1,2025
97,Ryan Dunn,SF,22,PHO,3,43,14.2,.667,.722,.000,2.9,12.6,8.1,12.3,0.0,2.1,5.3,20.0,,0.1,0.0,0.1,.122,,0.6,-1.5,-0.9,0.0,2025
98,Kevin Durant,SF,36,PHO,3,122,19.4,.652,.291,.455,0.0,17.7,9.5,12.1,1.6,2.2,14.3,28.6,,0.1,0.2,0.3,.111,,1.5,-1.2,0.3,0.1,2025
99,Jalen Duren,C,21,DET,3,88,20.6,.814,.000,.800,13.8,25.9,19.9,18.4,0.6,3.5,19.8,12.3,,0.3,0.0,0.4,.196,,1.8,1.5,3.3,0.1,2025
100,Tari Eason,SF,23,HOU,3,47,24.3,.656,.438,.000,5.9,13.8,9.5,13.4,7.1,3.6,5.9,14.3,,0.1,0.1,0.3,.285,,2.0,6.9,8.9,0.1,2025
101,Zach Edey,C,22,MEM,3,51,14.5,.581,.056,.444,16.4,13.9,15.1,2.9,0.9,1.8,4.4,17.7,,0.1,0.0,0.1,.117,,-3.4,-3.8,-7.1,-0.1,2025
102,Anthony Edwards,SG,23,MIN,3,119,14.5,.548,.571,.186,1.0,16.3,8.8,16.7,0.8,0.7,12.7,31.7,,0.0,0.1,0.1,.041,,-0.5,-1.9,-2.5,0.0,2025
103,Keon Ellis,SG,25,SAC,1,11,12.4,.532,.000,2.000,0.0,10.9,5.6,0.0,8.4,0.0,0.0,7.5,,0.0,0.0,0.0,.110,,-4.8,7.0,2.2,0.0,2025
104,Drew Eubanks,C,27,UTA,1,6,44.5,1.064,1.000,2.000,33.0,0.0,16.4,60.4,0.0,0.0,0.0,12.2,,0.1,0.0,0.1,.539,,26.4,3.6,30.0,0.0,2025
105,Bruno Fernando,C,26,TOR,3,35,12.5,.509,.000,.333,27.0,27.2,27.1,9.0,1.4,8.2,30.4,22.8,,-0.1,0.0,0.0,-0.031,,-8.1,-2.4,-10.5,-0.1,2025
106,Kyle Filipowski,C,21,UTA,1,4,0.0,,,,0.0,0.0,0.0,0.0,0.0,0.0,,0.0,,0.0,0.0,0.0,-0.062,,-8.2,-4.8,-13.0,0.0,2025
107,Dorian Finney-Smith,PF,31,BRK,2,56,14.8,.575,.650,.000,11.8,17.8,14.6,2.9,1.7,3.5,9.1,16.2,,0.1,0.0,0.1,.086,,0.4,-2.2,-1.8,0.0,2025
108,Adam Flagler,SG,25,OKC,2,4,36.5,1.500,1.000,.000,0.0,0.0,0.0,0.0,11.2,0.0,0.0,9.8,,0.0,0.0,0.0,.543,,6.0,14.1,20.1,0.0,2025
109,Simone Fontecchio,SF,29,DET,3,53,3.4,.508,.786,.286,2.3,9.1,5.7,0.0,0.0,0.0,11.3,14.3,,0.0,0.0,0.0,-0.036,,-5.2,-3.4,-8.6,-0.1,2025
110,De'Aaron Fox,PG,27,SAC,2,78,16.3,.560,.412,.294,0.0,10.8,5.5,40.0,1.8,0.0,17.2,26.0,,0.1,0.0,0.1,.041,,-0.6,-3.1,-3.7,0.0,2025
111,Enrique Freeman,PF,24,IND,2,16,9.3,1.064,.000,2.000,8.1,0.0,3.9,0.0,0.0,5.4,34.7,8.0,,0.0,0.0,0.0,.059,,-4.2,-3.5,-7.7,0.0,2025
112,Johnny Furphy,SG,20,IND,1,5,-22.9,.000,.333,.000,0.0,0.0,0.0,0.0,0.0,0.0,0.0,26.6,,-0.1,0.0,-0.1,-0.701,,-21.4,-14.6,-36.0,0.0,2025
113,Daniel Gafford,PF,26,DAL,2,37,20.3,.512,.000,.462,19.0,18.1,18.6,24.5,1.3,2.9,11.3,19.7,,0.1,0.0,0.1,.182,,-0.5,-0.5,-1.1,0.0,2025
114,Darius Garland,PG,25,CLE,3,80,14.4,.624,.529,.029,0.0,6.5,3.6,28.0,1.8,0.0,20.7,23.2,,0.1,0.1,0.2,.109,,-1.4,-3.1,-4.5,-0.1,2025
115,Keyonte George,SG,21,UTA,2,61,2.8,.349,.467,.333,1.6,4.8,3.2,27.1,1.5,0.0,14.9,25.7,,-0.2,0.0,-0.3,-0.214,,-6.6,-5.8,-12.4,-0.2,2025
116,Kyshawn George,SG,21,WAS,2,47,1.5,.203,.615,.308,4.0,12.6,7.8,16.6,1.0,8.7,11.9,14.1,,-0.2,0.0,-0.2,-0.166,,-10.0,-0.7,-10.7,-0.1,2025
117,Josh Giddey,SG,22,CHI,3,81,14.8,.565,.257,.314,3.6,17.9,10.8,31.7,0.0,0.0,16.7,23.5,,0.1,0.1,0.1,.081,,1.0,-2.5,-1.5,0.0,2025
118,Shai Gilgeous-Alexander,SG,26,OKC,2,66,26.5,.526,.333,.178,5.2,14.7,9.9,24.7,4.1,4.4,5.8,30.7,,0.1,0.3,0.4,.278,,5.4,6.1,11.4,0.2,2025
119,Anthony Gill,PF,32,WAS,1,3,21.2,.500,.000,.000,0.0,0.0,0.0,69.6,15.5,0.0,33.3,39.5,,0.0,0.0,0.0,-0.169,,-3.3,11.2,8.0,0.0,2025
120,Collin Gillespie,PG,25,PHO,1,3,27.1,.750,.500,.000,0.0,0.0,0.0,0.0,0.0,0.0,0.0,30.2,,0.0,0.0,0.0,.142,,11.0,-1.8,9.2,0.0,2025
121,Rudy Gobert,C,32,MIN,3,109,14.4,.692,.000,.556,6.3,30.6,18.8,5.3,1.3,3.7,18.2,10.9,,0.1,0.2,0.4,.160,,-2.4,1.7,-0.6,0.0,2025
122,Aaron Gordon,PF,29,DEN,2,68,10.6,.446,.227,.273,10.3,10.9,10.6,9.6,1.5,0.0,7.5,16.5,,0.0,0.1,0.1,.047,,-2.1,-4.3,-6.4,-0.1,2025
123,Eric Gordon,SG,36,PHI,2,43,3.6,.382,.400,.700,0.0,5.9,2.5,10.2,0.0,0.0,0.0,12.4,,0.0,0.0,0.0,-0.044,,-5.0,-4.3,-9.2,-0.1,2025
124,Jazian Gortman,PG,21,DAL,1,1,-50.2,,,,0.0,0.0,0.0,0.0,0.0,0.0,100.0,41.4,,0.0,0.0,0.0,-1.388,,-37.1,-21.9,-59.0,0.0,2025
125,Jerami Grant,PF,30,POR,2,73,15.7,.573,.610,.146,0.0,11.3,5.5,10.4,1.3,5.3,10.3,26.4,,0.0,0.0,0.0,.029,,3.5,-1.9,1.6,0.1,2025
126,A.J. Green,SG,25,MIL,2,15,28.2,1.125,1.000,.000,0.0,6.2,3.4,18.3,3.1,0.0,0.0,11.3,,0.1,0.0,0.1,.342,,9.0,2.9,11.9,0.1,2025
127,Draymond Green,PF,34,GSW,2,40,12.5,.698,.429,.286,0.0,17.5,9.4,18.8,4.5,4.4,38.8,12.5,,0.0,0.2,0.2,.206,,-4.6,5.8,1.2,0.0,2025
128,Jalen Green,SG,22,HOU,3,100,20.4,.538,.500,.258,2.8,11.9,7.0,16.2,1.4,0.9,5.2,30.6,,0.2,0.1,0.3,.165,,4.4,-1.3,3.1,0.1,2025
129,Javonte Green,SG,31,NOP,2,45,11.6,.732,.167,.833,2.3,9.8,5.9,2.9,4.1,0.0,19.6,9.4,,0.0,0.1,0.1,.152,,-5.7,1.7,-3.9,0.0,2025
130,Josh Green,SG,24,CHO,1,18,13.0,.500,.600,.000,5.7,11.5,8.6,16.3,2.7,5.2,0.0,11.2,,0.0,0.0,0.1,.157,,-3.6,1.9,-1.7,0.0,2025
131,Quentin Grimes,SG,24,DAL,2,21,-6.4,.167,.167,.000,0.0,10.6,4.7,0.0,0.0,0.0,0.0,11.8,,-0.1,0.0,-0.1,-0.165,,-15.5,-4.9,-20.4,-0.1,2025
132,Rui Hachimura,PF,26,LAL,3,111,15.2,.554,.256,.359,9.3,13.4,11.3,7.2,0.9,1.0,4.2,18.0,,0.2,0.0,0.3,.117,,0.5,-3.3,-2.8,0.0,2025
133,Tyrese Haliburton,PG,24,IND,2,61,3.3,.279,.615,.077,2.1,10.0,6.2,19.3,3.2,2.8,13.0,22.4,,-0.3,0.0,-0.3,-0.204,,-9.1,-3.0,-12.1,-0.2,2025
134,Tim Hardaway Jr.,SG,32,DET,3,89,10.2,.649,.773,.273,0.0,8.1,4.1,6.2,0.5,0.0,3.9,12.3,,0.2,0.0,0.2,.085,,-1.2,-1.3,-2.5,0.0,2025
135,James Harden,SG,35,LAC,2,78,17.6,.534,.359,.564,4.4,22.9,13.4,49.7,1.3,1.4,23.6,35.0,,0.0,0.1,0.1,.073,,0.8,0.8,1.6,0.1,2025
136,Jaden Hardy,SG,22,DAL,2,33,5.1,.506,.800,.200,2.7,3.4,3.0,8.3,0.0,3.2,15.5,16.1,,0.0,0.0,0.0,-0.005,,-5.6,-3.6,-9.2,-0.1,2025
137,Gary Harris,SG,30,ORL,3,43,20.5,.857,1.000,.000,2.5,8.0,5.2,3.7,0.0,6.9,6.7,14.8,,0.1,0.1,0.2,.209,,6.7,-1.0,5.7,0.1,2025
138,Tobias Harris,PF,32,DET,3,102,7.2,.435,.424,.182,3.6,17.6,10.6,10.9,1.0,3.0,12.3,17.0,,-0.1,0.0,-0.1,-0.029,,-5.2,-0.7,-5.9,-0.1,2025
139,Josh Hart,SG,29,NYK,2,61,21.1,.630,.381,.476,9.1,19.4,14.7,13.9,0.8,0.0,13.6,22.5,,0.2,0.0,0.2,.124,,1.4,-1.8,-0.4,0.0,2025
140,Sam Hauser,PF,27,BOS,1,24,11.0,.500,.700,.000,4.6,21.1,12.3,5.8,0.0,0.0,0.0,18.1,,0.0,0.0,0.0,.085,,-4.7,-6.0,-10.7,-0.1,2025
141,Jordan Hawkins,SG,22,NOP,2,57,20.3,.783,.619,.286,1.8,21.3,11.2,2.8,0.0,1.6,7.8,18.6,,0.2,0.1,0.3,.231,,3.5,-1.5,2.1,0.1,2025
142,Jaxson Hayes,C,24,LAL,3,47,22.9,.919,.000,.200,12.3,18.5,15.3,15.0,1.0,4.6,8.4,10.7,,0.2,0.0,0.3,.275,,3.0,1.3,4.3,0.1,2025
143,Scoot Henderson,PG,20,POR,2,56,18.6,.589,.296,.370,1.7,7.4,4.5,35.0,2.5,0.0,13.7,25.8,,0.1,0.0,0.1,.077,,1.2,-1.3,-0.1,0.0,2025
144,Taylor Hendricks,PF,21,UTA,2,53,9.4,.432,.692,.154,5.6,16.6,11.1,0.0,3.5,5.3,6.7,10.9,,0.0,0.0,0.0,.012,,-4.3,-0.2,-4.4,0.0,2025
145,Tyler Herro,SG,25,MIA,2,61,17.8,.631,.480,.320,1.7,14.9,8.4,23.7,0.8,1.7,12.3,23.5,,0.1,0.0,0.2,.121,,0.3,-1.8,-1.5,0.0,2025
146,Buddy Hield,SG,32,GSW,2,35,50.9,.927,.615,.038,2.9,19.9,12.1,38.7,1.3,0.0,3.6,30.4,,0.3,0.1,0.5,.624,,24.7,5.3,30.1,0.3,2025
147,Haywood Highsmith,SF,28,MIA,1,30,12.4,.563,.250,.000,3.5,13.5,8.6,10.8,3.3,3.4,11.1,13.2,,0.0,0.0,0.1,.081,,-4.1,0.3,-3.8,0.0,2025
148,Aaron Holiday,PG,28,HOU,1,2,-3.4,.000,1.000,.000,0.0,0.0,0.0,60.5,0.0,0.0,0.0,19.7,,0.0,0.0,0.0,-0.252,,-7.5,-5.8,-13.2,0.0,2025
149,Jrue Holiday,PG,34,BOS,3,89,13.3,.759,.556,.389,3.7,8.5,6.0,13.0,0.6,1.0,19.2,12.7,,0.2,0.0,0.3,.153,,-0.2,-1.9,-2.2,0.0,2025
150,Ron Holland,SF,19,DET,3,39,10.3,.444,.500,.125,3.1,30.8,17.0,7.6,2.5,2.6,10.6,20.7,,-0.1,0.0,0.0,-0.020,,-5.4,0.7,-4.7,0.0,2025
151,Chet Holmgren,PF,22,OKC,2,65,27.1,.551,.278,.361,9.2,31.2,20.0,12.3,2.1,9.0,8.7,27.7,,0.1,0.3,0.4,.300,,2.4,5.1,7.5,0.2,2025
152,Al Horford,C,38,BOS,3,78,17.7,.737,.737,.000,4.3,16.2,9.8,11.8,2.5,1.2,9.5,11.7,,0.2,0.1,0.3,.204,,3.6,0.3,3.9,0.1,2025
153,Talen Horton-Tucker,SG,24,CHI,3,13,-2.7,.362,.000,4.000,7.5,22.3,14.9,9.2,0.0,0.0,52.1,17.6,,-0.1,0.0,-0.1,-0.215,,-9.6,-4.5,-14.1,0.0,2025
154,Caleb Houstan,SF,22,ORL,2,10,18.2,1.000,1.000,.000,0.0,11.5,5.6,0.0,0.0,0.0,0.0,12.7,,0.0,0.0,0.0,.215,,2.2,-1.2,1.0,0.0,2025
155,Jett Howard,SF,21,ORL,3,18,21.5,.700,.800,.000,0.0,19.2,9.3,0.0,0.0,0.0,0.0,23.5,,0.0,0.0,0.1,.172,,5.4,-3.3,2.1,0.0,2025
156,Kevin Huerter,SG,26,SAC,2,46,9.6,.615,.769,.000,0.0,15.7,8.0,3.0,2.0,0.0,7.1,13.3,,0.0,0.0,0.0,.014,,-2.7,-1.9,-4.5,0.0,2025
157,Jay Huff,C,26,MEM,3,57,27.3,.836,.636,.136,3.7,14.2,9.0,5.5,1.6,8.3,0.0,16.4,,0.3,0.1,0.3,.267,,8.0,0.8,8.9,0.2,2025
158,Ariel Hukporti,C,22,NYK,2,12,9.8,,,,0.0,49.4,26.7,0.0,0.0,27.6,100.0,3.9,,0.0,0.0,0.0,-0.015,,-6.5,6.3,-0.2,0.0,2025
159,De'Andre Hunter,SF,27,ATL,2,59,19.7,.606,.417,.542,4.0,18.1,11.8,10.5,1.6,1.7,0.0,21.2,,0.2,0.0,0.3,.213,,0.0,-2.7,-2.6,0.0,2025
160,Oso Ighodaro,PF,22,PHO,3,26,1.7,.500,.000,.000,9.6,24.9,17.8,0.0,0.0,3.5,50.0,7.0,,0.0,0.0,0.0,-0.001,,-8.5,-1.9,-10.4,-0.1,2025
161,Joe Ingles,SF,37,MIN,3,17,6.1,.000,1.000,.000,6.7,0.0,3.3,44.2,0.0,0.0,0.0,2.6,,0.0,0.0,0.1,.161,,-4.2,1.8,-2.4,0.0,2025
162,Brandon Ingram,SF,27,NOP,2,67,22.8,.592,.326,.140,6.1,18.1,11.9,16.9,2.7,2.7,9.9,31.3,,0.1,0.2,0.2,.166,,2.5,0.3,2.8,0.1,2025
163,Kyrie Irving,PG,32,DAL,2,66,15.1,.464,.308,.051,1.3,6.8,3.7,17.8,3.7,1.6,2.4,25.6,,0.0,0.1,0.1,.068,,-1.9,0.5,-1.4,0.0,2025
164,Jonathan Isaac,PF,27,ORL,1,11,15.1,.307,.500,.500,19.8,10.5,15.3,0.0,4.4,17.9,0.0,18.8,,0.0,0.0,0.0,.074,,-3.4,0.8,-2.7,0.0,2025
165,Jaden Ivey,SG,22,DET,3,99,20.8,.582,.255,.426,7.3,10.9,9.1,23.8,1.0,0.0,6.7,25.8,,0.3,0.0,0.3,.155,,2.5,-1.1,1.4,0.1,2025
166,Andre Jackson Jr.,SG,23,MIL,1,1,0.0,,,,0.0,0.0,0.0,0.0,0.0,0.0,,0.0,,0.0,0.0,0.0,-0.027,,-5.7,-4.7,-10.5,0.0,2025
167,Isaiah Jackson,PF,23,IND,1,15,24.5,.727,.000,.333,17.3,24.3,20.9,25.1,3.3,0.0,22.5,26.2,,0.0,0.0,0.0,.077,,1.4,0.2,1.7,0.0,2025
168,Jaren Jackson Jr.,C,25,MEM,1,23,10.2,.466,.200,.900,4.5,13.2,8.9,6.1,2.0,0.0,6.7,26.1,,0.0,0.0,0.0,-0.008,,-8.0,-4.3,-12.3,-0.1,2025
169,Quenton Jackson,PG,26,IND,1,4,44.7,.532,1.000,2.000,32.4,0.0,15.7,57.8,12.4,0.0,0.0,20.8,,0.0,0.0,0.0,.541,,10.9,10.7,21.6,0.0,2025
170,Reggie Jackson,PG,34,PHI,1,3,-28.8,.000,.000,.000,0.0,0.0,0.0,0.0,0.0,0.0,50.0,27.2,,0.0,0.0,-0.1,-0.816,,-21.0,-13.2,-34.2,0.0,2025
171,Trayce Jackson-Davis,PF,24,GSW,2,42,28.0,.985,.000,.455,9.7,18.7,14.6,12.4,1.1,0.0,7.0,13.1,,0.2,0.1,0.4,.442,,4.8,1.7,6.5,0.1,2025
172,Bronny James,SG,20,LAL,1,3,-12.4,.000,.500,.000,38.4,0.0,19.9,0.0,0.0,0.0,0.0,28.3,,0.0,0.0,0.0,-0.480,,-13.4,-15.2,-28.6,0.0,2025
173,LeBron James,SF,40,LAL,3,103,20.8,.608,.353,.255,0.0,27.7,13.3,32.8,0.0,3.2,13.7,27.0,,0.2,0.1,0.3,.133,,2.9,-0.7,2.3,0.1,2025
174,Jaime Jaquez Jr.,SF,23,MIA,2,41,13.2,.625,.308,.385,10.2,17.3,13.8,28.3,1.2,0.0,28.3,22.8,,0.0,0.0,0.0,.038,,-2.0,-1.9,-3.9,0.0,2025
175,Daniss Jenkins,PG,23,DET,1,1,-37.5,.000,1.000,.000,0.0,0.0,0.0,0.0,0.0,0.0,0.0,42.7,,0.0,0.0,0.0,-1.054,,-24.0,-11.7,-35.7,0.0,2025
176,Ty Jerome,SG,27,CLE,3,50,37.1,.844,.211,.632,7.9,6.2,6.9,37.6,3.8,0.0,14.1,24.2,,0.4,0.1,0.5,.479,,11.4,2.0,13.3,0.2,2025
177,Isaiah Joe,SG,25,OKC,2,32,8.2,.464,.714,.000,2.7,5.5,4.1,8.2,0.0,0.0,0.0,17.2,,0.0,0.1,0.1,.132,,-3.8,-0.8,-4.5,0.0,2025
178,AJ Johnson,SG,20,MIL,2,3,-20.2,.000,.000,.000,0.0,31.1,17.0,0.0,0.0,0.0,0.0,28.2,,0.0,0.0,0.0,-0.679,,-26.0,-12.3,-38.3,0.0,2025
179,Cameron Johnson,PF,28,BRK,2,67,8.1,.501,.727,.409,1.6,9.3,5.2,4.5,0.7,3.0,7.2,17.3,,0.0,0.0,0.0,.006,,-4.0,-2.7,-6.8,-0.1,2025
180,Jalen Johnson,SF,23,ATL,2,78,8.1,.429,.292,.708,4.6,17.4,11.6,12.6,3.0,4.0,20.3,21.3,,-0.2,0.1,-0.1,-0.060,,-7.8,-2.3,-10.1,-0.2,2025
181,James Johnson,PF,37,IND,1,4,22.9,1.000,.000,.000,0.0,0.0,0.0,40.7,0.0,21.4,50.0,22.1,,0.0,0.0,0.0,-0.017,,2.9,8.1,11.0,0.0,2025
182,Keldon Johnson,SF,25,SAS,2,54,10.4,.508,.300,.300,2.2,18.8,11.5,5.6,0.9,0.0,8.1,19.6,,0.0,0.0,0.0,.041,,-3.6,-2.9,-6.5,-0.1,2025
183,Keon Johnson,SG,22,BRK,1,2,-7.2,.333,.667,.000,0.0,0.0,0.0,0.0,0.0,0.0,0.0,62.0,,0.0,0.0,0.0,-0.539,,-22.3,-11.8,-34.1,0.0,2025
184,Nikola Jokić,C,29,DEN,2,72,30.5,.644,.385,.308,9.7,20.5,15.0,52.3,2.7,2.3,15.3,30.6,,0.2,0.1,0.4,.249,,11.5,2.2,13.8,0.3,2025
185,Derrick Jones Jr.,SF,27,LAC,2,56,11.4,.750,.429,.000,4.1,6.4,5.2,5.5,2.6,2.0,26.3,14.6,,0.0,0.1,0.1,.088,,-2.6,1.2,-1.3,0.0,2025
186,Dillon Jones,SF,23,OKC,2,5,-4.6,.000,1.000,.000,0.0,17.6,8.7,0.0,8.9,0.0,50.0,15.7,,0.0,0.0,0.0,-0.181,,-16.6,4.2,-12.4,0.0,2025
187,Herbert Jones,SF,26,NOP,2,62,4.1,.333,.400,.000,3.3,5.3,4.3,6.3,2.9,1.5,11.8,11.4,,-0.1,0.1,0.0,.002,,-8.3,-0.4,-8.6,-0.1,2025
188,Kai Jones,C,24,LAC,2,17,18.0,.600,.000,.000,20.0,21.0,20.5,0.0,0.0,6.5,0.0,12.6,,0.0,0.0,0.1,.208,,0.5,-1.2,-0.6,0.0,2025
189,Tre Jones,PG,25,SAS,1,16,12.8,.399,.000,2.000,7.4,0.0,3.2,23.1,3.0,0.0,0.0,10.1,,0.0,0.0,0.0,.117,,-1.5,-0.7,-2.2,0.0,2025
190,Tyus Jones,PG,28,PHO,3,98,17.2,.638,.480,.080,0.0,9.9,5.3,30.0,2.0,1.9,7.2,12.9,,0.3,0.1,0.4,.180,,2.6,0.5,3.1,0.1,2025
191,Cory Joseph,PG,33,ORL,2,10,7.5,.500,.667,.000,0.0,0.0,0.0,14.0,0.0,0.0,0.0,12.7,,0.0,0.0,0.0,.077,,-3.7,-4.2,-8.0,0.0,2025
192,Nikola Jović,PF,21,MIA,2,54,14.7,.536,.545,.136,1.9,15.0,8.6,23.0,2.7,1.9,7.9,20.6,,0.0,0.1,0.1,.091,,-2.4,0.4,-2.0,0.0,2025
193,Yuki Kawamura,PG,23,MEM,2,6,-14.8,.000,1.000,.000,0.0,0.0,0.0,18.9,0.0,0.0,33.3,20.1,,-0.1,0.0,-0.1,-0.496,,-18.5,-11.5,-30.0,0.0,2025
194,Walker Kessler,C,23,UTA,2,50,24.3,.882,.000,.625,17.8,27.4,22.6,10.4,0.9,11.3,28.2,11.0,,0.1,0.0,0.2,.165,,1.1,0.3,1.4,0.0,2025
195,Corey Kispert,SF,25,WAS,2,50,7.1,.533,.600,.000,0.0,14.2,6.3,14.9,0.0,0.0,11.8,13.4,,0.0,0.0,0.0,-0.043,,-5.1,-2.8,-7.8,-0.1,2025
196,Maxi Kleber,PF,33,DAL,2,31,7.4,.500,.400,.000,0.0,18.0,7.9,12.8,0.0,3.4,0.0,6.7,,0.0,0.0,0.1,.082,,-4.9,-0.3,-5.2,0.0,2025
197,Dalton Knecht,SF,23,LAL,3,49,14.5,.681,.750,.125,0.0,5.1,2.4,13.8,2.0,0.0,10.6,16.3,,0.1,0.0,0.1,.120,,0.7,-1.2,-0.5,0.0,2025
198,Tyler Kolek,PG,23,NYK,2,9,12.8,.931,.500,2.000,0.0,0.0,0.0,0.0,0.0,0.0,44.4,35.0,,0.0,0.0,0.0,-0.082,,-2.2,-7.7,-9.8,0.0,2025
199,John Konchar,SG,28,MEM,2,37,19.1,1.042,1.000,1.000,8.5,21.9,15.3,10.1,2.5,2.5,14.8,7.3,,0.1,0.0,0.2,.232,,2.8,1.3,4.2,0.1,2025
200,Luke Kornet,C,29,BOS,3,55,11.4,.571,.000,.000,12.1,11.5,11.8,11.1,1.8,3.4,22.2,7.1,,0.1,0.1,0.2,.141,,-2.6,0.0,-2.6,0.0,2025
201,Vit Krejci,PG,24,ATL,2,26,5.7,.564,.500,.750,0.0,3.7,2.1,10.5,1.8,4.0,15.8,10.2,,0.0,0.0,0.0,.018,,-8.6,-1.4,-10.0,-0.1,2025
202,Jonathan Kuminga,PF,22,GSW,2,37,0.3,.361,.214,.429,2.8,9.4,6.4,5.9,0.0,4.8,19.4,21.6,,-0.1,0.1,0.0,-0.024,,-12.7,-3.3,-16.1,-0.1,2025
203,Kyle Kuzma,PF,29,WAS,2,52,7.0,.357,.281,.313,5.4,16.0,10.1,12.0,0.9,2.0,5.2,29.2,,-0.2,0.0,-0.2,-0.174,,-6.4,-4.7,-11.1,-0.1,2025
204,Jock Landale,C,29,HOU,3,31,25.1,.705,.091,.364,11.9,14.0,12.9,10.7,0.0,0.0,0.0,16.2,,0.2,0.0,0.2,.298,,6.6,-1.6,5.0,0.1,2025
205,Jake LaRavia,PF,23,MEM,3,63,9.1,.579,.444,.778,6.6,16.1,11.4,11.9,0.7,1.5,19.9,9.6,,0.0,0.0,0.1,.061,,-3.1,-1.4,-4.5,0.0,2025
206,Pelle Larsson,SG,23,MIA,1,6,20.4,1.000,.000,.000,0.0,0.0,0.0,0.0,8.2,0.0,0.0,7.3,,0.0,0.0,0.0,.189,,-1.6,5.2,3.6,0.0,2025
207,Zach LaVine,SG,29,CHI,3,104,17.2,.711,.511,.356,1.9,15.8,8.9,11.4,0.8,2.3,22.4,25.7,,0.1,0.2,0.2,.094,,2.3,-1.9,0.4,0.1,2025
208,Damion Lee,SG,32,PHO,1,18,1.7,.333,.667,.000,0.0,18.0,9.7,15.4,0.0,0.0,25.0,10.1,,0.0,0.0,0.0,-0.055,,-7.5,-1.2,-8.7,0.0,2025
209,Alex Len,C,31,SAC,2,15,-0.3,.387,.333,.667,0.0,32.0,16.3,8.4,0.0,13.6,43.6,20.1,,-0.1,0.0,-0.1,-0.261,,-13.3,-0.1,-13.4,0.0,2025
210,Caris LeVert,SG,30,CLE,3,59,30.4,.839,.300,.300,2.2,5.3,3.9,23.6,2.4,4.7,0.0,16.4,,0.4,0.1,0.5,.388,,9.3,2.1,11.4,0.2,2025
211,Damian Lillard,PG,34,MIL,2,74,23.3,.653,.600,.250,4.6,12.6,9.0,28.8,0.0,0.0,15.3,30.0,,0.2,0.0,0.2,.153,,4.4,-4.5,-0.1,0.0,2025
212,Dereck Lively II,C,20,DAL,2,49,24.0,.765,.000,.700,14.4,31.9,22.1,27.8,1.0,0.0,18.7,13.6,,0.2,0.1,0.3,.267,,1.8,1.0,2.8,0.1,2025
213,Kevon Looney,PF,28,GSW,2,28,24.3,.564,.000,.500,36.5,18.7,26.9,12.1,1.6,6.3,17.0,16.3,,0.1,0.1,0.2,.380,,0.9,-0.2,0.7,0.0,2025
214,Brook Lopez,C,36,MIL,2,65,5.6,.360,.571,.286,1.7,15.8,9.4,12.7,0.0,11.5,20.2,19.3,,-0.2,0.1,-0.1,-0.110,,-9.3,0.2,-9.1,-0.1,2025
215,Kyle Lowry,PG,38,PHI,2,53,21.4,.846,.833,.750,0.0,11.9,5.1,25.3,2.7,0.0,11.1,13.8,,0.2,0.0,0.3,.238,,4.2,1.0,5.2,0.1,2025
216,Trey Lyles,PF,29,SAC,2,29,8.2,.368,.900,.200,4.3,16.6,10.5,8.7,3.2,3.5,0.0,16.4,,0.0,0.0,0.0,-0.030,,-4.5,-1.5,-6.0,0.0,2025
217,Sandro Mamukelashvili,PF,25,SAS,1,6,1.5,,,,0.0,46.2,25.9,0.0,0.0,14.7,100.0,7.1,,0.0,0.0,0.0,-0.087,,-12.9,2.1,-10.8,0.0,2025
218,Terance Mann,SG,28,LAC,2,48,4.0,.353,.300,.300,4.7,14.9,9.7,14.3,1.0,0.0,8.1,11.0,,0.0,0.1,0.0,.028,,-7.6,0.3,-7.3,-0.1,2025
219,Tre Mann,PG,23,CHO,3,86,17.0,.550,.435,.196,7.1,9.6,8.4,18.3,1.1,1.1,12.3,26.6,,0.2,0.0,0.2,.111,,1.3,-3.3,-2.0,0.0,2025
220,Lauri Markkanen,PF,27,UTA,2,61,21.4,.582,.375,.656,4.9,22.5,13.7,13.0,0.8,0.0,8.8,28.8,,0.2,0.0,0.1,.117,,5.0,-2.9,2.1,0.1,2025
221,Naji Marshall,SF,27,DAL,2,37,1.7,.182,.364,.000,2.4,6.0,4.0,21.1,1.3,0.0,0.0,12.3,,-0.1,0.0,-0.1,-0.070,,-8.8,-2.4,-11.2,-0.1,2025
222,Caleb Martin,SF,29,PHI,2,71,10.6,.540,.125,.750,10.7,10.7,10.7,15.6,0.0,2.8,22.0,15.7,,0.0,0.0,0.0,.009,,-2.8,-3.1,-5.9,-0.1,2025
223,Cody Martin,SF,29,CHO,3,74,9.4,.483,.650,.200,8.3,14.0,11.1,7.8,0.7,2.5,8.4,12.9,,0.1,0.0,0.1,.068,,-3.2,-2.5,-5.7,-0.1,2025
224,KJ Martin,SF,24,PHI,2,39,8.1,.512,.000,.500,4.9,19.4,11.1,11.3,1.2,2.6,0.0,5.1,,0.0,0.0,0.1,.078,,-4.1,-0.4,-4.5,0.0,2025
225,Garrison Mathews,SG,28,ATL,1,19,13.5,1.031,1.000,.667,0.0,5.1,2.8,0.0,0.0,0.0,0.0,8.6,,0.1,0.0,0.1,.153,,0.6,-4.0,-3.4,0.0,2025
226,Bennedict Mathurin,SG,22,IND,2,51,21.6,.730,.381,.619,2.5,16.7,9.8,6.4,1.0,0.0,13.0,26.7,,0.1,0.0,0.1,.114,,3.7,-3.6,0.2,0.0,2025
227,Karlo Matković,PF,23,NOP,1,1,70.8,,,,100.0,0.0,53.0,0.0,0.0,91.4,,0.0,,0.0,0.0,0.0,.889,,24.3,14.8,39.2,0.0,2025
228,Tyrese Maxey,PG,24,PHI,2,80,9.2,.401,.389,.296,0.0,12.6,5.4,16.5,1.2,1.3,3.2,32.2,,-0.2,0.0,-0.2,-0.091,,-3.2,-4.2,-7.5,-0.1,2025
229,Miles McBride,PG,24,NYK,2,46,24.2,.979,.500,.214,0.0,5.2,2.8,13.0,0.0,0.0,16.4,18.6,,0.3,0.0,0.2,.221,,6.2,-2.0,4.2,0.1,2025
230,Jared McCain,PG,20,PHI,2,8,26.0,.667,.333,.000,11.9,31.6,20.3,26.1,0.0,0.0,0.0,15.3,,0.0,0.0,0.0,.233,,6.1,0.2,6.3,0.0,2025
231,Mac McClung,SG,26,ORL,1,5,14.7,,,,0.0,23.0,11.2,49.2,0.0,0.0,,0.0,,0.0,0.0,0.0,.238,,0.8,1.4,2.2,0.0,2025
232,CJ McCollum,SG,33,NOP,2,70,19.9,.597,.556,.000,0.0,6.3,3.0,19.0,3.3,2.6,2.7,21.9,,0.1,0.1,0.3,.188,,2.6,1.5,4.1,0.1,2025
233,T.J. McConnell,PG,32,IND,2,32,28.4,.815,.000,.167,0.0,15.2,7.8,50.9,1.5,0.0,18.9,22.0,,0.1,0.0,0.1,.192,,6.2,-1.3,4.9,0.1,2025
234,Jaden McDaniels,PF,24,MIN,3,77,6.8,.459,.364,.091,4.5,5.6,5.0,11.4,1.3,3.1,14.9,15.2,,-0.1,0.1,0.0,.021,,-6.0,-0.1,-6.1,-0.1,2025
235,Doug McDermott,SF,33,SAC,1,6,-11.1,.000,1.000,.000,0.0,0.0,0.0,0.0,0.0,0.0,0.0,7.3,,0.0,0.0,0.0,-0.233,,-16.4,-4.9,-21.3,0.0,2025
236,Jordan McLaughlin,PG,28,SAC,1,3,0.0,,,,0.0,0.0,0.0,0.0,0.0,0.0,,0.0,,0.0,0.0,0.0,-0.041,,-6.5,-4.6,-11.0,0.0,2025
237,De'Anthony Melton,PG,26,GSW,2,33,5.8,.346,.733,.133,3.1,5.3,4.3,26.6,4.1,2.7,15.9,22.2,,0.0,0.1,0.1,.113,,-10.2,0.9,-9.3,-0.1,2025
238,Sam Merrill,SG,28,CLE,3,51,8.4,.507,.875,.250,2.6,4.1,3.4,9.0,1.9,0.0,5.3,15.7,,0.0,0.0,0.1,.091,,-4.3,-2.6,-6.8,-0.1,2025
239,Vasilije Micić,PG,31,CHO,3,45,-2.5,.194,.389,.000,11.3,13.8,12.6,9.2,1.1,0.0,18.2,19.6,,-0.2,0.0,-0.2,-0.216,,-11.4,-5.9,-17.3,-0.2,2025
240,Brandon Miller,SF,22,CHO,1,11,21.2,.676,.500,.250,9.3,0.0,4.7,14.9,4.4,0.0,18.4,19.9,,0.0,0.0,0.0,.165,,4.8,0.1,4.9,0.0,2025
241,Patty Mills,PG,36,UTA,2,34,4.8,.500,.714,.000,0.0,5.8,2.9,4.7,1.4,2.8,12.5,9.1,,0.0,0.0,0.0,-0.044,,-5.9,-1.0,-6.9,0.0,2025
242,Shake Milton,SG,28,BRK,2,23,3.1,.500,.667,.000,0.0,5.4,2.5,11.8,0.0,0.0,0.0,5.4,,0.0,0.0,0.0,.027,,-5.3,-2.4,-7.7,0.0,2025
243,Yves Missi,C,20,NOP,2,45,21.0,.605,.000,.615,11.3,19.6,15.3,9.7,1.0,10.2,5.7,16.1,,0.1,0.1,0.2,.251,,-1.0,1.1,0.1,0.0,2025
244,Ajay Mitchell,SG,22,OKC,2,23,1.9,.250,.125,.000,0.0,7.7,3.8,21.0,3.9,0.0,20.0,17.1,,-0.1,0.1,0.0,-0.038,,-11.7,2.5,-9.2,0.0,2025
245,Davion Mitchell,PG,26,TOR,3,73,3.6,.400,.400,.000,0.0,8.2,4.1,28.1,2.0,1.3,28.6,15.5,,-0.1,0.0,-0.1,-0.096,,-7.2,-2.7,-9.8,-0.1,2025
246,Donovan Mitchell,SG,28,CLE,3,87,22.8,.592,.453,.264,3.0,7.1,5.3,22.2,3.8,1.1,13.2,33.5,,0.1,0.1,0.3,.155,,1.4,-1.4,0.0,0.0,2025
247,Evan Mobley,C,23,CLE,3,91,24.0,.592,.179,.385,8.6,25.0,17.8,14.4,3.1,7.1,13.3,24.7,,0.2,0.2,0.4,.230,,0.7,1.3,2.0,0.1,2025
248,Jonathan Mogbo,PF,23,TOR,3,44,24.3,.554,.200,.600,16.1,16.2,16.2,21.3,5.5,6.5,13.7,20.1,,0.1,0.1,0.2,.191,,3.4,2.8,6.2,0.1,2025
249,Malik Monk,SG,26,SAC,2,54,19.2,.615,.391,.217,0.0,8.9,4.5,25.9,0.9,0.0,0.0,20.4,,0.2,0.0,0.2,.140,,2.1,-2.1,0.0,0.0,2025
250,Moses Moody,SG,22,GSW,2,34,19.2,.617,.619,.095,0.0,7.7,4.2,12.0,2.7,0.0,8.4,27.2,,0.1,0.1,0.2,.269,,0.0,-0.1,0.0,0.0,2025
251,Wendell Moore Jr.,SG,23,DET,1,1,0.0,,,,0.0,0.0,0.0,0.0,0.0,0.0,,0.0,,0.0,0.0,0.0,-0.026,,-6.0,-1.6,-7.6,0.0,2025
252,Ja Morant,PG,25,MEM,3,76,19.6,.591,.293,.634,0.0,9.3,4.7,45.8,0.6,1.2,18.6,34.1,,0.1,0.0,0.1,.094,,1.4,-3.8,-2.4,0.0,2025
253,Monte Morris,PG,29,PHO,3,42,21.8,.567,.600,.533,6.0,10.3,8.3,30.0,3.5,0.0,5.1,21.1,,0.1,0.1,0.2,.217,,3.8,1.0,4.8,0.1,2025
254,Dejounte Murray,PG,28,NOP,1,30,16.2,.387,.200,.467,0.0,29.4,14.1,46.9,1.5,0.0,5.2,26.3,,0.0,0.1,0.1,.082,,-4.3,-1.0,-5.3,0.0,2025
255,Jamal Murray,PG,27,DEN,2,75,14.1,.565,.407,.259,2.7,8.4,5.5,20.6,2.6,0.0,14.3,19.7,,0.1,0.1,0.1,.091,,-0.1,-2.0,-2.1,0.0,2025
256,Keegan Murray,SF,24,SAC,2,83,15.0,.622,.607,.143,4.5,17.3,11.1,5.1,1.1,2.5,3.3,16.2,,0.1,0.0,0.1,.085,,1.4,-2.3,-1.0,0.0,2025
257,Kris Murray,SF,24,POR,2,25,8.1,.457,.286,.571,7.8,8.3,8.0,18.7,0.0,0.0,10.2,15.5,,0.0,0.0,0.0,-0.031,,-1.6,-4.0,-5.6,0.0,2025
258,Andrew Nembhard,SG,25,IND,2,56,5.2,.421,.364,.182,0.0,8.7,4.5,20.3,2.6,0.0,29.6,13.3,,-0.1,0.0,-0.1,-0.094,,-6.8,-2.6,-9.4,-0.1,2025
259,Aaron Nesmith,SF,25,IND,2,36,8.6,.557,.333,.222,7.2,6.8,7.0,0.0,2.7,2.4,9.2,13.4,,0.0,0.0,0.0,.027,,-5.5,-2.6,-8.1,-0.1,2025
260,Georges Niang,PF,31,CLE,3,55,8.4,.567,.800,.000,7.1,17.0,12.6,2.1,0.9,0.0,11.8,13.2,,0.0,0.1,0.1,.082,,-2.2,-3.8,-6.0,-0.1,2025
261,Zeke Nnaji,PF,24,DEN,1,2,-19.0,.000,1.000,.000,0.0,0.0,0.0,0.0,0.0,0.0,0.0,21.1,,0.0,0.0,0.0,-0.488,,-18.3,-12.3,-30.6,0.0,2025
262,Jusuf Nurkić,C,30,PHO,3,71,10.5,.551,.409,.818,7.1,39.5,24.5,15.5,1.4,2.6,30.3,27.4,,-0.2,0.1,0.0,-0.030,,-7.0,-0.1,-7.1,-0.1,2025
263,Royce O'Neale,SF,31,PHO,3,79,9.8,.535,.688,.250,4.8,20.5,13.2,16.2,1.2,2.3,22.0,13.1,,0.0,0.1,0.1,.067,,-2.2,-0.1,-2.2,0.0,2025
264,Onyeka Okongwu,C,24,ATL,2,55,28.1,.848,.111,.333,8.6,21.2,15.5,13.0,0.9,5.6,8.8,17.3,,0.3,0.0,0.3,.295,,4.8,-1.0,3.8,0.1,2025
265,Isaac Okoro,SG,24,CLE,3,56,9.8,.451,.125,.875,9.4,9.2,9.3,11.7,1.7,4.9,15.3,10.0,,0.0,0.1,0.1,.110,,-2.7,-0.2,-2.9,0.0,2025
266,Kelly Oubre Jr.,SF,29,PHI,2,70,15.8,.595,.343,.400,1.4,5.4,3.1,8.8,1.4,0.0,10.8,26.9,,0.1,0.0,0.1,.054,,1.0,-3.2,-2.1,0.0,2025
267,Chris Paul,PG,39,SAS,2,55,5.5,.333,.667,.000,0.0,11.7,6.6,39.8,1.7,0.0,40.0,11.7,,-0.1,0.0,0.0,-0.028,,-5.9,-2.0,-7.9,-0.1,2025
268,Cameron Payne,PG,30,NYK,2,43,15.2,.463,.474,.053,6.5,8.3,7.4,22.6,2.4,0.0,4.9,22.2,,0.1,0.0,0.0,.052,,-2.8,-1.2,-4.0,0.0,2025
269,Gary Payton II,PG,32,GSW,2,27,27.0,.761,.286,.286,0.0,6.5,3.5,21.9,8.4,0.0,0.0,11.3,,0.1,0.1,0.3,.454,,0.6,9.7,10.3,0.1,2025
270,Drew Peterson,PF,25,BOS,1,4,22.3,,,,0.0,31.6,14.8,0.0,12.4,46.2,100.0,10.9,,0.0,0.0,0.0,.017,,-4.2,21.7,17.5,0.0,2025
271,Julian Phillips,SF,21,CHI,3,41,11.9,.612,.818,.091,2.4,4.7,3.5,3.4,3.2,0.0,0.0,11.1,,0.1,0.1,0.1,.140,,-0.5,0.4,-0.1,0.0,2025
272,Jalen Pickett,SG,25,DEN,1,2,-19.0,.000,1.000,.000,0.0,0.0,0.0,0.0,0.0,0.0,0.0,21.1,,0.0,0.0,0.0,-0.488,,-19.2,-11.8,-31.0,0.0,2025
273,Scotty Pippen Jr.,PG,24,MEM,3,69,18.8,.609,.273,.273,4.5,11.8,8.2,47.1,3.3,2.7,24.5,19.0,,0.1,0.1,0.2,.140,,1.0,1.0,2.0,0.1,2025
274,Mason Plumlee,C,34,PHO,3,43,16.1,.808,.000,1.143,5.8,20.1,13.5,7.3,1.1,2.1,8.7,12.1,,0.1,0.1,0.2,.222,,-1.3,-0.2,-1.5,0.0,2025
275,Brandin Podziemski,SG,21,GSW,2,50,8.2,.395,.474,.000,10.2,12.2,11.3,11.2,1.8,1.8,13.6,17.0,,0.0,0.2,0.1,.138,,-6.2,-0.8,-7.0,-0.1,2025
276,Jakob Poeltl,C,29,TOR,3,84,12.8,.557,.000,.652,9.8,29.8,19.8,14.7,0.6,5.7,23.3,18.5,,0.0,0.0,0.0,.025,,-4.5,-0.9,-5.4,-0.1,2025
277,Jordan Poole,SG,25,WAS,2,56,25.2,.720,.692,.154,0.0,4.2,1.9,30.8,5.8,1.8,15.3,23.1,,0.2,0.0,0.2,.163,,6.9,3.8,10.7,0.2,2025
278,Craig Porter Jr.,PG,24,CLE,3,13,15.0,.400,.400,.000,0.0,15.9,8.9,18.8,0.0,14.1,0.0,16.5,,0.0,0.0,0.0,.090,,-0.9,0.0,-0.9,0.0,2025
279,Kevin Porter Jr.,SG,24,LAC,2,28,-11.8,.167,.389,.000,8.1,17.0,12.4,15.2,1.8,0.0,18.2,33.7,,-0.3,0.0,-0.3,-0.456,,-19.7,-6.6,-26.3,-0.2,2025
280,Michael Porter Jr.,SF,26,DEN,2,70,8.0,.383,.533,.100,4.3,21.1,12.5,11.9,2.1,0.0,6.0,20.1,,-0.1,0.1,0.0,-0.007,,-3.5,-3.2,-6.7,-0.1,2025
281,Bobby Portis,PF,29,MIL,2,54,16.7,.643,.211,.053,6.3,20.7,14.2,10.2,2.6,1.5,20.5,19.2,,0.0,0.1,0.1,.082,,-2.1,-0.7,-2.8,0.0,2025
282,Dwight Powell,C,33,DAL,2,3,37.6,1.000,.000,.000,29.4,0.0,16.4,0.0,0.0,0.0,0.0,13.8,,0.0,0.0,0.0,.360,,12.4,-4.8,7.6,0.0,2025
283,Norman Powell,SG,31,LAC,2,73,21.9,.659,.486,.243,3.1,8.1,5.6,9.9,0.7,1.5,6.8,25.8,,0.2,0.1,0.3,.207,,6.4,-0.8,5.6,0.1,2025
284,Taurean Prince,PF,30,MIL,2,60,21.0,.964,.429,.000,5.6,15.5,11.1,11.2,0.8,0.0,0.0,9.9,,0.3,0.0,0.3,.254,,4.1,-1.0,3.0,0.1,2025
285,Payton Pritchard,SG,27,BOS,3,72,15.1,.601,.897,.138,1.5,10.5,5.7,11.3,0.7,0.0,3.1,19.2,,0.2,0.0,0.2,.166,,1.1,-2.9,-1.8,0.0,2025
286,Olivier-Maxence Prosper,PF,22,DAL,2,3,0.0,,,,0.0,0.0,0.0,0.0,0.0,0.0,,0.0,,0.0,0.0,0.0,.001,,-7.9,-4.1,-12.0,0.0,2025
287,Trevelin Queen,SG,27,ORL,1,3,-16.6,,,,0.0,0.0,0.0,0.0,0.0,0.0,100.0,14.1,,0.0,0.0,0.0,-0.438,,-17.2,-8.6,-25.8,0.0,2025
288,Neemias Queta,C,25,BOS,2,18,25.4,.761,.143,.286,24.6,21.1,23.0,0.0,0.0,0.0,11.3,21.4,,0.1,0.0,0.1,.305,,0.0,-3.2,-3.2,0.0,2025
289,Immanuel Quickley,PG,25,TOR,1,14,25.6,.604,.444,.444,0.0,17.0,8.5,58.1,3.4,0.0,15.7,36.8,,0.0,0.0,0.1,.192,,5.0,-0.7,4.3,0.0,2025
290,Lester Quiñones,SG,24,PHI,1,3,10.1,.000,1.000,.000,31.7,0.0,18.1,45.7,0.0,0.0,0.0,13.6,,0.0,0.0,0.0,-0.102,,4.1,-6.3,-2.2,0.0,2025
291,Julius Randle,PF,30,MIN,3,105,23.1,.723,.302,.395,6.5,17.4,12.1,22.9,0.0,0.0,15.1,24.7,,0.4,0.1,0.5,.226,,4.4,-0.6,3.8,0.2,2025
292,Duop Reath,C,28,POR,1,3,31.8,.750,.500,.000,32.7,0.0,16.8,78.0,0.0,0.0,33.3,39.7,,0.0,0.0,0.0,.115,,14.6,-1.7,12.9,0.0,2025
293,Austin Reaves,SG,26,LAL,3,106,18.7,.657,.421,.184,8.7,14.1,11.3,24.1,1.8,2.0,19.6,20.4,,0.2,0.1,0.3,.136,,2.2,-0.7,1.5,0.1,2025
294,Paul Reed,PF,25,DET,1,7,-4.6,,,,17.3,0.0,8.6,17.3,0.0,0.0,100.0,12.2,,0.0,0.0,0.0,-0.290,,-9.7,-2.7,-12.5,0.0,2025
295,Antonio Reeves,SG,24,NOP,1,1,-153.5,.000,.667,.000,0.0,0.0,0.0,0.0,0.0,0.0,25.0,100.0,,-0.1,0.0,-0.1,-4.380,,-108.7,-60.9,-169.6,0.0,2025
296,Naz Reid,C,25,MIN,3,74,19.0,.687,.520,.440,3.1,27.6,15.7,10.6,0.7,0.0,9.1,19.3,,0.2,0.1,0.3,.223,,2.1,0.3,2.4,0.1,2025
297,Nick Richards,C,27,CHO,3,89,17.1,.632,.056,.722,13.8,24.4,19.1,6.7,0.5,6.3,17.4,13.0,,0.2,0.1,0.2,.134,,-1.9,-1.3,-3.2,0.0,2025
298,Zaccharie Risacher,SF,19,ATL,2,38,2.3,.384,.615,.462,3.1,0.0,1.4,3.6,0.0,2.7,6.0,18.4,,-0.1,0.0,-0.1,-0.122,,-6.8,-7.3,-14.2,-0.1,2025
299,Duncan Robinson,SF,30,MIA,2,35,1.3,.333,.667,.000,0.0,2.9,1.5,9.0,0.0,5.8,0.0,18.9,,-0.1,0.0,-0.1,-0.121,,-8.8,-4.5,-13.3,-0.1,2025
300,Jeremiah Robinson-Earl,PF,24,NOP,2,11,16.2,1.000,1.000,.000,0.0,30.1,14.5,13.7,4.1,0.0,40.0,18.8,,0.0,0.0,0.0,.113,,-2.3,3.2,1.0,0.0,2025
301,Ryan Rollins,PG,22,MIL,2,3,21.7,1.136,,,0.0,0.0,0.0,0.0,0.0,0.0,0.0,12.4,,0.0,0.0,0.0,.454,,-3.2,0.7,-2.5,0.0,2025
302,Terry Rozier,PG,30,MIA,2,64,16.4,.614,.481,.333,0.0,17.4,8.8,22.2,0.0,3.2,13.9,24.7,,0.1,0.0,0.1,.091,,-0.1,-2.3,-2.4,0.0,2025
303,Rayan Rupert,SG,20,POR,1,17,14.8,.750,.250,.000,5.8,12.1,8.9,0.0,2.7,0.0,0.0,9.3,,0.0,0.0,0.0,.131,,-2.1,-0.9,-3.1,0.0,2025
304,D'Angelo Russell,PG,28,LAL,3,96,10.3,.495,.552,.103,2.4,6.5,4.4,19.8,2.5,1.1,14.2,15.6,,0.0,0.1,0.1,.047,,-3.0,-0.9,-3.9,0.0,2025
305,Domantas Sabonis,C,28,SAC,2,75,27.5,.769,.259,.630,6.6,25.6,16.3,23.5,1.9,2.7,14.8,23.6,,0.4,0.0,0.4,.252,,5.7,1.1,6.8,0.2,2025
306,Tidjane Salaün,PF,19,CHO,1,9,-4.5,.000,1.000,.000,0.0,11.5,5.7,0.0,5.4,0.0,50.0,8.9,,0.0,0.0,0.0,-0.183,,-13.5,-0.7,-14.3,0.0,2025
307,Gui Santos,PF,22,GSW,2,11,6.5,.798,.000,2.000,0.0,31.7,17.1,9.7,0.0,0.0,34.7,10.1,,0.0,0.0,0.0,.186,,-10.0,1.3,-8.7,0.0,2025
308,Dario Šarić,PF,30,DEN,2,22,1.2,.250,.250,.000,4.5,9.6,7.0,0.0,2.2,0.0,0.0,7.7,,0.0,0.0,0.0,-0.014,,-9.3,-4.0,-13.3,-0.1,2025
309,Alex Sarr,PF,19,WAS,2,47,9.9,.391,.647,.118,6.0,20.2,12.3,6.0,1.0,8.7,0.0,15.0,,0.0,0.0,0.0,-0.017,,-4.7,-1.1,-5.9,0.0,2025
310,Marcus Sasser,PG,24,DET,2,5,37.3,1.000,.000,.000,24.2,24.0,24.1,63.9,0.0,0.0,0.0,8.5,,0.1,0.0,0.1,.494,,15.9,4.4,20.3,0.0,2025
311,Baylor Scheierman,SG,24,BOS,1,8,10.3,.515,.667,.667,0.0,15.8,7.4,0.0,0.0,0.0,0.0,21.1,,0.0,0.0,0.0,.093,,-6.0,-2.1,-8.1,0.0,2025
312,Dennis Schröder,PG,31,BRK,2,67,11.2,.539,.357,.214,0.0,7.4,3.5,32.2,1.4,0.0,18.6,23.2,,0.0,0.0,0.0,.003,,-2.1,-3.3,-5.5,-0.1,2025
313,Alperen Sengun,C,22,HOU,3,88,19.6,.478,.163,.326,12.6,32.0,21.5,16.2,3.8,1.0,12.5,25.2,,0.0,0.2,0.3,.140,,0.0,0.9,0.9,0.1,2025
314,Brice Sensabaugh,SF,21,UTA,2,30,12.5,.487,.636,.273,13.2,3.3,8.2,0.0,3.1,0.0,7.5,17.2,,0.0,0.0,0.0,.003,,0.5,-2.8,-2.3,0.0,2025
315,Collin Sexton,SG,26,UTA,2,46,9.0,.524,.095,.619,2.2,6.4,4.3,16.6,1.0,2.0,23.0,29.3,,-0.1,0.0,-0.1,-0.144,,-4.5,-4.2,-8.7,-0.1,2025
316,Jamal Shead,PG,22,TOR,3,63,7.3,.537,.364,.227,0.0,5.7,2.8,35.0,0.8,1.5,29.2,21.9,,-0.1,0.0,-0.1,-0.069,,-3.8,-5.1,-8.9,-0.1,2025
317,Ben Sheppard,SG,23,IND,2,18,0.3,.500,.250,.000,0.0,13.5,7.0,0.0,0.0,4.8,0.0,9.8,,0.0,0.0,0.0,-0.017,,-13.1,-2.1,-15.2,-0.1,2025
318,Reed Sheppard,SG,20,HOU,3,35,4.9,.417,.500,.000,2.6,6.2,4.3,24.1,1.4,2.4,25.0,18.0,,-0.1,0.0,0.0,-0.048,,-6.4,-1.5,-7.9,-0.1,2025
319,Pascal Siakam,PF,30,IND,2,55,23.1,.550,.269,.192,11.8,17.7,14.8,31.8,1.8,0.0,6.6,24.3,,0.1,0.0,0.1,.129,,4.8,-2.0,2.7,0.1,2025
320,Ben Simmons,PG,28,BRK,2,48,6.7,.604,.000,.444,4.6,23.4,13.4,33.8,1.0,4.1,48.2,17.9,,-0.1,0.0,-0.1,-0.068,,-7.6,-0.6,-8.3,-0.1,2025
321,Anfernee Simons,SG,25,POR,2,69,8.8,.511,.500,.438,0.0,4.5,2.2,24.1,1.3,0.0,19.1,27.1,,-0.1,0.0,-0.1,-0.080,,-2.7,-4.6,-7.3,-0.1,2025
322,Jericho Sims,C,26,NYK,2,39,12.5,.750,.000,.000,10.7,24.3,18.1,3.1,0.0,5.7,20.0,6.0,,0.1,0.0,0.1,.081,,-1.0,-1.3,-2.3,0.0,2025
323,Marcus Smart,PG,30,MEM,3,68,8.4,.501,.435,.391,4.6,4.5,4.5,11.5,2.7,1.4,18.2,19.5,,-0.1,0.0,0.0,-0.012,,-5.6,-1.9,-7.5,-0.1,2025
324,Dru Smith,SG,27,MIA,2,9,4.3,.000,.000,.000,23.2,0.0,11.4,29.6,0.0,11.2,50.0,9.8,,0.0,0.0,0.0,-0.053,,-8.2,-1.5,-9.7,0.0,2025
325,Jabari Smith Jr.,PF,21,HOU,3,100,9.1,.438,.400,.233,8.3,20.6,14.0,8.3,0.5,2.6,10.8,14.6,,0.0,0.1,0.1,.068,,-5.0,-1.6,-6.5,-0.1,2025
326,Jalen Smith,PF,24,CHI,3,43,22.1,.635,.476,.286,18.1,18.0,18.0,3.9,1.0,0.0,4.1,22.8,,0.2,0.1,0.2,.238,,4.1,-3.8,0.4,0.0,2025
327,Tyler Smith,PF,20,MIL,2,4,44.2,.833,.667,.000,28.2,0.0,12.8,0.0,0.0,0.0,0.0,31.8,,0.0,0.0,0.0,.391,,14.8,-5.0,9.8,0.0,2025
328,Jeremy Sochan,PF,21,SAS,2,64,15.3,.604,.120,.360,9.3,18.8,14.6,13.2,1.5,0.0,19.5,24.1,,0.0,0.1,0.1,.067,,-2.6,-1.8,-4.5,0.0,2025
329,Jaden Springer,PG,22,BOS,1,6,17.6,.266,.000,2.000,36.9,21.1,29.5,18.8,0.0,0.0,0.0,13.6,,0.0,0.0,0.0,.196,,4.0,-2.0,2.0,0.0,2025
330,Isaiah Stewart,C,23,DET,3,47,9.5,.800,.200,.000,10.3,20.4,15.4,17.2,3.1,4.3,54.5,10.0,,0.0,0.1,0.0,.034,,-6.6,3.6,-2.9,0.0,2025
331,Julian Strawther,SG,22,DEN,2,33,13.9,.636,.364,.000,3.0,3.2,3.1,22.1,4.5,0.0,15.4,16.6,,0.0,0.0,0.1,.120,,-2.5,1.0,-1.5,0.0,2025
332,Jalen Suggs,SG,23,ORL,3,65,22.4,.669,.667,.370,0.0,24.8,12.1,19.6,4.4,1.5,16.0,24.3,,0.2,0.2,0.3,.227,,1.5,2.4,3.9,0.1,2025
333,Jae'Sean Tate,SF,29,HOU,1,2,13.3,,,,0.0,54.1,24.9,60.5,0.0,0.0,,0.0,,0.0,0.0,0.0,.318,,-4.8,8.6,3.8,0.0,2025
334,Jayson Tatum,SF,26,BOS,3,97,38.2,.688,.547,.281,3.4,20.8,11.6,35.1,2.0,1.9,4.0,33.5,,0.8,0.1,0.9,.440,,14.5,1.6,16.1,0.4,2025
335,Garrett Temple,SG,38,TOR,2,9,12.6,.500,.500,.000,0.0,0.0,0.0,33.3,5.3,0.0,0.0,9.0,,0.0,0.0,0.0,.137,,-4.6,3.1,-1.5,0.0,2025
336,Dalen Terry,SG,22,CHI,3,19,13.2,.665,.000,2.000,5.1,5.1,5.1,6.7,4.6,4.2,21.0,10.0,,0.0,0.0,0.1,.171,,-3.3,2.9,-0.3,0.0,2025
337,Daniel Theis,C,32,NOP,2,37,15.3,.558,.333,.667,2.8,20.9,11.5,25.7,2.5,7.4,20.5,16.4,,0.0,0.1,0.1,.163,,-4.6,4.4,-0.2,0.0,2025
338,Cam Thomas,SG,23,BRK,2,69,24.4,.626,.409,.205,4.8,14.5,9.3,18.2,2.1,0.0,9.4,31.7,,0.2,0.0,0.2,.157,,6.4,-1.5,4.9,0.1,2025
339,Amen Thompson,SF,22,HOU,3,66,5.9,.504,.278,.611,8.4,13.1,10.6,10.5,0.0,1.3,28.3,19.0,,-0.1,0.1,0.0,-0.035,,-6.7,-2.8,-9.5,-0.1,2025
340,Klay Thompson,SG,34,DAL,2,59,23.9,.686,.759,.069,4.5,13.2,8.3,5.8,3.3,0.0,3.2,21.7,,0.2,0.1,0.3,.234,,6.0,0.8,6.8,0.1,2025
341,Tristan Thompson,PF,33,CLE,2,14,-5.5,.266,.000,2.000,0.0,14.8,8.3,0.0,0.0,0.0,21.0,14.5,,-0.1,0.0,-0.1,-0.210,,-11.4,-6.6,-18.0,-0.1,2025
342,Xavier Tillman Sr.,PF,26,BOS,3,51,11.1,.542,.667,.000,8.7,17.3,12.7,9.9,1.9,0.0,14.3,11.9,,0.1,0.0,0.1,.111,,-2.2,-1.7,-3.9,0.0,2025
343,Jacob Toppin,SF,24,NYK,2,5,-8.0,.000,1.000,.000,0.0,0.0,0.0,0.0,0.0,0.0,0.0,9.3,,0.0,0.0,0.0,-0.276,,-11.1,-7.4,-18.5,0.0,2025
344,Obi Toppin,PF,26,IND,2,36,14.0,.625,.250,.000,0.0,6.8,3.5,23.0,1.4,2.4,0.0,9.8,,0.1,0.0,0.1,.100,,0.3,-0.5,-0.2,0.0,2025
345,Karl-Anthony Towns,C,29,NYK,2,56,28.9,.664,.200,.550,9.9,38.1,25.1,7.4,0.9,3.9,0.0,20.7,,0.3,0.0,0.3,.296,,5.8,-0.3,5.5,0.1,2025
346,Gary Trent Jr.,SG,26,MIL,2,68,9.1,.648,.714,.357,0.0,4.1,2.3,3.5,1.4,0.0,0.0,10.1,,0.1,0.0,0.1,.085,,-4.3,-1.9,-6.2,-0.1,2025
347,Myles Turner,C,28,IND,2,59,17.4,.622,.478,.348,2.2,30.9,17.0,12.8,0.0,10.2,18.5,24.4,,0.0,0.0,0.0,.036,,-2.0,0.1,-1.9,0.0,2025
348,Hunter Tyson,PF,24,DEN,1,2,-12.6,.000,1.000,.000,0.0,52.7,25.7,0.0,0.0,0.0,0.0,21.1,,0.0,0.0,0.0,-0.396,,-16.8,-8.9,-25.8,0.0,2025
349,Jaylon Tyson,SG,22,CLE,3,16,-0.2,.717,.500,.500,0.0,19.4,10.8,7.4,0.0,0.0,38.1,21.1,,0.0,0.0,0.0,-0.048,,-11.9,-3.7,-15.6,-0.1,2025
350,Jonas Valančiūnas,C,32,WAS,2,41,23.4,.643,.000,.200,13.8,20.2,16.6,9.4,1.1,0.0,12.1,23.9,,0.1,0.0,0.1,.090,,2.8,-2.9,0.0,0.0,2025
351,Fred VanVleet,PG,30,HOU,3,107,14.7,.542,.769,.308,1.7,7.1,4.2,21.5,2.7,0.0,8.3,17.8,,0.2,0.1,0.3,.154,,-0.2,0.3,0.0,0.1,2025
352,Gabe Vincent,PG,28,LAL,3,50,2.9,.346,.538,.000,2.3,7.4,4.8,4.9,3.8,0.0,13.3,12.7,,-0.1,0.0,-0.1,-0.053,,-9.6,0.0,-9.6,-0.1,2025
353,Nikola Vučević,C,34,CHI,3,95,20.0,.665,.317,.268,7.2,27.5,17.4,12.2,0.0,0.8,9.8,21.3,,0.3,0.1,0.4,.194,,3.2,-2.1,1.1,0.1,2025
354,Dean Wade,PF,28,CLE,3,65,17.7,.705,.722,.056,2.0,27.1,16.0,5.6,3.6,0.0,0.0,12.1,,0.2,0.2,0.3,.240,,1.8,1.0,2.8,0.1,2025
355,Franz Wagner,SF,23,ORL,3,96,24.8,.666,.431,.235,4.5,15.6,9.9,23.5,2.5,1.0,13.8,28.8,,0.3,0.2,0.4,.224,,4.2,-0.7,3.4,0.1,2025
356,Moritz Wagner,C,27,ORL,3,44,24.0,.751,.400,.300,7.4,23.6,15.3,8.8,1.1,4.5,15.0,25.6,,0.1,0.1,0.2,.227,,-0.8,0.0,-0.9,0.0,2025
357,Jabari Walker,SF,22,POR,2,24,-0.5,.333,.667,.000,4.1,21.5,12.6,0.0,0.0,0.0,25.0,6.6,,0.0,0.0,0.0,-0.070,,-9.8,-3.5,-13.3,-0.1,2025
358,Jarace Walker,PF,21,IND,2,26,24.4,.663,.600,.300,10.0,14.0,12.1,22.9,3.8,0.0,8.1,21.0,,0.1,0.0,0.1,.212,,6.0,0.5,6.5,0.1,2025
359,Cason Wallace,SG,21,OKC,2,52,9.6,.352,.278,.056,4.9,11.9,8.4,4.8,4.3,0.0,0.0,13.9,,-0.1,0.2,0.2,.139,,-6.9,3.6,-3.3,0.0,2025
360,Jordan Walsh,SF,20,BOS,2,16,-6.2,.000,.750,.000,0.0,0.0,0.0,7.0,0.0,5.8,0.0,10.9,,-0.1,0.0,-0.1,-0.189,,-10.5,-3.8,-14.3,-0.1,2025
361,Kel'el Ware,C,20,MIA,1,6,-15.4,.000,1.000,.000,0.0,16.8,8.6,0.0,0.0,0.0,50.0,14.7,,-0.1,0.0,0.0,-0.385,,-21.6,-7.2,-28.8,0.0,2025
362,P.J. Washington,PF,26,DAL,2,62,5.7,.366,.571,.095,5.7,12.6,8.7,4.4,1.6,1.7,4.4,15.3,,-0.1,0.1,0.0,-0.016,,-6.1,-2.9,-9.0,-0.1,2025
363,Lindy Waters III,SG,27,GSW,2,12,45.2,1.167,.833,.000,0.0,14.5,7.8,13.6,3.8,0.0,0.0,19.4,,0.1,0.0,0.1,.521,,18.6,8.1,26.7,0.1,2025
364,Peyton Watson,SG,22,DEN,2,27,0.8,.138,.500,.200,7.4,15.6,11.4,5.4,1.8,6.2,0.0,17.0,,-0.1,0.0,-0.1,-0.157,,-8.3,-3.4,-11.7,-0.1,2025
365,Jaylen Wells,SF,21,MEM,3,62,3.7,.367,.423,.231,5.0,4.9,5.0,6.3,0.7,0.0,0.0,18.6,,-0.1,0.0,-0.1,-0.068,,-5.5,-5.0,-10.5,-0.1,2025
366,Victor Wembanyama,PF,21,SAS,2,59,18.0,.559,.371,.400,6.0,20.3,14.1,6.1,0.0,6.0,14.5,35.0,,0.0,0.1,0.1,.049,,-1.8,-2.8,-4.6,0.0,2025
367,Blake Wesley,SG,21,SAS,2,15,20.4,.581,.000,.333,0.0,6.2,3.5,43.5,0.0,0.0,0.0,19.7,,0.1,0.0,0.1,.225,,1.9,-1.3,0.6,0.0,2025
368,Russell Westbrook,PG,36,DEN,2,40,1.8,.194,.500,.333,2.5,13.2,7.7,25.8,3.7,6.3,8.8,23.9,,-0.2,0.1,-0.2,-0.187,,-8.5,-0.6,-9.1,-0.1,2025
369,Coby White,PG,24,CHI,3,99,13.6,.537,.600,.267,0.0,17.6,8.8,22.0,2.6,0.8,16.6,24.2,,-0.1,0.2,0.1,.051,,-1.9,-0.4,-2.3,0.0,2025
370,Derrick White,SG,30,BOS,3,95,25.0,.700,.605,.289,3.5,13.3,8.1,17.1,1.0,2.9,4.5,20.5,,0.5,0.1,0.6,.298,,6.5,-0.5,5.9,0.2,2025
371,Cam Whitmore,SF,20,HOU,3,42,8.9,.436,.308,.231,4.4,10.3,7.1,0.0,0.0,2.0,3.4,27.9,,-0.1,0.0,0.0,-0.023,,-6.9,-4.4,-11.3,-0.1,2025
372,Aaron Wiggins,SG,26,OKC,2,35,21.0,.719,.250,.000,2.4,20.1,11.2,9.5,1.3,5.5,15.8,21.4,,0.1,0.1,0.2,.277,,-1.1,4.9,3.8,0.1,2025
373,Andrew Wiggins,SF,29,GSW,2,46,22.4,.580,.440,.080,15.5,19.0,17.4,19.2,0.0,3.9,7.2,23.5,,0.2,0.2,0.3,.360,,3.0,-0.6,2.3,0.1,2025
374,Cody Williams,SG,20,UTA,2,45,-0.2,.291,.500,.333,0.0,15.2,7.7,6.4,1.0,0.0,22.5,7.7,,-0.1,0.0,-0.1,-0.104,,-10.1,-2.1,-12.2,-0.1,2025
375,Grant Williams,PF,26,CHO,3,73,10.0,.530,.750,.300,5.6,8.5,7.0,15.8,2.0,1.3,18.1,15.2,,0.1,0.0,0.1,.059,,-2.3,-1.8,-4.0,0.0,2025
376,Jalen Williams,SG,23,OKC,2,66,10.9,.453,.316,.105,3.9,12.0,7.9,24.2,0.0,2.9,15.0,27.9,,-0.2,0.2,0.1,.044,,-3.6,0.0,-3.6,0.0,2025
377,Jeenathan Williams,SG,25,HOU,1,2,72.9,1.500,1.000,.000,0.0,100.0,49.8,0.0,0.0,0.0,0.0,19.7,,0.0,0.0,0.0,.516,,28.0,12.6,40.6,0.0,2025
378,Patrick Williams,PF,23,CHI,3,87,7.3,.403,.462,.115,5.6,12.2,8.9,10.9,2.0,0.9,12.8,14.3,,-0.1,0.1,0.0,.016,,-3.4,-1.7,-5.1,-0.1,2025
379,Ziaire Williams,SF,23,BRK,2,35,12.6,.576,.385,.154,6.3,28.5,16.7,9.4,1.4,0.0,12.6,18.8,,0.0,0.0,0.0,.057,,-2.1,-1.5,-3.6,0.0,2025
380,Zion Williamson,PF,24,NOP,1,29,19.1,.378,.067,.933,10.6,30.4,20.1,34.2,1.6,9.5,4.5,31.6,,0.0,0.1,0.1,.089,,-1.1,3.1,2.0,0.0,2025
381,Jalen Wilson,PF,24,BRK,2,47,6.8,.592,.700,.800,2.3,10.6,6.2,8.9,1.0,0.0,18.2,14.5,,0.0,0.0,0.0,.042,,-5.9,-2.0,-8.0,-0.1,2025
382,James Wiseman,C,23,IND,1,5,33.1,.615,.250,.500,0.0,24.3,12.5,0.0,0.0,0.0,0.0,43.2,,0.0,0.0,0.0,.235,,6.1,-5.9,0.2,0.0,2025
383,Delon Wright,PG,32,MIL,2,26,12.6,.583,.500,.000,0.0,0.0,0.0,14.2,3.6,0.0,0.0,9.8,,0.0,0.0,0.1,.104,,-2.9,0.3,-2.6,0.0,2025
384,Guerschon Yabusele,PF,29,PHI,2,43,10.5,.571,.429,.429,4.4,17.6,10.1,16.4,3.3,2.3,26.5,21.5,,-0.1,0.0,0.0,-0.022,,-5.8,0.4,-5.5,0.0,2025
385,Trae Young,PG,26,ATL,2,78,30.5,.644,.500,.725,6.1,11.2,8.9,48.5,3.0,1.3,15.9,33.9,,0.4,0.0,0.4,.264,,7.4,-2.1,5.3,0.1,2025
386,Ivica Zubac,C,27,LAC,2,73,19.6,.646,.000,.367,7.8,30.9,19.1,17.4,0.0,1.5,14.7,24.0,,0.1,0.1,0.3,.167,,-0.1,0.7,0.6,0.0,2025
