Game Date,Game Time,Matchup,Team,Player Name,Current Status,Reason
11/23/2024,05:00(ET),NYK@UTA,New York Knicks,"BuieIII,Boo",Out,GLeague-Two-Way Injury/Illness-LeftKnee;Patella
11/23/2024,05:00(ET),NYK@UTA,New York Knicks,"Bride,Miles",Out,FemoralSyndrome
11/23/2024,05:00(ET),NYK@UTA,New York Knicks,"McCullarJr.,Kevin",Out,GLeague-Two-Way
11/23/2024,05:00(ET),NYK@UTA,New York Knicks,"Robinson,Mitchell",Out,Injury/Illness-LeftAnkle;Surgery
11/23/2024,05:00(ET),NYK@UTA,Utah Jazz,"Clarkson,Jordan",Available,Injury/Illness-LeftPlantar;Fasciitis
11/23/2024,05:00(ET),NYK@UTA,Utah Jazz,"Filipowski,Kyle",Out,Injury/Illness-RightAnkle;Sprain
11/23/2024,05:00(ET),NYK@UTA,Utah Jazz,"Hendricks,Taylor",Out,Injury/Illness-RightFibula;Fracture
11/23/2024,05:00(ET),NYK@UTA,Utah Jazz,"Jones,David",Out,GLeague-Two-Way
11/23/2024,05:00(ET),NYK@UTA,Utah Jazz,"Kessler,Walker",Available,Injury/Illness-RightHip;Bursitis
11/23/2024,05:00(ET),NYK@UTA,Utah Jazz,"Potter,Micah",Out,GLeague-Two-Way Injury/Illness-LeftFourthFingerDip;
11/23/2024,05:00(ET),NYK@UTA,Utah Jazz,"Sexton,Collin",Available,Avulsionfracture
11/23/2024,05:00(ET),NYK@UTA,Utah Jazz,"Tshiebwe,Oscar",Out,GLeague-Two-Way Injury/Illness-LeftSacroiliacjoint;
11/23/2024,05:00(ET),NYK@UTA,Detroit Pistons,"Cunningham,Cade",Out,Sprain
11/23/2024,05:00(ET),NYK@UTA,Detroit Pistons,"Jenkins,Daniss",Out,GLeague-Two-Way Page1of8
11/23/2024,05:00(ET),NYK@UTA,Detroit Pistons,"Klintman,Bobi",Out,Injury/Illness-RightCalf;Contusion ReturntoCompetition
11/23/2024,05:00(ET),NYK@UTA,Detroit Pistons,"Thompson,Ausar",Questionable,Reconditioning
11/23/2024,05:00(ET),NYK@UTA,Orlando Magic,"Banchero,Paolo",Out,Injury/Illness-RightOblique;Torn Injury/Illness-LeftFoot;Plantar
11/23/2024,05:00(ET),NYK@UTA,Orlando Magic,"CarterJr.,Wendell",Out,fasciitis
11/23/2024,05:00(ET),NYK@UTA,Orlando Magic,"Clung,Mac",Out,GLeague-Two-Way
11/23/2024,05:00(ET),NYK@UTA,Orlando Magic,"Queen,Trevelin",Out,GLeague-Two-Way Injury/Illness-RightKnee;Bone
11/23/2024,05:00(ET),NYK@UTA,Charlotte Hornets,"Bridges,Miles",Out,Bruise
11/23/2024,05:00(ET),NYK@UTA,Charlotte Hornets,"Jeffries,DaQuan",Out,Injury/Illness-RightHand;Fracture
11/23/2024,05:00(ET),NYK@UTA,Charlotte Hornets,"Mann,Tre",Out,Injury/Illness-LowBack;Soreness
11/23/2024,05:00(ET),NYK@UTA,Charlotte Hornets,"Rhoden,Jared",Out,GLeague-Two-Way Injury/Illness-RightFirstRib;
11/23/2024,05:00(ET),NYK@UTA,Charlotte Hornets,"Richards,Nick",Out,Fracture
11/23/2024,05:00(ET),NYK@UTA,Charlotte Hornets,"Simpson,KJ",Available,GLeague-Two-Way
11/23/2024,05:00(ET),NYK@UTA,Charlotte Hornets,"SmithJr.,Nick",Available,GLeague-OnAssignment Injury/Illness-LeftFoot;Tendon
11/23/2024,05:00(ET),NYK@UTA,Charlotte Hornets,"Williams,Mark",Out,Strain Injury/Illness-RightPatella;
11/23/2024,05:00(ET),NYK@UTA,Milwaukee Bucks,"Antetokounmpo,Giannis",Probable,Tendinopathy
11/23/2024,05:00(ET),NYK@UTA,Milwaukee Bucks,"Beauchamp,MarJon",Probable,Injury/Illness-LeftHamstring; Page2of8 Tendinopathy Injury/Illness-LeftAchilles;
11/23/2024,05:00(ET),NYK@UTA,Milwaukee Bucks,"Johnson,AJ",Out,Tendinitis Injury/Illness-BilateralAnkle;
11/23/2024,05:00(ET),NYK@UTA,Milwaukee Bucks,"Middleton,Khris",Out,Surgery
11/23/2024,05:00(ET),NYK@UTA,Milwaukee Bucks,"Robbins,Liam",Probable,Injury/Illness-LeftHeel;Contusion Injury/Illness-LeftShoulder;
11/23/2024,05:00(ET),NYK@UTA,Milwaukee Bucks,"Rollins,Ryan",Probable,Dislocation
11/23/2024,05:00(ET),NYK@UTA,Milwaukee Bucks,"Smith,Tyler",Out,GLeague-OnAssignment
11/23/2024,05:00(ET),NYK@UTA,Memphis Grizzlies,"Castleton,Colin",Out,GLeague-Two-Way
11/23/2024,05:00(ET),NYK@UTA,Memphis Grizzlies,"Edey,Zach",Out,Injury/Illness-LeftAnkle;Sprain Injury/Illness-RightFifthMetatarsal;
11/23/2024,05:00(ET),NYK@UTA,Memphis Grizzlies,"Jackson,GG",Out,Repair Injury/Illness-RightHip;Subluxation
11/23/2024,05:00(ET),NYK@UTA,Memphis Grizzlies,"Morant,Ja",Doubtful,andPelvicMuscleStrains
11/23/2024,05:00(ET),NYK@UTA,Memphis Grizzlies,"Smart,Marcus",Questionable,Injury/Illness-Illness;Illness
11/23/2024,05:00(ET),NYK@UTA,Memphis Grizzlies,"WilliamsJr.,Vince",Out,Injury/Illness-RightAnkle;Sprain
11/23/2024,05:00(ET),NYK@UTA,Chicago Bulls,"Ball,Lonzo",Out,Injury/Illness-RightWrist;Sprain Injury/Illness-UpperRespiratory;
11/23/2024,05:00(ET),NYK@UTA,Chicago Bulls,"Phillips,Julian",Questionable,Illness
11/23/2024,05:00(ET),NYK@UTA,Chicago Bulls,"Sanogo,Adama",Out,Injury/Illness-RightKnee;Effusion
11/23/2024,05:00(ET),NYK@UTA,Chicago Bulls,"Smith,Jalen",Questionable,Injury/Illness-LeftAnkle;Sprain Page3of8
11/23/2024,05:00(ET),NYK@UTA,Chicago Bulls,"Steward,DJ",Out,GLeague-Two-Way Injury/Illness-LeftFoot;Injury
11/23/2024,05:00(ET),NYK@UTA,Chicago Bulls,"Williams,Patrick",Out,Management Injury/Illness-RightIndexFinger;
11/23/2024,05:00(ET),NYK@UTA,Portland Trail Blazers,"Ayton,Deandre",Doubtful,Deepcontusion
11/23/2024,05:00(ET),NYK@UTA,Portland Trail Blazers,"Grant,Jerami",Questionable,Injury/Illness-Illness;.
11/23/2024,05:00(ET),NYK@UTA,Portland Trail Blazers,"Henderson,Scoot",Out,Injury/Illness-Back;Strain
11/23/2024,05:00(ET),NYK@UTA,Portland Trail Blazers,"Gowens,Bryce",Out,GLeague-Two-Way
11/23/2024,05:00(ET),NYK@UTA,Portland Trail Blazers,"Simons,Anfernee",Probable,Injury/Illness-RightHand;Sprain
11/23/2024,05:00(ET),NYK@UTA,Portland Trail Blazers,"Thybulle,Matisse",Out,Injury/Illness-RightAnkle;Sprain
11/23/2024,05:00(ET),NYK@UTA,Portland Trail Blazers,"WilliamsIII,Robert",Out,Rest Injury/Illness-RightKnee;Injury
11/23/2024,05:00(ET),NYK@UTA,Houston Rockets,"Adams,Steven",Out,Recovery
11/23/2024,05:00(ET),NYK@UTA,Houston Rockets,"Dante,N'Faly",Out,GLeague-Two-Way
11/23/2024,05:00(ET),NYK@UTA,Houston Rockets,"Whitmore,Cam",Out,GLeague-OnAssignment
11/23/2024,05:00(ET),NYK@UTA,Houston Rockets,"Williams,Nate",Out,GLeague-Two-Way
11/23/2024,05:00(ET),NYK@UTA,Golden State Warriors,"Curry,Stephen",Probable,Injury/Illness-LeftKnee;Bursitis
11/23/2024,05:00(ET),NYK@UTA,Golden State Warriors,"Green,Draymond",Probable,Injury/Illness-RightElbow;Soreness Injury/Illness-LeftKnee;
11/23/2024,05:00(ET),NYK@UTA,Golden State Warriors,"PaytonII,Gary",Probable,Inflammation
11/23/2024,05:00(ET),NYK@UTA,Golden State Warriors,"WatersIII,Lindy",Probable,Injury/Illness-N/a;Illness Page4of8
11/23/2024,05:00(ET),NYK@UTA,San Antonio Spurs,"DukeJr.,David",Out,GLeague-Two-Way
11/23/2024,05:00(ET),NYK@UTA,San Antonio Spurs,"Ingram,Harrison",Out,GLeague-Two-Way Injury/Illness-RightHamstring;
11/23/2024,05:00(ET),NYK@UTA,San Antonio Spurs,"Johnson,Keldon",Questionable,Tightness
11/23/2024,05:00(ET),NYK@UTA,San Antonio Spurs,"Minix,Riley",Out,GLeague-Two-Way Injury/Illness-LeftThumb;Proximal
11/23/2024,05:00(ET),NYK@UTA,San Antonio Spurs,"Sochan,Jeremy",Out,PhalanxSurgery
11/23/2024,05:00(ET),NYK@UTA,San Antonio Spurs,"Vassell,Devin",Out,Injury/Illness-LeftKnee;BoneBruise
11/23/2024,05:00(ET),NYK@UTA,San Antonio Spurs,"Wembanyama,Victor",Probable,Injury/Illness-RightKnee;Contusion
11/23/2024,05:00(ET),NYK@UTA,Denver Nuggets,"Cancar,Vlatko",Out,Injury/Illness-LeftKnee;Sprain
11/23/2024,05:00(ET),NYK@UTA,Denver Nuggets,"Gordon,Aaron",Out,Injury/Illness-RightCalf;Strain Injury/Illness-RightAchillesTendon;
11/23/2024,05:00(ET),NYK@UTA,Denver Nuggets,"HolmesII,DaRon",Out,Repair
11/23/2024,05:00(ET),NYK@UTA,Denver Nuggets,"Jones,Spencer",Out,GLeague-Two-Way
11/23/2024,05:00(ET),NYK@UTA,Denver Nuggets,"Pickett,Jalen",Out,GLeague-OnAssignment
11/23/2024,05:00(ET),NYK@UTA,Los Angeles Lakers,"Davis,Anthony",Probable,Injury/Illness-LeftPlantar;Fasciitis
11/23/2024,05:00(ET),NYK@UTA,Los Angeles Lakers,"Hayes,Jaxson",Out,Injury/Illness-RightAnkle;Sprain
11/23/2024,05:00(ET),NYK@UTA,Los Angeles Lakers,"Schifino,Jalen",Doubtful,Injury/Illness-LeftHamstring;Strain
11/23/2024,05:00(ET),NYK@UTA,Los Angeles Lakers,"James,Bronny",Out,Injury/Illness-LeftHeel;Contusion
11/23/2024,05:00(ET),NYK@UTA,Los Angeles Lakers,"Olivari,Quincy",Out,Injury/Illness-RightAnkle;Sprain
11/23/2024,05:00(ET),NYK@UTA,Los Angeles Lakers,"Vanderbilt,Jarred",Out,Injury/Illness-RightFoot;Surgery Page5of8 Recovery Injury/Illness-LeftKnee;Surgery
11/23/2024,05:00(ET),NYK@UTA,Los Angeles Lakers,"Wood,Christian",Out,Recovery
11/24/2024,03:30(ET),MIN@BOS,Minnesota Timberwolves,"Conley,Mike",Out,Injury/Illness-LeftGreatToe;Sprain
11/24/2024,03:30(ET),MIN@BOS,Minnesota Timberwolves,"Edwards,Jesse",Out,GLeague-Two-Way
11/24/2024,03:30(ET),MIN@BOS,Minnesota Timberwolves,"Miller,Leonard",Out,GLeague-OnAssignment
11/24/2024,03:30(ET),MIN@BOS,Boston Celtics,"Davison,JD",Out,GLeague-Two-Way
11/24/2024,03:30(ET),MIN@BOS,Boston Celtics,"Horford,Al",Questionable,Injury/Illness-Illness;Non-Covid
11/24/2024,03:30(ET),MIN@BOS,Boston Celtics,"Peterson,Drew",Out,GLeague-Two-Way Injury/Illness-LeftPosteriorTibialis
11/24/2024,03:30(ET),MIN@BOS,Boston Celtics,"Porzingis,Kristaps",Out,Tendon;SurgeryRehabilitation
11/24/2024,03:30(ET),MIN@BOS,Boston Celtics,"Scheierman,Baylor",Out,GLeague-OnAssignment
11/24/2024,03:30(ET),MIN@BOS,Boston Celtics,"Watson,Anton",Out,GLeague-Two-Way 05:00(ET) WAS@IND WashingtonWizards NOTYETSUBMITTED IndianaPacers NOTYETSUBMITTED
11/24/2024,03:30(ET),MIN@BOS,Dallas Mavericks,"Doncic,Luka",Out,Injury/Illness-RightWrist;Sprain
11/24/2024,03:30(ET),MIN@BOS,Dallas Mavericks,"Exum,Dante",Out,Injury/Illness-RightWrist;Surgery Injury/Illness-LeftShoulder;
11/24/2024,03:30(ET),MIN@BOS,Dallas Mavericks,"Gafford,Daniel",Questionable,Soreness
11/24/2024,03:30(ET),MIN@BOS,Dallas Mavericks,"Williams,Brandon",Out,GLeague-Two-Way Page6of8
11/24/2024,03:30(ET),MIN@BOS,Miami Heat,"Butler,Jimmy",Questionable,Injury/Illness-Head;Illness
11/24/2024,03:30(ET),MIN@BOS,Miami Heat,"Christopher,Josh",Out,GLeague-Two-Way
11/24/2024,03:30(ET),MIN@BOS,Miami Heat,"JaquezJr.,Jaime",Available,Injury/Illness-RightAnkle;Sprain
11/24/2024,03:30(ET),MIN@BOS,Miami Heat,"Jovic,Nikola",Available,Injury/Illness-Nasal;Fracture
11/24/2024,03:30(ET),MIN@BOS,Miami Heat,"Rozier,Terry",Probable,Injury/Illness-RightFoot;Discomfort Injury/Illness-RightKnee;Bone
11/24/2024,03:30(ET),MIN@BOS,Miami Heat,"Smith,Dru",Out,Bruise LAC@PHI LAClippers NOTYETSUBMITTED Injury/Illness-LeftKnee;Injury
11/24/2024,03:30(ET),MIN@BOS,Miami Heat,"Embiid,Joel",Out,Management
11/24/2024,03:30(ET),MIN@BOS,Miami Heat,"George,Paul",Out,Injury/Illness-LeftKnee;BoneBruise
11/24/2024,03:30(ET),MIN@BOS,Miami Heat,"Lowry,Kyle",Out,Injury/Illness-RightHip;Strain ReturntoCompetition
11/24/2024,03:30(ET),MIN@BOS,Toronto Raptors,"Brown,Bruce",Out,Reconditioning
11/24/2024,03:30(ET),MIN@BOS,Toronto Raptors,"Carton,D.J.",Out,GLeague-Two-Way
11/24/2024,03:30(ET),MIN@BOS,Toronto Raptors,"Chomche,Ulrich",Out,GLeague-Two-Way
11/24/2024,03:30(ET),MIN@BOS,Toronto Raptors,"Fernando,Bruno",Questionable,Injury/Illness-RightAnkle;Sprain
11/24/2024,03:30(ET),MIN@BOS,Toronto Raptors,"Olynyk,Kelly",Out,Injury/Illness-Back;Lumbar;Strain Injury/Illness-LeftElbow;PartialUCL
11/24/2024,03:30(ET),MIN@BOS,Toronto Raptors,"Quickley,Immanuel",Out,Tear
11/24/2024,03:30(ET),MIN@BOS,Toronto Raptors,"Walter,Ja'Kobe",Out,GLeague-OnAssignment Page7of8
11/24/2024,03:30(ET),MIN@BOS,Cleveland Cavaliers,"Bates,Emoni",Out,GLeague-Two-Way Injury/Illness-LeftKnee;
11/24/2024,03:30(ET),MIN@BOS,Cleveland Cavaliers,"Vert,Caris",Out,Inflammation
11/24/2024,03:30(ET),MIN@BOS,Cleveland Cavaliers,"Okoro,Isaac",Questionable,Injury/Illness-LeftAnkle;Strain
11/24/2024,03:30(ET),MIN@BOS,Cleveland Cavaliers,"Strus,Max",Out,Injury/Illness-RightAnkle;Sprain
11/24/2024,03:30(ET),MIN@BOS,Cleveland Cavaliers,"Thor,JT",Out,GLeague-Two-Way
11/24/2024,03:30(ET),MIN@BOS,Cleveland Cavaliers,"Wade,Dean",Out,Injury/Illness-LeftAnkle;Sprain 09:00(ET) BKN@SAC BrooklynNets NOTYETSUBMITTED SacramentoKings NOTYETSUBMITTED Page8of8
