Date,Visitor/Neutral,Home/Neutral
"Tue, Apr 1, 2025",POR,ATL
"Tue, Apr 1, 2025",PHI,NYK
"Tue, Apr 1, 2025",TOR,CHI
"Tue, Apr 1, 2025",GSW,MEM
"Tue, Apr 1, 2025",PHO,MIL
"Tue, Apr 1, 2025",MIN,DEN
"Wed, Apr 2, 2025",NYK,CLE
"Wed, Apr 2, 2025",CHA,IND
"Wed, Apr 2, 2025",SAC,WAS
"Wed, Apr 2, 2025",MIA,BOS
"Wed, Apr 2, 2025",UTA,HOU
"Wed, Apr 2, 2025",DET,OKC
"Wed, Apr 2, 2025",ATL,DAL
"Wed, Apr 2, 2025",SAS,DEN
"Wed, Apr 2, 2025",NOP,LAC
"Thu, Apr 3, 2025",ORL,WAS
"Thu, Apr 3, 2025",MIN,BRK
"Thu, Apr 3, 2025",MEM,MIA
"Thu, Apr 3, 2025",MIL,PHI
"Thu, Apr 3, 2025",POR,TOR
"Thu, Apr 3, 2025",GSW,LAL
"Fri, Apr 4, 2025",SAC,CHA
"Fri, Apr 4, 2025",UTA,IND
"Fri, Apr 4, 2025",PHO,BOS
"Fri, Apr 4, 2025",DET,TOR
"Fri, Apr 4, 2025",POR,CHI
"Fri, Apr 4, 2025",OKC,HOU
"Fri, Apr 4, 2025",CLE,SAS
"Fri, Apr 4, 2025",DEN,GSW
"Fri, Apr 4, 2025",DAL,LAC
"Fri, Apr 4, 2025",NOP,LAL
"Sat, Apr 5, 2025",NYK,ATL
"Sat, Apr 5, 2025",MEM,DET
"Sat, Apr 5, 2025",MIN,PHI
"Sat, Apr 5, 2025",MIL,MIA
"Sat, Apr 5, 2025",DAL,LAC
"Sun, Apr 6, 2025",CHI,CHA
"Sun, Apr 6, 2025",TOR,BRK
"Sun, Apr 6, 2025",LAL,OKC
"Sun, Apr 6, 2025",UTA,ATL
"Sun, Apr 6, 2025",WAS,BOS
"Sun, Apr 6, 2025",SAC,CLE
"Sun, Apr 6, 2025",SAS,POR
"Sun, Apr 6, 2025",ORL,NOP
"Sun, Apr 6, 2025",PHO,NYK
"Sun, Apr 6, 2025",IND,DEN
"Sun, Apr 6, 2025",HOU,GSW
"Mon, Apr 7, 2025",SAC,DET
"Mon, Apr 7, 2025",PHI,MIA
"Tue, Apr 8, 2025",MEM,CHA
"Tue, Apr 8, 2025",CHI,CLE
"Tue, Apr 8, 2025",WAS,IND
"Tue, Apr 8, 2025",ATL,ORL
"Tue, Apr 8, 2025",NOP,BRK
"Tue, Apr 8, 2025",BOS,NYK
"Tue, Apr 8, 2025",MIN,MIL
"Tue, Apr 8, 2025",LAL,OKC
"Tue, Apr 8, 2025",GSW,PHO
"Tue, Apr 8, 2025",SAS,LAC
"Wed, Apr 9, 2025",BOS,ORL
"Wed, Apr 9, 2025",PHI,WAS
"Wed, Apr 9, 2025",LAL,DAL
"Wed, Apr 9, 2025",CHA,TOR
"Wed, Apr 9, 2025",MIA,CHI
"Wed, Apr 9, 2025",NOP,MIL
"Wed, Apr 9, 2025",POR,UTA
"Wed, Apr 9, 2025",SAS,GSW
"Wed, Apr 9, 2025",OKC,PHO
"Wed, Apr 9, 2025",DEN,SAC
"Wed, Apr 9, 2025",HOU,LAC
"Thu, Apr 10, 2025",NYK,DET
"Thu, Apr 10, 2025",CLE,IND
"Thu, Apr 10, 2025",ATL,BRK
"Thu, Apr 10, 2025",MIN,MEM
"Fri, Apr 11, 2025",MIL,DET
"Fri, Apr 11, 2025",ORL,IND
"Fri, Apr 11, 2025",ATL,PHI
"Fri, Apr 11, 2025",CHA,BOS
"Fri, Apr 11, 2025",CLE,NYK
"Fri, Apr 11, 2025",WAS,CHI
"Fri, Apr 11, 2025",MIA,NOP
"Fri, Apr 11, 2025",TOR,DAL
"Fri, Apr 11, 2025",MEM,DEN
"Fri, Apr 11, 2025",BRK,MIN
"Fri, Apr 11, 2025",OKC,UTA
"Fri, Apr 11, 2025",SAS,PHO
"Fri, Apr 11, 2025",GSW,POR
"Fri, Apr 11, 2025",LAC,SAC
"Fri, Apr 11, 2025",HOU,LAL
"Sun, Apr 13, 2025",ORL,ATL
"Sun, Apr 13, 2025",CHA,BOS
"Sun, Apr 13, 2025",NYK,BRK
"Sun, Apr 13, 2025",IND,CLE
"Sun, Apr 13, 2025",WAS,MIA
"Sun, Apr 13, 2025",DET,MIL
"Sun, Apr 13, 2025",CHI,PHI
"Sun, Apr 13, 2025",LAC,GSW
"Sun, Apr 13, 2025",DEN,HOU
"Sun, Apr 13, 2025",DAL,MEM
"Sun, Apr 13, 2025",UTA,MIN
"Sun, Apr 13, 2025",OKC,NOP
"Sun, Apr 13, 2025",LAL,POR
"Sun, Apr 13, 2025",PHO,SAC
"Sun, Apr 13, 2025",TOR,SAS
"Sun, Dec 1, 2024",ORL,BRK
"Sun, Dec 1, 2024",IND,MEM
"Sun, Dec 1, 2024",BOS,CLE
"Sun, Dec 1, 2024",NOP,NYK
"Sun, Dec 1, 2024",MIA,TOR
"Sun, Dec 1, 2024",OKC,HOU
"Sun, Dec 1, 2024",LAL,UTA
"Sun, Dec 1, 2024",DAL,POR
"Sun, Dec 1, 2024",SAS,SAC
"Sun, Dec 1, 2024",DEN,LAC
"Mon, Dec 2, 2024",NOP,ATL
"Mon, Dec 2, 2024",MIA,BOS
"Mon, Dec 2, 2024",BRK,CHI
"Mon, Dec 2, 2024",LAL,MIN
"Tue, Dec 3, 2024",PHI,CHA
"Tue, Dec 3, 2024",WAS,CLE
"Tue, Dec 3, 2024",MIL,DET
"Tue, Dec 3, 2024",ORL,NYK
"Tue, Dec 3, 2024",IND,TOR
"Tue, Dec 3, 2024",UTA,OKC
"Tue, Dec 3, 2024",MEM,DAL
"Tue, Dec 3, 2024",SAS,PHO
"Tue, Dec 3, 2024",GSW,DEN
"Tue, Dec 3, 2024",HOU,SAC
"Tue, Dec 3, 2024",POR,LAC
"Wed, Dec 4, 2024",DET,BOS
"Wed, Dec 4, 2024",IND,BRK
"Wed, Dec 4, 2024",LAL,MIA
"Wed, Dec 4, 2024",ORL,PHI
"Wed, Dec 4, 2024",ATL,MIL
"Wed, Dec 4, 2024",MIN,LAC
"Thu, Dec 5, 2024",DEN,CLE
"Thu, Dec 5, 2024",DAL,WAS
"Thu, Dec 5, 2024",CHA,NYK
"Thu, Dec 5, 2024",OKC,TOR
"Thu, Dec 5, 2024",SAC,MEM
"Thu, Dec 5, 2024",PHO,NOP
"Thu, Dec 5, 2024",CHI,SAS
"Thu, Dec 5, 2024",HOU,GSW
"Fri, Dec 6, 2024",ORL,PHI
"Fri, Dec 6, 2024",LAL,ATL
"Fri, Dec 6, 2024",MIL,BOS
"Fri, Dec 6, 2024",IND,CHI
"Fri, Dec 6, 2024",SAC,SAS
"Fri, Dec 6, 2024",MIN,GSW
"Fri, Dec 6, 2024",UTA,POR
"Sat, Dec 7, 2024",CLE,CHA
"Sat, Dec 7, 2024",OKC,NOP
"Sat, Dec 7, 2024",DEN,WAS
"Sat, Dec 7, 2024",DET,NYK
"Sat, Dec 7, 2024",DAL,TOR
"Sat, Dec 7, 2024",MEM,BOS
"Sat, Dec 7, 2024",PHO,MIA
"Sun, Dec 8, 2024",PHI,CHI
"Sun, Dec 8, 2024",MIL,BRK
"Sun, Dec 8, 2024",CHA,IND
"Sun, Dec 8, 2024",DEN,ATL
"Sun, Dec 8, 2024",CLE,MIA
"Sun, Dec 8, 2024",PHO,ORL
"Sun, Dec 8, 2024",NOP,SAS
"Sun, Dec 8, 2024",MEM,WAS
"Sun, Dec 8, 2024",MIN,GSW
"Sun, Dec 8, 2024",HOU,LAC
"Sun, Dec 8, 2024",UTA,SAC
"Sun, Dec 8, 2024",POR,LAL
"Mon, Dec 9, 2024",NYK,TOR
"Thu, Dec 19, 2024",UTA,DET
"Thu, Dec 19, 2024",OKC,ORL
"Thu, Dec 19, 2024",CHA,WAS
"Thu, Dec 19, 2024",CHI,BOS
"Thu, Dec 19, 2024",BRK,TOR
"Thu, Dec 19, 2024",NOP,HOU
"Thu, Dec 19, 2024",GSW,MEM
"Thu, Dec 19, 2024",NYK,MIN
"Thu, Dec 19, 2024",LAC,DAL
"Thu, Dec 19, 2024",IND,PHO
"Thu, Dec 19, 2024",ATL,SAS
"Thu, Dec 19, 2024",DEN,POR
"Thu, Dec 19, 2024",LAL,SAC
"Fri, Dec 20, 2024",CHA,PHI
"Fri, Dec 20, 2024",MIL,CLE
"Fri, Dec 20, 2024",OKC,MIA
"Sat, Dec 21, 2024",LAL,SAC
"Sat, Dec 21, 2024",MIA,ORL
"Sat, Dec 21, 2024",MEM,ATL
"Sat, Dec 21, 2024",UTA,BRK
"Sat, Dec 21, 2024",BOS,CHI
"Sat, Dec 21, 2024",PHI,CLE
"Sat, Dec 21, 2024",WAS,MIL
"Sat, Dec 21, 2024",GSW,MIN
"Sat, Dec 21, 2024",NYK,NOP
"Sat, Dec 21, 2024",LAC,DAL
"Sat, Dec 21, 2024",POR,SAS
"Sat, Dec 21, 2024",DET,PHO
"Sun, Dec 22, 2024",IND,SAC
"Sun, Dec 22, 2024",HOU,TOR
"Sun, Dec 22, 2024",DEN,NOP
"Mon, Dec 23, 2024",HOU,CHA
"Mon, Dec 23, 2024",UTA,CLE
"Mon, Dec 23, 2024",BOS,ORL
"Mon, Dec 23, 2024",SAS,PHI
"Mon, Dec 23, 2024",MIN,ATL
"Mon, Dec 23, 2024",BRK,MIA
"Mon, Dec 23, 2024",TOR,NYK
"Mon, Dec 23, 2024",MIL,CHI
"Mon, Dec 23, 2024",LAC,MEM
"Mon, Dec 23, 2024",WAS,OKC
"Mon, Dec 23, 2024",POR,DAL
"Mon, Dec 23, 2024",PHO,DEN
"Mon, Dec 23, 2024",IND,GSW
"Mon, Dec 23, 2024",DET,LAL
"Wed, Dec 25, 2024",SAS,NYK
"Wed, Dec 25, 2024",MIN,DAL
"Wed, Dec 25, 2024",PHI,BOS
"Wed, Dec 25, 2024",LAL,GSW
"Wed, Dec 25, 2024",DEN,PHO
"Thu, Dec 26, 2024",OKC,IND
"Thu, Dec 26, 2024",MIA,ORL
"Thu, Dec 26, 2024",CHA,WAS
"Thu, Dec 26, 2024",CHI,ATL
"Thu, Dec 26, 2024",TOR,MEM
"Thu, Dec 26, 2024",BRK,MIL
"Thu, Dec 26, 2024",HOU,NOP
"Thu, Dec 26, 2024",UTA,POR
"Thu, Dec 26, 2024",DET,SAC
"Fri, Dec 27, 2024",NYK,ORL
"Fri, Dec 27, 2024",IND,BOS
"Fri, Dec 27, 2024",SAS,BRK
"Fri, Dec 27, 2024",MIN,HOU
"Fri, Dec 27, 2024",MEM,NOP
"Fri, Dec 27, 2024",CLE,DEN
"Fri, Dec 27, 2024",DAL,PHO
"Fri, Dec 27, 2024",GSW,LAC
"Sat, Dec 28, 2024",MIA,ATL
"Sat, Dec 28, 2024",OKC,CHA
"Sat, Dec 28, 2024",NYK,WAS
"Sat, Dec 28, 2024",MIL,CHI
"Sat, Dec 28, 2024",PHO,GSW
"Sat, Dec 28, 2024",DET,DEN
"Sat, Dec 28, 2024",PHI,UTA
"Sat, Dec 28, 2024",DAL,POR
"Sat, Dec 28, 2024",SAC,LAL
"Sun, Dec 29, 2024",BRK,ORL
"Sun, Dec 29, 2024",IND,BOS
"Sun, Dec 29, 2024",ATL,TOR
"Sun, Dec 29, 2024",MIA,HOU
"Sun, Dec 29, 2024",MEM,OKC
"Sun, Dec 29, 2024",SAS,MIN
"Mon, Dec 30, 2024",CHI,CHA
"Mon, Dec 30, 2024",NYK,WAS
"Mon, Dec 30, 2024",LAC,NOP
"Mon, Dec 30, 2024",DEN,UTA
"Mon, Dec 30, 2024",CLE,GSW
"Mon, Dec 30, 2024",PHI,POR
"Mon, Dec 30, 2024",DAL,SAC
"Tue, Dec 31, 2024",TOR,BOS
"Tue, Dec 31, 2024",MIL,IND
"Tue, Dec 31, 2024",LAC,SAS
"Tue, Dec 31, 2024",MIN,OKC
"Tue, Dec 31, 2024",CLE,LAL
"Tue, Dec 31, 2024",MEM,PHO
"Sat, Feb 1, 2025",ATL,IND
"Sat, Feb 1, 2025",ORL,UTA
"Sat, Feb 1, 2025",DEN,CHA
"Sat, Feb 1, 2025",BRK,HOU
"Sat, Feb 1, 2025",WAS,MIN
"Sat, Feb 1, 2025",SAC,OKC
"Sat, Feb 1, 2025",LAL,NYK
"Sat, Feb 1, 2025",MIA,SAS
"Sat, Feb 1, 2025",PHO,POR
"Sun, Feb 2, 2025",CHI,DET
"Sun, Feb 2, 2025",DAL,CLE
"Sun, Feb 2, 2025",LAC,TOR
"Sun, Feb 2, 2025",BOS,PHI
"Sun, Feb 2, 2025",MEM,MIL
"Mon, Feb 3, 2025",WAS,CHA
"Mon, Feb 3, 2025",ATL,DET
"Mon, Feb 3, 2025",HOU,NYK
"Mon, Feb 3, 2025",SAS,MEM
"Mon, Feb 3, 2025",SAC,MIN
"Mon, Feb 3, 2025",MIL,OKC
"Mon, Feb 3, 2025",NOP,DEN
"Mon, Feb 3, 2025",IND,UTA
"Mon, Feb 3, 2025",ORL,GSW
"Mon, Feb 3, 2025",PHO,POR
"Tue, Feb 4, 2025",BOS,CLE
"Tue, Feb 4, 2025",HOU,BRK
"Tue, Feb 4, 2025",DAL,PHI
"Tue, Feb 4, 2025",NYK,TOR
"Tue, Feb 4, 2025",MIA,CHI
"Tue, Feb 4, 2025",LAL,LAC
"Tue, Feb 4, 2025",IND,POR
"Wed, Feb 5, 2025",MIL,CHA
"Wed, Feb 5, 2025",CLE,DET
"Wed, Feb 5, 2025",SAS,ATL
"Wed, Feb 5, 2025",WAS,BRK
"Wed, Feb 5, 2025",MIA,PHI
"Wed, Feb 5, 2025",MEM,TOR
"Wed, Feb 5, 2025",CHI,MIN
"Wed, Feb 5, 2025",PHO,OKC
"Wed, Feb 5, 2025",GSW,UTA
"Wed, Feb 5, 2025",NOP,DEN
"Wed, Feb 5, 2025",ORL,SAC
"Thu, Feb 6, 2025",DAL,BOS
"Thu, Feb 6, 2025",HOU,MIN
"Thu, Feb 6, 2025",ORL,DEN
"Thu, Feb 6, 2025",GSW,LAL
"Thu, Feb 6, 2025",SAC,POR
"Thu, Feb 6, 2025",IND,LAC
"Fri, Feb 7, 2025",SAS,CHA
"Fri, Feb 7, 2025",CLE,WAS
"Fri, Feb 7, 2025",MIL,ATL
"Fri, Feb 7, 2025",MIA,BRK
"Fri, Feb 7, 2025",PHI,DET
"Fri, Feb 7, 2025",TOR,OKC
"Fri, Feb 7, 2025",UTA,PHO
"Sat, Feb 8, 2025",HOU,DAL
"Sat, Feb 8, 2025",IND,LAL
"Sat, Feb 8, 2025",SAS,ORL
"Sat, Feb 8, 2025",ATL,WAS
"Sat, Feb 8, 2025",GSW,CHI
"Sat, Feb 8, 2025",OKC,MEM
"Sat, Feb 8, 2025",POR,MIN
"Sat, Feb 8, 2025",BOS,NYK
"Sat, Feb 8, 2025",DEN,PHO
"Sat, Feb 8, 2025",NOP,SAC
"Sat, Feb 8, 2025",UTA,LAC
"Sun, Feb 9, 2025",CHA,DET
"Sun, Feb 9, 2025",TOR,HOU
"Sun, Feb 9, 2025",PHI,MIL
"Mon, Feb 10, 2025",MIN,CLE
"Mon, Feb 10, 2025",ATL,ORL
"Mon, Feb 10, 2025",SAS,WAS
"Mon, Feb 10, 2025",CHA,BRK
"Mon, Feb 10, 2025",BOS,MIA
"Mon, Feb 10, 2025",GSW,MIL
"Mon, Feb 10, 2025",NOP,OKC
"Mon, Feb 10, 2025",SAC,DAL
"Mon, Feb 10, 2025",POR,DEN
"Tue, Feb 11, 2025",TOR,PHI
"Tue, Feb 11, 2025",NYK,IND
"Tue, Feb 11, 2025",DET,CHI
"Tue, Feb 11, 2025",MEM,PHO
"Tue, Feb 11, 2025",UTA,LAL
"Wed, Feb 12, 2025",SAS,BOS
"Wed, Feb 12, 2025",CHA,ORL
"Wed, Feb 12, 2025",IND,WAS
"Wed, Feb 12, 2025",PHI,BRK
"Wed, Feb 12, 2025",ATL,NYK
"Wed, Feb 12, 2025",CLE,TOR
"Wed, Feb 12, 2025",DET,CHI
"Wed, Feb 12, 2025",MIL,MIN
"Wed, Feb 12, 2025",SAC,NOP
"Wed, Feb 12, 2025",MIA,OKC
"Wed, Feb 12, 2025",PHO,HOU
"Wed, Feb 12, 2025",POR,DEN
"Wed, Feb 12, 2025",LAL,UTA
"Wed, Feb 12, 2025",GSW,DAL
"Wed, Feb 12, 2025",MEM,LAC
"Thu, Feb 13, 2025",GSW,HOU
"Thu, Feb 13, 2025",SAC,NOP
"Thu, Feb 13, 2025",MIA,DAL
"Thu, Feb 13, 2025",OKC,MIN
"Thu, Feb 20, 2025",MEM,IND
"Thu, Feb 20, 2025",BOS,PHI
"Thu, Feb 20, 2025",ORL,ATL
"Thu, Feb 20, 2025",CLE,BRK
"Thu, Feb 20, 2025",CHI,NYK
"Thu, Feb 20, 2025",LAC,MIL
"Thu, Feb 20, 2025",CHA,DEN
"Thu, Feb 20, 2025",PHO,SAS
"Thu, Feb 20, 2025",LAL,POR
"Fri, Feb 21, 2025",NYK,CLE
"Fri, Feb 21, 2025",MEM,ORL
"Fri, Feb 21, 2025",MIL,WAS
"Fri, Feb 21, 2025",MIA,TOR
"Fri, Feb 21, 2025",MIN,HOU
"Fri, Feb 21, 2025",DET,SAS
"Fri, Feb 21, 2025",NOP,DAL
"Fri, Feb 21, 2025",OKC,UTA
"Fri, Feb 21, 2025",GSW,SAC
"Sat, Feb 22, 2025",PHO,CHI
"Sat, Feb 22, 2025",BRK,PHI
"Sat, Feb 22, 2025",LAL,DEN
"Sat, Feb 22, 2025",HOU,UTA
"Sat, Feb 22, 2025",CHA,POR
"Sun, Feb 23, 2025",NYK,BOS
"Sun, Feb 23, 2025",DAL,GSW
"Sun, Feb 23, 2025",LAC,IND
"Sun, Feb 23, 2025",DET,ATL
"Sun, Feb 23, 2025",WAS,ORL
"Sun, Feb 23, 2025",PHO,TOR
"Sun, Feb 23, 2025",MIA,MIL
"Sun, Feb 23, 2025",SAS,NOP
"Sun, Feb 23, 2025",MEM,CLE
"Sun, Feb 23, 2025",OKC,MIN
"Mon, Feb 24, 2025",LAC,DET
"Mon, Feb 24, 2025",DEN,IND
"Mon, Feb 24, 2025",CHI,PHI
"Mon, Feb 24, 2025",BRK,WAS
"Mon, Feb 24, 2025",MIA,ATL
"Mon, Feb 24, 2025",MIN,OKC
"Mon, Feb 24, 2025",POR,UTA
"Mon, Feb 24, 2025",CHA,SAC
"Tue, Feb 25, 2025",BOS,TOR
"Tue, Feb 25, 2025",CLE,ORL
"Tue, Feb 25, 2025",MIL,HOU
"Tue, Feb 25, 2025",PHO,MEM
"Tue, Feb 25, 2025",SAS,NOP
"Tue, Feb 25, 2025",CHA,GSW
"Tue, Feb 25, 2025",DAL,LAL
"Wed, Feb 26, 2025",BOS,DET
"Wed, Feb 26, 2025",TOR,IND
"Wed, Feb 26, 2025",PHI,NYK
"Wed, Feb 26, 2025",POR,WAS
"Wed, Feb 26, 2025",OKC,BRK
"Wed, Feb 26, 2025",ATL,MIA
"Wed, Feb 26, 2025",LAC,CHI
"Wed, Feb 26, 2025",SAC,UTA
"Wed, Feb 26, 2025",SAS,HOU
"Thu, Feb 27, 2025",GSW,ORL
"Thu, Feb 27, 2025",DEN,MIL
"Thu, Feb 27, 2025",CHA,DAL
"Thu, Feb 27, 2025",NOP,PHO
"Thu, Feb 27, 2025",MIN,LAL
"Fri, Feb 28, 2025",DEN,DET
"Fri, Feb 28, 2025",OKC,ATL
"Fri, Feb 28, 2025",CLE,BOS
"Fri, Feb 28, 2025",POR,BRK
"Fri, Feb 28, 2025",TOR,CHI
"Fri, Feb 28, 2025",NYK,MEM
"Fri, Feb 28, 2025",IND,MIA
"Fri, Feb 28, 2025",NOP,PHO
"Fri, Feb 28, 2025",MIN,UTA
"Fri, Feb 28, 2025",LAC,LAL
"Wed, Jan 1, 2025",ORL,DET
"Wed, Jan 1, 2025",CHI,WAS
"Wed, Jan 1, 2025",NOP,MIA
"Wed, Jan 1, 2025",UTA,NYK
"Wed, Jan 1, 2025",BRK,TOR
"Wed, Jan 1, 2025",DAL,HOU
"Wed, Jan 1, 2025",ATL,DEN
"Wed, Jan 1, 2025",PHI,SAC
"Thu, Jan 2, 2025",IND,MIA
"Thu, Jan 2, 2025",BOS,MIN
"Thu, Jan 2, 2025",BRK,MIL
"Thu, Jan 2, 2025",LAC,OKC
"Thu, Jan 2, 2025",PHI,GSW
"Thu, Jan 2, 2025",POR,LAL
"Fri, Jan 3, 2025",CHA,DET
"Fri, Jan 3, 2025",ORL,TOR
"Fri, Jan 3, 2025",BOS,HOU
"Fri, Jan 3, 2025",WAS,NOP
"Fri, Jan 3, 2025",NYK,OKC
"Fri, Jan 3, 2025",CLE,DAL
"Fri, Jan 3, 2025",SAS,DEN
"Fri, Jan 3, 2025",MEM,SAC
"Fri, Jan 3, 2025",ATL,LAL
"Sat, Jan 4, 2025",PHI,BRK
"Sat, Jan 4, 2025",MIN,DET
"Sat, Jan 4, 2025",PHO,IND
"Sat, Jan 4, 2025",NYK,CHI
"Sat, Jan 4, 2025",UTA,MIA
"Sat, Jan 4, 2025",POR,MIL
"Sat, Jan 4, 2025",DEN,SAS
"Sat, Jan 4, 2025",MEM,GSW
"Sat, Jan 4, 2025",ATL,LAC
"Sun, Jan 5, 2025",BOS,OKC
"Sun, Jan 5, 2025",CHA,CLE
"Sun, Jan 5, 2025",NOP,WAS
"Sun, Jan 5, 2025",UTA,ORL
"Sun, Jan 5, 2025",LAL,HOU
"Sun, Jan 5, 2025",SAC,GSW
"Mon, Jan 6, 2025",POR,DET
"Mon, Jan 6, 2025",PHO,PHI
"Mon, Jan 6, 2025",IND,BRK
"Mon, Jan 6, 2025",ORL,NYK
"Mon, Jan 6, 2025",MIL,TOR
"Mon, Jan 6, 2025",SAS,CHI
"Mon, Jan 6, 2025",DAL,MEM
"Mon, Jan 6, 2025",LAC,MIN
"Mon, Jan 6, 2025",MIA,SAC
"Tue, Jan 7, 2025",PHO,CHA
"Tue, Jan 7, 2025",HOU,WAS
"Tue, Jan 7, 2025",LAL,DAL
"Tue, Jan 7, 2025",MIN,NOP
"Tue, Jan 7, 2025",ATL,UTA
"Tue, Jan 7, 2025",BOS,DEN
"Tue, Jan 7, 2025",MIA,GSW
"Wed, Jan 8, 2025",OKC,CLE
"Wed, Jan 8, 2025",CHI,IND
"Wed, Jan 8, 2025",TOR,NYK
"Wed, Jan 8, 2025",WAS,PHI
"Wed, Jan 8, 2025",DET,BRK
"Wed, Jan 8, 2025",POR,NOP
"Wed, Jan 8, 2025",LAC,DEN
"Wed, Jan 8, 2025",SAS,MIL
"Thu, Jan 9, 2025",TOR,CLE
"Thu, Jan 9, 2025",GSW,DET
"Thu, Jan 9, 2025",MIN,ORL
"Thu, Jan 9, 2025",HOU,MEM
"Thu, Jan 9, 2025",POR,DAL
"Thu, Jan 9, 2025",ATL,PHO
"Thu, Jan 9, 2025",MIA,UTA
"Thu, Jan 9, 2025",CHA,LAL
"Fri, Jan 10, 2025",GSW,IND
"Fri, Jan 10, 2025",MIL,ORL
"Fri, Jan 10, 2025",NOP,PHI
"Fri, Jan 10, 2025",SAC,BOS
"Fri, Jan 10, 2025",OKC,NYK
"Fri, Jan 10, 2025",WAS,CHI
"Fri, Jan 10, 2025",BRK,DEN
"Sat, Jan 11, 2025",HOU,ATL
"Sat, Jan 11, 2025",UTA,PHO
"Sat, Jan 11, 2025",TOR,DET
"Sat, Jan 11, 2025",MEM,MIN
"Sat, Jan 11, 2025",MIA,POR
"Sat, Jan 11, 2025",CHA,LAC
"Sat, Jan 11, 2025",SAS,LAL
"Sun, Jan 12, 2025",DEN,DAL
"Sun, Jan 12, 2025",MIL,NYK
"Sun, Jan 12, 2025",SAC,CHI
"Sun, Jan 12, 2025",NOP,BOS
"Sun, Jan 12, 2025",IND,CLE
"Sun, Jan 12, 2025",PHI,ORL
"Sun, Jan 12, 2025",OKC,WAS
"Sun, Jan 12, 2025",BRK,UTA
"Sun, Jan 12, 2025",CHA,PHO
"Mon, Jan 13, 2025",MIN,WAS
"Mon, Jan 13, 2025",DET,NYK
"Mon, Jan 13, 2025",GSW,TOR
"Mon, Jan 13, 2025",MEM,HOU
"Mon, Jan 13, 2025",MIA,LAC
"Mon, Jan 13, 2025",SAS,LAL
"Tue, Jan 14, 2025",CLE,IND
"Tue, Jan 14, 2025",OKC,PHI
"Tue, Jan 14, 2025",PHO,ATL
"Tue, Jan 14, 2025",NOP,CHI
"Tue, Jan 14, 2025",SAC,MIL
"Tue, Jan 14, 2025",DEN,DAL
"Tue, Jan 14, 2025",BRK,POR
"Wed, Jan 15, 2025",NYK,PHI
"Wed, Jan 15, 2025",BOS,TOR
"Wed, Jan 15, 2025",ATL,CHI
"Wed, Jan 15, 2025",ORL,MIL
"Wed, Jan 15, 2025",GSW,MIN
"Wed, Jan 15, 2025",DAL,NOP
"Wed, Jan 15, 2025",MEM,SAS
"Wed, Jan 15, 2025",HOU,DEN
"Wed, Jan 15, 2025",CHA,UTA
"Wed, Jan 15, 2025",MIA,LAL
"Wed, Jan 15, 2025",BRK,LAC
"Thu, Jan 16, 2025",IND,DET
"Thu, Jan 16, 2025",PHO,WAS
"Thu, Jan 16, 2025",CLE,OKC
"Thu, Jan 16, 2025",LAC,POR
"Thu, Jan 16, 2025",HOU,SAC
"Fri, Jan 17, 2025",ORL,BOS
"Fri, Jan 17, 2025",MIN,NYK
"Fri, Jan 17, 2025",DEN,MIA
"Fri, Jan 17, 2025",TOR,MIL
"Fri, Jan 17, 2025",UTA,NOP
"Fri, Jan 17, 2025",MEM,SAS
"Fri, Jan 17, 2025",OKC,DAL
"Fri, Jan 17, 2025",CHA,CHI
"Fri, Jan 17, 2025",BRK,LAL
"Sat, Jan 18, 2025",PHO,DET
"Sat, Jan 18, 2025",ATL,BOS
"Sat, Jan 18, 2025",PHI,IND
"Sat, Jan 18, 2025",WAS,GSW
"Sat, Jan 18, 2025",CLE,MIN
"Sat, Jan 18, 2025",HOU,POR
"Sun, Jan 19, 2025",SAS,MIA
"Sun, Jan 19, 2025",DEN,ORL
"Sun, Jan 19, 2025",PHI,MIL
"Sun, Jan 19, 2025",BRK,OKC
"Sun, Jan 19, 2025",LAL,LAC
"Sun, Jan 19, 2025",CHI,POR
"Sun, Jan 19, 2025",WAS,SAC
"Mon, Jan 20, 2025",DAL,CHA
"Mon, Jan 20, 2025",DET,HOU
"Mon, Jan 20, 2025",MIN,MEM
"Mon, Jan 20, 2025",ATL,NYK
"Mon, Jan 20, 2025",PHO,CLE
"Mon, Jan 20, 2025",BOS,GSW
"Mon, Jan 20, 2025",UTA,NOP
"Tue, Jan 21, 2025",NYK,BRK
"Tue, Jan 21, 2025",POR,MIA
"Tue, Jan 21, 2025",ORL,TOR
"Tue, Jan 21, 2025",PHI,DEN
"Tue, Jan 21, 2025",CHI,LAC
"Tue, Jan 21, 2025",WAS,LAL
"Wed, Jan 22, 2025",DET,ATL
"Wed, Jan 22, 2025",PHO,BRK
"Wed, Jan 22, 2025",MIN,DAL
"Wed, Jan 22, 2025",CLE,HOU
"Wed, Jan 22, 2025",CHA,MEM
"Wed, Jan 22, 2025",MIL,NOP
"Wed, Jan 22, 2025",UTA,OKC
"Wed, Jan 22, 2025",GSW,SAC
"Wed, Jan 22, 2025",BOS,LAC
"Thu, Jan 23, 2025",SAS,IND
"Thu, Jan 23, 2025",POR,ORL
"Thu, Jan 23, 2025",TOR,ATL
"Thu, Jan 23, 2025",MIA,MIL
"Thu, Jan 23, 2025",DAL,OKC
"Thu, Jan 23, 2025",SAC,DEN
"Thu, Jan 23, 2025",WAS,UTA
"Thu, Jan 23, 2025",CHI,GSW
"Thu, Jan 23, 2025",BOS,LAL
"Fri, Jan 24, 2025",POR,CHA
"Fri, Jan 24, 2025",CLE,PHI
"Fri, Jan 24, 2025",NOP,MEM
"Sat, Jan 25, 2025",IND,SAS
"Sat, Jan 25, 2025",DEN,MIN
"Sat, Jan 25, 2025",BOS,DAL
"Sat, Jan 25, 2025",MIA,BRK
"Sat, Jan 25, 2025",NOP,CHA
"Sat, Jan 25, 2025",DET,ORL
"Sat, Jan 25, 2025",TOR,ATL
"Sat, Jan 25, 2025",HOU,CLE
"Sat, Jan 25, 2025",SAC,NYK
"Sat, Jan 25, 2025",PHI,CHI
"Sat, Jan 25, 2025",UTA,MEM
"Sat, Jan 25, 2025",LAL,GSW
"Sat, Jan 25, 2025",WAS,PHO
"Sat, Jan 25, 2025",MIL,LAC
"Sun, Jan 26, 2025",OKC,POR
"Mon, Jan 27, 2025",LAL,CHA
"Mon, Jan 27, 2025",DET,CLE
"Mon, Jan 27, 2025",HOU,BOS
"Mon, Jan 27, 2025",SAC,BRK
"Mon, Jan 27, 2025",ORL,MIA
"Mon, Jan 27, 2025",MEM,NYK
"Mon, Jan 27, 2025",NOP,TOR
"Mon, Jan 27, 2025",DEN,CHI
"Mon, Jan 27, 2025",ATL,MIN
"Mon, Jan 27, 2025",WAS,DAL
"Mon, Jan 27, 2025",MIL,UTA
"Mon, Jan 27, 2025",LAC,PHO
"Tue, Jan 28, 2025",LAL,PHI
"Tue, Jan 28, 2025",UTA,GSW
"Tue, Jan 28, 2025",MIL,POR
"Wed, Jan 29, 2025",BRK,CHA
"Wed, Jan 29, 2025",DET,IND
"Wed, Jan 29, 2025",TOR,WAS
"Wed, Jan 29, 2025",CHI,BOS
"Wed, Jan 29, 2025",CLE,MIA
"Wed, Jan 29, 2025",DEN,NYK
"Wed, Jan 29, 2025",SAC,PHI
"Wed, Jan 29, 2025",DAL,NOP
"Wed, Jan 29, 2025",LAC,SAS
"Wed, Jan 29, 2025",MIN,PHO
"Wed, Jan 29, 2025",OKC,GSW
"Thu, Jan 30, 2025",LAL,WAS
"Thu, Jan 30, 2025",ATL,CLE
"Thu, Jan 30, 2025",HOU,MEM
"Thu, Jan 30, 2025",ORL,POR
"Thu, Jan 30, 2025",MIN,UTA
"Fri, Jan 31, 2025",LAC,CHA
"Fri, Jan 31, 2025",DAL,DET
"Fri, Jan 31, 2025",DEN,PHI
"Fri, Jan 31, 2025",CHI,TOR
"Fri, Jan 31, 2025",BOS,NOP
"Fri, Jan 31, 2025",MIL,SAS
"Fri, Jan 31, 2025",PHO,GSW
"Sat, Mar 1, 2025",WAS,CHA
"Sat, Mar 1, 2025",BRK,DET
"Sat, Mar 1, 2025",SAC,HOU
"Sat, Mar 1, 2025",SAS,MEM
"Sat, Mar 1, 2025",MIL,DAL
"Sat, Mar 1, 2025",GSW,PHI
"Sun, Mar 2, 2025",DEN,BOS
"Sun, Mar 2, 2025",POR,CLE
"Sun, Mar 2, 2025",CHI,IND
"Sun, Mar 2, 2025",NYK,MIA
"Sun, Mar 2, 2025",TOR,ORL
"Sun, Mar 2, 2025",OKC,SAS
"Sun, Mar 2, 2025",NOP,UTA
"Sun, Mar 2, 2025",LAC,LAL
"Sun, Mar 2, 2025",MIN,PHO
"Mon, Mar 3, 2025",GSW,CHA
"Mon, Mar 3, 2025",POR,PHI
"Mon, Mar 3, 2025",WAS,MIA
"Mon, Mar 3, 2025",ATL,MEM
"Mon, Mar 3, 2025",HOU,OKC
"Mon, Mar 3, 2025",SAC,DAL
"Mon, Mar 3, 2025",DET,UTA
"Tue, Mar 4, 2025",HOU,IND
"Tue, Mar 4, 2025",TOR,ORL
"Tue, Mar 4, 2025",MIL,ATL
"Tue, Mar 4, 2025",GSW,NYK
"Tue, Mar 4, 2025",CLE,CHI
"Tue, Mar 4, 2025",PHI,MIN
"Tue, Mar 4, 2025",BRK,SAS
"Tue, Mar 4, 2025",LAC,PHO
"Tue, Mar 4, 2025",NOP,LAL
"Wed, Mar 5, 2025",POR,BOS
"Wed, Mar 5, 2025",MIN,CHA
"Wed, Mar 5, 2025",MIA,CLE
"Wed, Mar 5, 2025",UTA,WAS
"Wed, Mar 5, 2025",OKC,MEM
"Wed, Mar 5, 2025",SAC,DEN
"Wed, Mar 5, 2025",DAL,MIL
"Wed, Mar 5, 2025",DET,LAC
"Thu, Mar 6, 2025",IND,ATL
"Thu, Mar 6, 2025",PHI,BOS
"Thu, Mar 6, 2025",GSW,BRK
"Thu, Mar 6, 2025",HOU,NOP
"Thu, Mar 6, 2025",NYK,LAL
"Fri, Mar 7, 2025",CLE,CHA
"Fri, Mar 7, 2025",MEM,DAL
"Fri, Mar 7, 2025",UTA,TOR
"Fri, Mar 7, 2025",MIN,MIA
"Fri, Mar 7, 2025",POR,OKC
"Fri, Mar 7, 2025",PHO,DEN
"Fri, Mar 7, 2025",SAS,SAC
"Fri, Mar 7, 2025",NYK,LAC
"Sat, Mar 8, 2025",BRK,CHA
"Sat, Mar 8, 2025",NOP,HOU
"Sat, Mar 8, 2025",IND,ATL
"Sat, Mar 8, 2025",WAS,TOR
"Sat, Mar 8, 2025",CHI,MIA
"Sat, Mar 8, 2025",ORL,MIL
"Sat, Mar 8, 2025",LAL,BOS
"Sat, Mar 8, 2025",DET,GSW
"Sun, Mar 9, 2025",DEN,OKC
"Sun, Mar 9, 2025",PHO,DAL
"Sun, Mar 9, 2025",MEM,NOP
"Sun, Mar 9, 2025",UTA,PHI
"Sun, Mar 9, 2025",CLE,MIL
"Sun, Mar 9, 2025",SAS,MIN
"Sun, Mar 9, 2025",DET,POR
"Sun, Mar 9, 2025",SAC,LAC
"Mon, Mar 10, 2025",PHI,ATL
"Mon, Mar 10, 2025",UTA,BOS
"Mon, Mar 10, 2025",LAL,BRK
"Mon, Mar 10, 2025",CHA,MIA
"Mon, Mar 10, 2025",WAS,TOR
"Mon, Mar 10, 2025",IND,CHI
"Mon, Mar 10, 2025",ORL,HOU
"Mon, Mar 10, 2025",PHO,MEM
"Mon, Mar 10, 2025",DEN,OKC
"Mon, Mar 10, 2025",DAL,SAS
"Mon, Mar 10, 2025",POR,GSW
"Mon, Mar 10, 2025",NYK,SAC
"Tue, Mar 11, 2025",BRK,CLE
"Tue, Mar 11, 2025",WAS,DET
"Tue, Mar 11, 2025",MIL,IND
"Tue, Mar 11, 2025",LAC,NOP
"Wed, Mar 12, 2025",CHI,ORL
"Wed, Mar 12, 2025",CHA,ATL
"Wed, Mar 12, 2025",OKC,BOS
"Wed, Mar 12, 2025",PHI,TOR
"Wed, Mar 12, 2025",PHO,HOU
"Wed, Mar 12, 2025",UTA,MEM
"Wed, Mar 12, 2025",LAC,MIA
"Wed, Mar 12, 2025",DAL,SAS
"Wed, Mar 12, 2025",MIN,DEN
"Wed, Mar 12, 2025",NYK,POR
"Thu, Mar 13, 2025",WAS,DET
"Thu, Mar 13, 2025",LAL,MIL
"Thu, Mar 13, 2025",BRK,CHI
"Thu, Mar 13, 2025",SAC,GSW
"Fri, Mar 14, 2025",BOS,MIA
"Fri, Mar 14, 2025",IND,PHI
"Fri, Mar 14, 2025",LAC,ATL
"Fri, Mar 14, 2025",DAL,HOU
"Fri, Mar 14, 2025",CLE,MEM
"Fri, Mar 14, 2025",ORL,MIN
"Fri, Mar 14, 2025",CHA,SAS
"Fri, Mar 14, 2025",LAL,DEN
"Fri, Mar 14, 2025",TOR,UTA
"Fri, Mar 14, 2025",SAC,PHO
"Sat, Mar 15, 2025",BOS,BRK
"Sat, Mar 15, 2025",OKC,DET
"Sat, Mar 15, 2025",CHI,HOU
"Sat, Mar 15, 2025",MIA,MEM
"Sat, Mar 15, 2025",IND,MIL
"Sat, Mar 15, 2025",NYK,GSW
"Sat, Mar 15, 2025",NOP,SAS
"Sat, Mar 15, 2025",WAS,DEN
"Sun, Mar 16, 2025",PHI,DAL
"Sun, Mar 16, 2025",PHO,LAL
"Sun, Mar 16, 2025",ATL,BRK
"Sun, Mar 16, 2025",ORL,CLE
"Sun, Mar 16, 2025",TOR,POR
"Sun, Mar 16, 2025",UTA,MIN
"Sun, Mar 16, 2025",OKC,MIL
"Sun, Mar 16, 2025",WAS,LAC
"Mon, Mar 17, 2025",MIA,NYK
"Mon, Mar 17, 2025",PHI,HOU
"Mon, Mar 17, 2025",IND,MIN
"Mon, Mar 17, 2025",DET,NOP
"Mon, Mar 17, 2025",ORL,SAS
"Mon, Mar 17, 2025",CHI,UTA
"Mon, Mar 17, 2025",DEN,GSW
"Mon, Mar 17, 2025",TOR,PHO
"Mon, Mar 17, 2025",MEM,SAC
"Tue, Mar 18, 2025",ATL,CHA
"Tue, Mar 18, 2025",BRK,BOS
"Tue, Mar 18, 2025",WAS,POR
"Tue, Mar 18, 2025",CLE,LAC
"Tue, Mar 18, 2025",MIL,LAL
"Wed, Mar 19, 2025",DAL,IND
"Wed, Mar 19, 2025",HOU,ORL
"Wed, Mar 19, 2025",DET,MIA
"Wed, Mar 19, 2025",NOP,MIN
"Wed, Mar 19, 2025",PHI,OKC
"Wed, Mar 19, 2025",NYK,SAS
"Wed, Mar 19, 2025",LAC,UTA
"Wed, Mar 19, 2025",TOR,GSW
"Wed, Mar 19, 2025",DEN,LAL
"Wed, Mar 19, 2025",CHI,PHO
"Wed, Mar 19, 2025",MEM,POR
"Wed, Mar 19, 2025",CLE,SAC
"Thu, Mar 20, 2025",NYK,CHA
"Thu, Mar 20, 2025",BRK,IND
"Thu, Mar 20, 2025",MIL,GSW
"Thu, Mar 20, 2025",CHI,SAC
"Fri, Mar 21, 2025",ORL,WAS
"Fri, Mar 21, 2025",HOU,MIA
"Fri, Mar 21, 2025",NOP,MIN
"Fri, Mar 21, 2025",CHA,OKC
"Fri, Mar 21, 2025",PHI,SAS
"Fri, Mar 21, 2025",DET,DAL
"Fri, Mar 21, 2025",BOS,UTA
"Fri, Mar 21, 2025",CLE,PHO
"Fri, Mar 21, 2025",DEN,POR
"Fri, Mar 21, 2025",MEM,LAC
"Sat, Mar 22, 2025",BRK,IND
"Sat, Mar 22, 2025",GSW,ATL
"Sat, Mar 22, 2025",WAS,NYK
"Sat, Mar 22, 2025",MIL,SAC
"Sat, Mar 22, 2025",CHI,LAL
"Sun, Mar 23, 2025",NOP,DET
"Sun, Mar 23, 2025",CLE,UTA
"Sun, Mar 23, 2025",PHI,ATL
"Sun, Mar 23, 2025",CHA,MIA
"Sun, Mar 23, 2025",BOS,POR
"Sun, Mar 23, 2025",SAS,TOR
"Sun, Mar 23, 2025",DEN,HOU
"Sun, Mar 23, 2025",OKC,LAC
"Mon, Mar 24, 2025",MIN,IND
"Mon, Mar 24, 2025",LAL,ORL
"Mon, Mar 24, 2025",TOR,WAS
"Mon, Mar 24, 2025",DAL,BRK
"Mon, Mar 24, 2025",PHI,NOP
"Mon, Mar 24, 2025",CHI,DEN
"Mon, Mar 24, 2025",MIL,PHO
"Mon, Mar 24, 2025",BOS,SAC
"Tue, Mar 25, 2025",ORL,CHA
"Tue, Mar 25, 2025",SAS,DET
"Tue, Mar 25, 2025",GSW,MIA
"Tue, Mar 25, 2025",DAL,NYK
"Tue, Mar 25, 2025",ATL,HOU
"Tue, Mar 25, 2025",MEM,UTA
"Tue, Mar 25, 2025",CLE,POR
"Tue, Mar 25, 2025",OKC,SAC
"Wed, Mar 26, 2025",WAS,PHI
"Wed, Mar 26, 2025",TOR,BRK
"Wed, Mar 26, 2025",LAL,IND
"Wed, Mar 26, 2025",LAC,NYK
"Wed, Mar 26, 2025",MIL,DEN
"Wed, Mar 26, 2025",BOS,PHO
"Thu, Mar 27, 2025",SAS,CLE
"Thu, Mar 27, 2025",DAL,ORL
"Thu, Mar 27, 2025",IND,WAS
"Thu, Mar 27, 2025",ATL,MIA
"Thu, Mar 27, 2025",LAL,CHI
"Thu, Mar 27, 2025",MEM,OKC
"Thu, Mar 27, 2025",HOU,UTA
"Thu, Mar 27, 2025",POR,SAC
"Fri, Mar 28, 2025",CLE,DET
"Fri, Mar 28, 2025",LAC,BRK
"Fri, Mar 28, 2025",CHA,TOR
"Fri, Mar 28, 2025",NYK,MIL
"Fri, Mar 28, 2025",PHO,MIN
"Fri, Mar 28, 2025",GSW,NOP
"Fri, Mar 28, 2025",UTA,DEN
"Sat, Mar 29, 2025",SAC,ORL
"Sat, Mar 29, 2025",BRK,WAS
"Sat, Mar 29, 2025",MIA,PHI
"Sat, Mar 29, 2025",DAL,CHI
"Sat, Mar 29, 2025",LAL,MEM
"Sat, Mar 29, 2025",IND,OKC
"Sat, Mar 29, 2025",BOS,SAS
"Sun, Mar 30, 2025",LAC,CLE
"Sun, Mar 30, 2025",POR,NYK
"Sun, Mar 30, 2025",ATL,MIL
"Sun, Mar 30, 2025",DET,MIN
"Sun, Mar 30, 2025",CHA,NOP
"Sun, Mar 30, 2025",GSW,SAS
"Sun, Mar 30, 2025",TOR,PHI
"Sun, Mar 30, 2025",HOU,PHO
"Mon, Mar 31, 2025",UTA,CHA
"Mon, Mar 31, 2025",SAC,IND
"Mon, Mar 31, 2025",LAC,ORL
"Mon, Mar 31, 2025",MIA,WAS
"Mon, Mar 31, 2025",BOS,MEM
"Mon, Mar 31, 2025",CHI,OKC
"Mon, Mar 31, 2025",BRK,DAL
"Mon, Mar 31, 2025",HOU,LAL
"Fri, Nov 1, 2024",BOS,CHA
"Fri, Nov 1, 2024",ORL,CLE
"Fri, Nov 1, 2024",NYK,DET
"Fri, Nov 1, 2024",SAC,ATL
"Fri, Nov 1, 2024",CHI,BRK
"Fri, Nov 1, 2024",LAL,TOR
"Fri, Nov 1, 2024",IND,NOP
"Fri, Nov 1, 2024",DEN,MIN
"Fri, Nov 1, 2024",OKC,POR
"Sat, Nov 2, 2024",BOS,CHA
"Sat, Nov 2, 2024",MEM,PHI
"Sat, Nov 2, 2024",SAC,TOR
"Sat, Nov 2, 2024",GSW,HOU
"Sat, Nov 2, 2024",CLE,MIL
"Sat, Nov 2, 2024",MIN,SAS
"Sat, Nov 2, 2024",MIA,WAS
"Sat, Nov 2, 2024",UTA,DEN
"Sat, Nov 2, 2024",POR,PHO
"Sat, Nov 2, 2024",OKC,LAC
"Sun, Nov 3, 2024",DET,BRK
"Sun, Nov 3, 2024",ATL,NOP
"Sun, Nov 3, 2024",ORL,DAL
"Mon, Nov 4, 2024",MIL,CLE
"Mon, Nov 4, 2024",GSW,WAS
"Mon, Nov 4, 2024",LAL,DET
"Mon, Nov 4, 2024",BOS,ATL
"Mon, Nov 4, 2024",MEM,BRK
"Mon, Nov 4, 2024",SAC,MIA
"Mon, Nov 4, 2024",UTA,CHI
"Mon, Nov 4, 2024",NYK,HOU
"Mon, Nov 4, 2024",CHA,MIN
"Mon, Nov 4, 2024",ORL,OKC
"Mon, Nov 4, 2024",POR,NOP
"Mon, Nov 4, 2024",IND,DAL
"Mon, Nov 4, 2024",TOR,DEN
"Mon, Nov 4, 2024",PHI,PHO
"Mon, Nov 4, 2024",SAS,LAC
"Wed, Nov 6, 2024",DET,CHA
"Wed, Nov 6, 2024",ORL,IND
"Wed, Nov 6, 2024",NYK,ATL
"Wed, Nov 6, 2024",GSW,BOS
"Wed, Nov 6, 2024",SAS,HOU
"Wed, Nov 6, 2024",LAL,MEM
"Wed, Nov 6, 2024",CLE,NOP
"Wed, Nov 6, 2024",CHI,DAL
"Wed, Nov 6, 2024",OKC,DEN
"Wed, Nov 6, 2024",MIA,PHO
"Wed, Nov 6, 2024",PHI,LAC
"Wed, Nov 6, 2024",TOR,SAC
"Thu, Nov 7, 2024",MIN,CHI
"Thu, Nov 7, 2024",UTA,MIL
"Thu, Nov 7, 2024",POR,SAS
"Fri, Nov 8, 2024",IND,CHA
"Fri, Nov 8, 2024",ATL,DET
"Fri, Nov 8, 2024",NOP,ORL
"Fri, Nov 8, 2024",BRK,BOS
"Fri, Nov 8, 2024",GSW,CLE
"Fri, Nov 8, 2024",PHO,DAL
"Fri, Nov 8, 2024",MIL,NYK
"Fri, Nov 8, 2024",WAS,MEM
"Fri, Nov 8, 2024",HOU,OKC
"Fri, Nov 8, 2024",MIA,DEN
"Fri, Nov 8, 2024",POR,MIN
"Fri, Nov 8, 2024",PHI,LAL
"Fri, Nov 8, 2024",LAC,SAC
"Sat, Nov 9, 2024",UTA,SAS
"Sat, Nov 9, 2024",CHI,ATL
"Sat, Nov 9, 2024",BRK,CLE
"Sat, Nov 9, 2024",TOR,LAC
"Sun, Nov 10, 2024",HOU,DET
"Sun, Nov 10, 2024",BOS,MIL
"Sun, Nov 10, 2024",NYK,IND
"Sun, Nov 10, 2024",WAS,ORL
"Sun, Nov 10, 2024",MIA,MIN
"Sun, Nov 10, 2024",GSW,OKC
"Sun, Nov 10, 2024",CHA,PHI
"Sun, Nov 10, 2024",DAL,DEN
"Sun, Nov 10, 2024",SAC,PHO
"Sun, Nov 10, 2024",MEM,POR
"Sun, Nov 10, 2024",TOR,LAL
"Mon, Nov 11, 2024",CLE,CHI
"Mon, Nov 11, 2024",WAS,HOU
"Mon, Nov 11, 2024",BRK,NOP
"Mon, Nov 11, 2024",LAC,OKC
"Mon, Nov 11, 2024",SAC,SAS
"Tue, Nov 12, 2024",ATL,BOS
"Tue, Nov 12, 2024",MIA,DET
"Tue, Nov 12, 2024",CHA,ORL
"Tue, Nov 12, 2024",NYK,PHI
"Tue, Nov 12, 2024",TOR,MIL
"Tue, Nov 12, 2024",PHO,UTA
"Tue, Nov 12, 2024",DAL,GSW
"Tue, Nov 12, 2024",MIN,POR
"Wed, Nov 13, 2024",IND,ORL
"Wed, Nov 13, 2024",BOS,BRK
"Wed, Nov 13, 2024",CHI,NYK
"Wed, Nov 13, 2024",NOP,OKC
"Wed, Nov 13, 2024",CLE,PHI
"Wed, Nov 13, 2024",LAC,HOU
"Wed, Nov 13, 2024",DET,MIL
"Wed, Nov 13, 2024",WAS,SAS
"Wed, Nov 13, 2024",MEM,LAL
"Wed, Nov 13, 2024",MIN,POR
"Wed, Nov 13, 2024",PHO,SAC
"Thu, Nov 14, 2024",DAL,UTA
"Fri, Nov 15, 2024",MIA,IND
"Fri, Nov 15, 2024",PHI,ORL
"Fri, Nov 15, 2024",DET,TOR
"Fri, Nov 15, 2024",WAS,ATL
"Fri, Nov 15, 2024",CHI,CLE
"Fri, Nov 15, 2024",BRK,NYK
"Fri, Nov 15, 2024",LAL,SAS
"Fri, Nov 15, 2024",LAC,HOU
"Fri, Nov 15, 2024",DEN,NOP
"Fri, Nov 15, 2024",PHO,OKC
"Fri, Nov 15, 2024",MEM,GSW
"Fri, Nov 15, 2024",MIN,SAC
"Sat, Nov 16, 2024",MIL,CHA
"Sat, Nov 16, 2024",TOR,BOS
"Sat, Nov 16, 2024",LAL,NOP
"Sat, Nov 16, 2024",SAS,DAL
"Sat, Nov 16, 2024",UTA,SAC
"Sun, Nov 17, 2024",PHO,MIN
"Sun, Nov 17, 2024",MIA,IND
"Sun, Nov 17, 2024",CHA,CLE
"Sun, Nov 17, 2024",DEN,MEM
"Sun, Nov 17, 2024",ATL,POR
"Sun, Nov 17, 2024",DET,WAS
"Sun, Nov 17, 2024",HOU,CHI
"Sun, Nov 17, 2024",BRK,NYK
"Sun, Nov 17, 2024",DAL,OKC
"Sun, Nov 17, 2024",UTA,LAC
"Mon, Nov 18, 2024",CHI,DET
"Mon, Nov 18, 2024",PHI,MIA
"Mon, Nov 18, 2024",WAS,NYK
"Mon, Nov 18, 2024",IND,TOR
"Mon, Nov 18, 2024",HOU,MIL
"Mon, Nov 18, 2024",ORL,PHO
"Mon, Nov 18, 2024",ATL,SAC
"Mon, Nov 18, 2024",GSW,LAC
"Tue, Nov 19, 2024",CLE,BOS
"Tue, Nov 19, 2024",CHA,BRK
"Tue, Nov 19, 2024",DEN,MEM
"Tue, Nov 19, 2024",NOP,DAL
"Tue, Nov 19, 2024",OKC,SAS
"Tue, Nov 19, 2024",UTA,LAL
"Wed, Nov 20, 2024",NOP,CLE
"Wed, Nov 20, 2024",CHI,MIL
"Wed, Nov 20, 2024",IND,HOU
"Wed, Nov 20, 2024",PHI,MEM
"Wed, Nov 20, 2024",POR,OKC
"Wed, Nov 20, 2024",ATL,GSW
"Wed, Nov 20, 2024",NYK,PHO
"Wed, Nov 20, 2024",ORL,LAC
"Thu, Nov 21, 2024",DET,CHA
"Thu, Nov 21, 2024",MIN,TOR
"Thu, Nov 21, 2024",UTA,SAS
"Thu, Nov 21, 2024",ORL,LAL
"Fri, Nov 22, 2024",BRK,PHI
"Fri, Nov 22, 2024",BOS,WAS
"Fri, Nov 22, 2024",IND,MIL
"Fri, Nov 22, 2024",ATL,CHI
"Fri, Nov 22, 2024",POR,HOU
"Fri, Nov 22, 2024",GSW,NOP
"Fri, Nov 22, 2024",DAL,DEN
"Fri, Nov 22, 2024",SAC,LAC
"Sat, Nov 23, 2024",NYK,UTA
"Sat, Nov 23, 2024",DET,ORL
"Sat, Nov 23, 2024",MEM,CHI
"Sat, Nov 23, 2024",POR,HOU
"Sat, Nov 23, 2024",CHA,MIL
"Sat, Nov 23, 2024",GSW,SAS
"Sat, Nov 23, 2024",DEN,LAL
"Sun, Nov 24, 2024",MIN,BOS
"Sun, Nov 24, 2024",WAS,IND
"Sun, Nov 24, 2024",DAL,MIA
"Sun, Nov 24, 2024",LAC,PHI
"Sun, Nov 24, 2024",TOR,CLE
"Sun, Nov 24, 2024",BRK,SAC
"Mon, Nov 25, 2024",ORL,CHA
"Mon, Nov 25, 2024",TOR,DET
"Mon, Nov 25, 2024",NOP,IND
"Mon, Nov 25, 2024",DAL,ATL
"Mon, Nov 25, 2024",LAC,BOS
"Mon, Nov 25, 2024",POR,MEM
"Mon, Nov 25, 2024",NYK,DEN
"Mon, Nov 25, 2024",BRK,GSW
"Mon, Nov 25, 2024",OKC,SAC
"Tue, Nov 26, 2024",CHI,WAS
"Tue, Nov 26, 2024",MIL,MIA
"Tue, Nov 26, 2024",HOU,MIN
"Tue, Nov 26, 2024",SAS,UTA
"Tue, Nov 26, 2024",LAL,PHO
"Wed, Nov 27, 2024",MIA,CHA
"Wed, Nov 27, 2024",ATL,CLE
"Wed, Nov 27, 2024",POR,IND
"Wed, Nov 27, 2024",CHI,ORL
"Wed, Nov 27, 2024",HOU,PHI
"Wed, Nov 27, 2024",LAC,WAS
"Wed, Nov 27, 2024",NYK,DAL
"Wed, Nov 27, 2024",DET,MEM
"Wed, Nov 27, 2024",SAC,MIN
"Wed, Nov 27, 2024",TOR,NOP
"Wed, Nov 27, 2024",LAL,SAS
"Wed, Nov 27, 2024",BRK,PHO
"Wed, Nov 27, 2024",DEN,UTA
"Wed, Nov 27, 2024",OKC,GSW
"Fri, Nov 29, 2024",NYK,CHA
"Fri, Nov 29, 2024",CLE,ATL
"Fri, Nov 29, 2024",NOP,MEM
"Fri, Nov 29, 2024",ORL,BRK
"Fri, Nov 29, 2024",LAC,MIN
"Fri, Nov 29, 2024",BOS,CHI
"Fri, Nov 29, 2024",DET,IND
"Fri, Nov 29, 2024",TOR,MIA
"Fri, Nov 29, 2024",OKC,LAL
"Fri, Nov 29, 2024",SAC,POR
"Sat, Nov 30, 2024",ATL,CHA
"Sat, Nov 30, 2024",PHI,DET
"Sat, Nov 30, 2024",WAS,MIL
"Sat, Nov 30, 2024",GSW,PHO
"Sat, Nov 30, 2024",DAL,UTA
"Tue, Oct 22, 2024",NYK,BOS
"Tue, Oct 22, 2024",MIN,LAL
"Wed, Oct 23, 2024",IND,DET
"Wed, Oct 23, 2024",BRK,ATL
"Wed, Oct 23, 2024",ORL,MIA
"Wed, Oct 23, 2024",MIL,PHI
"Wed, Oct 23, 2024",CLE,TOR
"Wed, Oct 23, 2024",CHA,HOU
"Wed, Oct 23, 2024",CHI,NOP
"Wed, Oct 23, 2024",MEM,UTA
"Wed, Oct 23, 2024",PHO,LAC
"Wed, Oct 23, 2024",GSW,POR
"Thu, Oct 24, 2024",BOS,WAS
"Thu, Oct 24, 2024",SAS,DAL
"Thu, Oct 24, 2024",MIN,SAC
"Thu, Oct 24, 2024",OKC,DEN
"Fri, Oct 25, 2024",BRK,ORL
"Fri, Oct 25, 2024",PHI,TOR
"Fri, Oct 25, 2024",CHA,ATL
"Fri, Oct 25, 2024",DET,CLE
"Fri, Oct 25, 2024",IND,NYK
"Fri, Oct 25, 2024",MEM,HOU
"Fri, Oct 25, 2024",CHI,MIL
"Fri, Oct 25, 2024",GSW,UTA
"Fri, Oct 25, 2024",PHO,LAL
"Fri, Oct 25, 2024",NOP,POR
"Sat, Oct 26, 2024",LAC,DEN
"Sat, Oct 26, 2024",CLE,WAS
"Sat, Oct 26, 2024",BOS,DET
"Sat, Oct 26, 2024",MIA,CHA
"Sat, Oct 26, 2024",ORL,MEM
"Sat, Oct 26, 2024",TOR,MIN
"Sat, Oct 26, 2024",OKC,CHI
"Sat, Oct 26, 2024",HOU,SAS
"Sat, Oct 26, 2024",DAL,PHO
"Sat, Oct 26, 2024",SAC,LAL
"Sun, Oct 27, 2024",PHI,IND
"Sun, Oct 27, 2024",NOP,POR
"Sun, Oct 27, 2024",MIL,BRK
"Sun, Oct 27, 2024",ATL,OKC
"Sun, Oct 27, 2024",LAC,GSW
"Mon, Oct 28, 2024",IND,ORL
"Mon, Oct 28, 2024",WAS,ATL
"Mon, Oct 28, 2024",MIL,BOS
"Mon, Oct 28, 2024",DEN,TOR
"Mon, Oct 28, 2024",DET,MIA
"Mon, Oct 28, 2024",CLE,NYK
"Mon, Oct 28, 2024",HOU,SAS
"Mon, Oct 28, 2024",CHI,MEM
"Mon, Oct 28, 2024",UTA,DAL
"Mon, Oct 28, 2024",POR,SAC
"Mon, Oct 28, 2024",LAL,PHO
"Tue, Oct 29, 2024",DEN,BRK
"Tue, Oct 29, 2024",DAL,MIN
"Tue, Oct 29, 2024",SAC,UTA
"Tue, Oct 29, 2024",NOP,GSW
"Wed, Oct 30, 2024",DET,PHI
"Wed, Oct 30, 2024",ATL,WAS
"Wed, Oct 30, 2024",BOS,IND
"Wed, Oct 30, 2024",LAL,CLE
"Wed, Oct 30, 2024",TOR,CHA
"Wed, Oct 30, 2024",NYK,MIA
"Wed, Oct 30, 2024",ORL,CHI
"Wed, Oct 30, 2024",BRK,MEM
"Wed, Oct 30, 2024",SAS,OKC
"Wed, Oct 30, 2024",NOP,GSW
"Wed, Oct 30, 2024",POR,LAC
"Thu, Oct 31, 2024",MIL,MEM
"Thu, Oct 31, 2024",HOU,DAL
"Thu, Oct 31, 2024",SAS,UTA
"Thu, Oct 31, 2024",PHO,LAC
