,mp,mp.1,fg,fga,fg%,3p,3pa,3p%,ft,fta,ft%,orb,drb,trb,ast,stl,blk,tov,pf,pts,gmsc,+/-,ts%,efg%,3par,ftr,orb%,drb%,trb%,ast%,stl%,blk%,tov%,usg%,ortg,drtg,mp_max,mp_max.1,fg_max,fga_max,fg%_max,3p_max,3pa_max,3p%_max,ft_max,fta_max,ft%_max,orb_max,drb_max,trb_max,ast_max,stl_max,blk_max,tov_max,pf_max,pts_max,gmsc_max,+/-_max,ts%_max,efg%_max,3par_max,ftr_max,orb%_max,drb%_max,trb%_max,ast%_max,stl%_max,blk%_max,tov%_max,usg%_max,ortg_max,drtg_max,team,total,home,index_opp,mp_opp,mp_opp.1,fg_opp,fga_opp,fg%_opp,3p_opp,3pa_opp,3p%_opp,ft_opp,fta_opp,ft%_opp,orb_opp,drb_opp,trb_opp,ast_opp,stl_opp,blk_opp,tov_opp,pf_opp,pts_opp,gmsc_opp,+/-_opp,ts%_opp,efg%_opp,3par_opp,ftr_opp,orb%_opp,drb%_opp,trb%_opp,ast%_opp,stl%_opp,blk%_opp,tov%_opp,usg%_opp,ortg_opp,drtg_opp,mp_max_opp,mp_max_opp.1,fg_max_opp,fga_max_opp,fg%_max_opp,3p_max_opp,3pa_max_opp,3p%_max_opp,ft_max_opp,fta_max_opp,ft%_max_opp,orb_max_opp,drb_max_opp,trb_max_opp,ast_max_opp,stl_max_opp,blk_max_opp,tov_max_opp,pf_max_opp,pts_max_opp,gmsc_max_opp,+/-_max_opp,ts%_max_opp,efg%_max_opp,3par_max_opp,ftr_max_opp,orb%_max_opp,drb%_max_opp,trb%_max_opp,ast%_max_opp,stl%_max_opp,blk%_max_opp,tov%_max_opp,usg%_max_opp,ortg_max_opp,drtg_max_opp,team_opp,total_opp,home_opp,season,date,won
0,240.0,240.0,33.0,74.0,0.446,10.0,33.0,0.303,26.0,31.0,0.839,7.0,36.0,43.0,20.0,7.0,3.0,18.0,17.0,102.0,,,0.582,0.514,0.446,0.419,16.7,75.0,47.8,60.6,7.2,6.5,17.0,100.0,104.4,117.7,,,7.0,14.0,1.0,3.0,7.0,0.6,10.0,11.0,1.0,2.0,11.0,12.0,7.0,2.0,1.0,4.0,4.0,22.0,21.3,4.0,1.0,1.0,1.0,1.0,8.5,33.0,19.9,44.0,28.6,7.9,34.0,77.8,230.0,127.0,MIL,102,0,1,240.0,240.0,39.0,91.0,0.429,16.0,45.0,0.356,21.0,23.0,0.913,12.0,35.0,47.0,23.0,9.0,3.0,12.0,26.0,115.0,,,0.569,0.516,0.495,0.253,25.0,83.3,52.2,59.0,9.2,7.3,10.6,100.0,117.7,104.4,,,10.0,21.0,1.0,5.0,9.0,1.0,10.0,11.0,1.0,5.0,6.0,11.0,6.0,2.0,2.0,2.0,4.0,32.0,24.9,27.0,1.5,1.5,1.0,0.533,23.0,58.1,27.1,62.6,4.0,10.7,100.0,43.2,300.0,113.0,BRK,115,1,2025,2024-10-27,False
1,240.0,240.0,39.0,91.0,0.429,16.0,45.0,0.356,21.0,23.0,0.913,12.0,35.0,47.0,23.0,9.0,3.0,12.0,26.0,115.0,,,0.569,0.516,0.495,0.253,25.0,83.3,52.2,59.0,9.2,7.3,10.6,100.0,117.7,104.4,,,10.0,21.0,1.0,5.0,9.0,1.0,10.0,11.0,1.0,5.0,6.0,11.0,6.0,2.0,2.0,2.0,4.0,32.0,24.9,27.0,1.5,1.5,1.0,0.533,23.0,58.1,27.1,62.6,4.0,10.7,100.0,43.2,300.0,113.0,BRK,115,1,0,240.0,240.0,33.0,74.0,0.446,10.0,33.0,0.303,26.0,31.0,0.839,7.0,36.0,43.0,20.0,7.0,3.0,18.0,17.0,102.0,,,0.582,0.514,0.446,0.419,16.7,75.0,47.8,60.6,7.2,6.5,17.0,100.0,104.4,117.7,,,7.0,14.0,1.0,3.0,7.0,0.6,10.0,11.0,1.0,2.0,11.0,12.0,7.0,2.0,1.0,4.0,4.0,22.0,21.3,4.0,1.0,1.0,1.0,1.0,8.5,33.0,19.9,44.0,28.6,7.9,34.0,77.8,230.0,127.0,MIL,102,0,2025,2024-10-27,True
2,240.0,240.0,42.0,90.0,0.467,10.0,32.0,0.313,18.0,23.0,0.783,14.0,34.0,48.0,27.0,11.0,2.0,18.0,21.0,112.0,,,0.559,0.522,0.356,0.256,29.8,70.8,50.5,64.3,10.8,4.4,15.2,100.0,109.8,101.9,,,10.0,19.0,0.7,3.0,12.0,1.0,9.0,9.0,1.0,6.0,12.0,18.0,11.0,4.0,1.0,5.0,4.0,23.0,23.6,20.0,0.827,0.85,0.75,0.474,16.3,32.0,24.2,43.7,6.6,3.8,26.9,31.9,142.0,109.0,LAC,112,0,1,240.0,240.0,38.0,88.0,0.432,14.0,43.0,0.326,14.0,22.0,0.636,14.0,33.0,47.0,19.0,10.0,5.0,21.0,22.0,104.0,,,0.532,0.511,0.489,0.25,29.2,70.2,49.5,50.0,9.8,8.6,17.7,100.0,101.9,109.8,,,11.0,15.0,0.733,5.0,9.0,0.625,3.0,6.0,1.0,5.0,6.0,11.0,6.0,3.0,1.0,6.0,4.0,29.0,23.3,2.0,0.888,0.9,0.8,1.0,26.5,30.5,27.7,39.6,7.0,5.2,100.0,27.1,161.0,120.0,GSW,104,1,2025,2024-10-27,True
3,240.0,240.0,38.0,88.0,0.432,14.0,43.0,0.326,14.0,22.0,0.636,14.0,33.0,47.0,19.0,10.0,5.0,21.0,22.0,104.0,,,0.532,0.511,0.489,0.25,29.2,70.2,49.5,50.0,9.8,8.6,17.7,100.0,101.9,109.8,,,11.0,15.0,0.733,5.0,9.0,0.625,3.0,6.0,1.0,5.0,6.0,11.0,6.0,3.0,1.0,6.0,4.0,29.0,23.3,2.0,0.888,0.9,0.8,1.0,26.5,30.5,27.7,39.6,7.0,5.2,100.0,27.1,161.0,120.0,GSW,104,1,0,240.0,240.0,42.0,90.0,0.467,10.0,32.0,0.313,18.0,23.0,0.783,14.0,34.0,48.0,27.0,11.0,2.0,18.0,21.0,112.0,,,0.559,0.522,0.356,0.256,29.8,70.8,50.5,64.3,10.8,4.4,15.2,100.0,109.8,101.9,,,10.0,19.0,0.7,3.0,12.0,1.0,9.0,9.0,1.0,6.0,12.0,18.0,11.0,4.0,1.0,5.0,4.0,23.0,23.6,20.0,0.827,0.85,0.75,0.474,16.3,32.0,24.2,43.7,6.6,3.8,26.9,31.9,142.0,109.0,LAC,112,0,2025,2024-10-27,False
4,265.0,265.0,42.0,98.0,0.429,11.0,42.0,0.262,23.0,31.0,0.742,20.0,34.0,54.0,15.0,9.0,4.0,20.0,26.0,118.0,,,0.528,0.485,0.429,0.316,40.0,82.9,59.3,35.7,8.3,7.7,15.2,100.0,109.4,105.6,,,14.0,32.0,1.0,5.0,17.0,1.0,12.0,15.0,1.0,5.0,12.0,17.0,4.0,2.0,2.0,5.0,5.0,45.0,27.2,17.0,1.031,1.167,0.75,0.667,30.7,41.7,26.6,29.2,2.9,4.3,38.3,36.7,208.0,112.0,PHI,118,0,1,265.0,265.0,39.0,84.0,0.464,13.0,32.0,0.406,23.0,34.0,0.676,7.0,30.0,37.0,28.0,8.0,4.0,20.0,26.0,114.0,,,0.576,0.542,0.381,0.405,17.1,60.0,40.7,71.8,7.4,7.1,16.8,100.0,105.6,109.4,,,8.0,18.0,1.0,4.0,9.0,1.0,6.0,8.0,1.0,2.0,6.0,7.0,8.0,4.0,1.0,6.0,6.0,22.0,16.3,14.0,1.042,1.0,0.667,1.25,12.1,24.7,14.3,39.8,5.3,16.5,50.0,27.7,222.0,117.0,IND,114,1,2025,2024-10-27,True
5,265.0,265.0,39.0,84.0,0.464,13.0,32.0,0.406,23.0,34.0,0.676,7.0,30.0,37.0,28.0,8.0,4.0,20.0,26.0,114.0,,,0.576,0.542,0.381,0.405,17.1,60.0,40.7,71.8,7.4,7.1,16.8,100.0,105.6,109.4,,,8.0,18.0,1.0,4.0,9.0,1.0,6.0,8.0,1.0,2.0,6.0,7.0,8.0,4.0,1.0,6.0,6.0,22.0,16.3,14.0,1.042,1.0,0.667,1.25,12.1,24.7,14.3,39.8,5.3,16.5,50.0,27.7,222.0,117.0,IND,114,1,0,265.0,265.0,42.0,98.0,0.429,11.0,42.0,0.262,23.0,31.0,0.742,20.0,34.0,54.0,15.0,9.0,4.0,20.0,26.0,118.0,,,0.528,0.485,0.429,0.316,40.0,82.9,59.3,35.7,8.3,7.7,15.2,100.0,109.4,105.6,,,14.0,32.0,1.0,5.0,17.0,1.0,12.0,15.0,1.0,5.0,12.0,17.0,4.0,2.0,2.0,5.0,5.0,45.0,27.2,17.0,1.031,1.167,0.75,0.667,30.7,41.7,26.6,29.2,2.9,4.3,38.3,36.7,208.0,112.0,PHI,118,0,2025,2024-10-27,False
6,240.0,240.0,36.0,91.0,0.396,10.0,31.0,0.323,22.0,29.0,0.759,17.0,32.0,49.0,24.0,7.0,4.0,20.0,23.0,104.0,,,0.501,0.451,0.341,0.319,33.3,74.4,52.1,66.7,6.9,8.2,16.2,100.0,102.7,126.4,,,7.0,14.0,0.8,4.0,8.0,1.0,8.0,9.0,1.0,5.0,8.0,10.0,8.0,2.0,1.0,10.0,5.0,24.0,11.7,-1.0,0.791,0.9,0.889,2.0,21.8,36.6,23.7,38.5,4.4,4.5,36.3,28.8,168.0,135.0,ATL,104,0,1,240.0,240.0,44.0,89.0,0.494,16.0,40.0,0.4,24.0,32.0,0.75,11.0,34.0,45.0,26.0,13.0,12.0,10.0,23.0,128.0,,,0.621,0.584,0.449,0.36,25.6,66.7,47.9,59.1,12.8,20.0,8.8,100.0,126.4,102.7,,,11.0,24.0,1.0,4.0,8.0,1.0,10.0,11.0,1.0,2.0,9.0,11.0,9.0,3.0,6.0,3.0,5.0,35.0,35.5,24.0,1.5,1.5,1.0,0.667,59.3,50.0,27.1,40.9,6.7,14.4,36.8,45.1,300.0,117.0,OKC,128,1,2025,2024-10-27,False
7,240.0,240.0,44.0,89.0,0.494,16.0,40.0,0.4,24.0,32.0,0.75,11.0,34.0,45.0,26.0,13.0,12.0,10.0,23.0,128.0,,,0.621,0.584,0.449,0.36,25.6,66.7,47.9,59.1,12.8,20.0,8.8,100.0,126.4,102.7,,,11.0,24.0,1.0,4.0,8.0,1.0,10.0,11.0,1.0,2.0,9.0,11.0,9.0,3.0,6.0,3.0,5.0,35.0,35.5,24.0,1.5,1.5,1.0,0.667,59.3,50.0,27.1,40.9,6.7,14.4,36.8,45.1,300.0,117.0,OKC,128,1,0,240.0,240.0,36.0,91.0,0.396,10.0,31.0,0.323,22.0,29.0,0.759,17.0,32.0,49.0,24.0,7.0,4.0,20.0,23.0,104.0,,,0.501,0.451,0.341,0.319,33.3,74.4,52.1,66.7,6.9,8.2,16.2,100.0,102.7,126.4,,,7.0,14.0,0.8,4.0,8.0,1.0,8.0,9.0,1.0,5.0,8.0,10.0,8.0,2.0,1.0,10.0,5.0,24.0,11.7,-1.0,0.791,0.9,0.889,2.0,21.8,36.6,23.7,38.5,4.4,4.5,36.3,28.8,168.0,135.0,ATL,104,0,2025,2024-10-27,True
8,240.0,240.0,38.0,88.0,0.432,8.0,29.0,0.276,19.0,24.0,0.792,15.0,24.0,39.0,24.0,9.0,8.0,17.0,22.0,103.0,,,0.523,0.477,0.33,0.273,34.1,52.2,43.3,63.2,9.3,13.8,14.7,100.0,107.0,129.8,,,10.0,21.0,1.0,3.0,10.0,0.5,8.0,10.0,1.0,3.0,7.0,8.0,6.0,4.0,2.0,3.0,5.0,27.0,19.0,6.0,1.0,1.0,0.8,0.833,58.7,28.1,43.0,35.0,5.6,10.7,66.7,33.5,194.0,141.0,NOP,103,0,1,240.0,240.0,43.0,93.0,0.462,14.0,35.0,0.4,25.0,32.0,0.781,22.0,29.0,51.0,25.0,9.0,8.0,16.0,21.0,125.0,,,0.584,0.538,0.376,0.344,47.8,65.9,56.7,58.1,9.3,13.6,13.0,100.0,129.8,107.0,,,9.0,17.0,0.778,5.0,10.0,1.0,8.0,12.0,1.0,6.0,6.0,12.0,7.0,2.0,4.0,4.0,4.0,28.0,23.1,25.0,0.86,0.833,0.667,0.706,47.6,31.5,36.5,32.2,26.8,12.4,100.0,34.5,233.0,118.0,POR,125,1,2025,2024-10-27,False
9,240.0,240.0,43.0,93.0,0.462,14.0,35.0,0.4,25.0,32.0,0.781,22.0,29.0,51.0,25.0,9.0,8.0,16.0,21.0,125.0,,,0.584,0.538,0.376,0.344,47.8,65.9,56.7,58.1,9.3,13.6,13.0,100.0,129.8,107.0,,,9.0,17.0,0.778,5.0,10.0,1.0,8.0,12.0,1.0,6.0,6.0,12.0,7.0,2.0,4.0,4.0,4.0,28.0,23.1,25.0,0.86,0.833,0.667,0.706,47.6,31.5,36.5,32.2,26.8,12.4,100.0,34.5,233.0,118.0,POR,125,1,0,240.0,240.0,38.0,88.0,0.432,8.0,29.0,0.276,19.0,24.0,0.792,15.0,24.0,39.0,24.0,9.0,8.0,17.0,22.0,103.0,,,0.523,0.477,0.33,0.273,34.1,52.2,43.3,63.2,9.3,13.8,14.7,100.0,107.0,129.8,,,10.0,21.0,1.0,3.0,10.0,0.5,8.0,10.0,1.0,3.0,7.0,8.0,6.0,4.0,2.0,3.0,5.0,27.0,19.0,6.0,1.0,1.0,0.8,0.833,58.7,28.1,43.0,35.0,5.6,10.7,66.7,33.5,194.0,141.0,NOP,103,0,2025,2024-10-27,True
10,240.0,240.0,41.0,91.0,0.451,21.0,44.0,0.477,18.0,22.0,0.818,9.0,34.0,43.0,24.0,7.0,3.0,18.0,25.0,121.0,,,0.601,0.566,0.484,0.242,21.4,85.0,52.4,58.5,6.6,7.3,15.2,100.0,114.7,112.8,,,9.0,20.0,1.0,6.0,9.0,0.75,6.0,7.0,1.0,4.0,9.0,11.0,7.0,2.0,2.0,5.0,5.0,26.0,19.7,13.0,1.105,1.1,1.0,0.583,16.9,68.2,33.3,26.4,2.8,8.7,35.0,27.7,200.0,116.0,WAS,121,0,1,240.0,240.0,39.0,81.0,0.481,15.0,40.0,0.375,26.0,36.0,0.722,6.0,33.0,39.0,32.0,12.0,7.0,16.0,22.0,119.0,,,0.614,0.574,0.494,0.444,15.0,78.6,47.6,82.1,11.4,14.9,14.2,100.0,112.8,114.7,,,11.0,17.0,1.0,4.0,10.0,0.6,8.0,9.0,1.0,3.0,10.0,12.0,13.0,3.0,2.0,6.0,5.0,29.0,27.9,14.0,0.926,1.0,0.9,1.333,15.6,35.4,18.1,48.1,4.6,8.0,24.0,29.7,187.0,126.0,ATL,119,1,2025,2024-10-28,True
11,240.0,240.0,39.0,81.0,0.481,15.0,40.0,0.375,26.0,36.0,0.722,6.0,33.0,39.0,32.0,12.0,7.0,16.0,22.0,119.0,,,0.614,0.574,0.494,0.444,15.0,78.6,47.6,82.1,11.4,14.9,14.2,100.0,112.8,114.7,,,11.0,17.0,1.0,4.0,10.0,0.6,8.0,9.0,1.0,3.0,10.0,12.0,13.0,3.0,2.0,6.0,5.0,29.0,27.9,14.0,0.926,1.0,0.9,1.333,15.6,35.4,18.1,48.1,4.6,8.0,24.0,29.7,187.0,126.0,ATL,119,1,0,240.0,240.0,41.0,91.0,0.451,21.0,44.0,0.477,18.0,22.0,0.818,9.0,34.0,43.0,24.0,7.0,3.0,18.0,25.0,121.0,,,0.601,0.566,0.484,0.242,21.4,85.0,52.4,58.5,6.6,7.3,15.2,100.0,114.7,112.8,,,9.0,20.0,1.0,6.0,9.0,0.75,6.0,7.0,1.0,4.0,9.0,11.0,7.0,2.0,2.0,5.0,5.0,26.0,19.7,13.0,1.105,1.1,1.0,0.583,16.9,68.2,33.3,26.4,2.8,8.7,35.0,27.7,200.0,116.0,WAS,121,0,2025,2024-10-28,False
12,240.0,240.0,37.0,82.0,0.451,8.0,31.0,0.258,26.0,31.0,0.839,8.0,35.0,43.0,18.0,7.0,6.0,17.0,24.0,108.0,,,0.565,0.5,0.378,0.378,19.0,89.7,53.1,48.6,6.8,15.0,15.1,100.0,104.9,115.5,,,14.0,26.0,1.0,2.0,8.0,1.0,17.0,18.0,1.0,4.0,9.0,10.0,7.0,2.0,4.0,7.0,5.0,33.0,33.2,4.0,1.33,1.5,1.0,2.0,14.2,45.0,21.7,43.8,2.9,14.9,100.0,38.9,271.0,123.0,MIL,108,0,1,240.0,240.0,43.0,87.0,0.494,18.0,47.0,0.383,15.0,19.0,0.789,4.0,34.0,38.0,24.0,5.0,5.0,14.0,18.0,119.0,,,0.624,0.598,0.54,0.218,10.3,81.0,46.9,55.8,4.9,9.8,12.8,100.0,115.5,104.9,,,10.0,19.0,0.8,8.0,12.0,1.0,10.0,14.0,1.0,2.0,8.0,8.0,8.0,2.0,2.0,4.0,5.0,30.0,25.8,18.0,1.0,1.0,1.0,0.737,9.7,25.1,14.0,31.9,3.4,9.6,100.0,33.7,242.0,112.0,BOS,119,1,2025,2024-10-28,False
13,240.0,240.0,43.0,87.0,0.494,18.0,47.0,0.383,15.0,19.0,0.789,4.0,34.0,38.0,24.0,5.0,5.0,14.0,18.0,119.0,,,0.624,0.598,0.54,0.218,10.3,81.0,46.9,55.8,4.9,9.8,12.8,100.0,115.5,104.9,,,10.0,19.0,0.8,8.0,12.0,1.0,10.0,14.0,1.0,2.0,8.0,8.0,8.0,2.0,2.0,4.0,5.0,30.0,25.8,18.0,1.0,1.0,1.0,0.737,9.7,25.1,14.0,31.9,3.4,9.6,100.0,33.7,242.0,112.0,BOS,119,1,0,240.0,240.0,37.0,82.0,0.451,8.0,31.0,0.258,26.0,31.0,0.839,8.0,35.0,43.0,18.0,7.0,6.0,17.0,24.0,108.0,,,0.565,0.5,0.378,0.378,19.0,89.7,53.1,48.6,6.8,15.0,15.1,100.0,104.9,115.5,,,14.0,26.0,1.0,2.0,8.0,1.0,17.0,18.0,1.0,4.0,9.0,10.0,7.0,2.0,4.0,7.0,5.0,33.0,33.2,4.0,1.33,1.5,1.0,2.0,14.2,45.0,21.7,43.8,2.9,14.9,100.0,38.9,271.0,123.0,MIL,108,0,2025,2024-10-28,True
14,240.0,240.0,34.0,92.0,0.37,10.0,35.0,0.286,24.0,29.0,0.828,15.0,35.0,50.0,24.0,7.0,5.0,15.0,17.0,102.0,,,0.487,0.424,0.38,0.315,28.8,72.9,50.0,70.6,7.0,8.9,12.5,100.0,101.3,109.2,,,9.0,18.0,0.818,3.0,7.0,0.667,6.0,8.0,1.0,4.0,7.0,11.0,5.0,2.0,2.0,3.0,5.0,23.0,18.9,4.0,0.901,0.909,1.0,0.727,12.3,23.4,17.6,52.3,4.7,5.7,17.1,34.1,229.0,114.0,UTA,102,0,1,240.0,240.0,43.0,95.0,0.453,11.0,39.0,0.282,13.0,17.0,0.765,13.0,37.0,50.0,27.0,9.0,12.0,14.0,23.0,110.0,,,0.537,0.511,0.411,0.179,27.1,71.2,50.0,62.8,8.9,21.1,12.0,100.0,109.2,101.3,,,8.0,22.0,0.7,4.0,11.0,0.75,4.0,6.0,1.0,4.0,10.0,11.0,9.0,4.0,3.0,4.0,5.0,23.0,22.2,14.0,0.814,0.9,1.0,0.8,19.6,31.6,19.7,37.6,5.7,12.4,50.0,37.5,153.0,115.0,DAL,110,1,2025,2024-10-28,False
15,240.0,240.0,43.0,95.0,0.453,11.0,39.0,0.282,13.0,17.0,0.765,13.0,37.0,50.0,27.0,9.0,12.0,14.0,23.0,110.0,,,0.537,0.511,0.411,0.179,27.1,71.2,50.0,62.8,8.9,21.1,12.0,100.0,109.2,101.3,,,8.0,22.0,0.7,4.0,11.0,0.75,4.0,6.0,1.0,4.0,10.0,11.0,9.0,4.0,3.0,4.0,5.0,23.0,22.2,14.0,0.814,0.9,1.0,0.8,19.6,31.6,19.7,37.6,5.7,12.4,50.0,37.5,153.0,115.0,DAL,110,1,0,240.0,240.0,34.0,92.0,0.37,10.0,35.0,0.286,24.0,29.0,0.828,15.0,35.0,50.0,24.0,7.0,5.0,15.0,17.0,102.0,,,0.487,0.424,0.38,0.315,28.8,72.9,50.0,70.6,7.0,8.9,12.5,100.0,101.3,109.2,,,9.0,18.0,0.818,3.0,7.0,0.667,6.0,8.0,1.0,4.0,7.0,11.0,5.0,2.0,2.0,3.0,5.0,23.0,18.9,4.0,0.901,0.909,1.0,0.727,12.3,23.4,17.6,52.3,4.7,5.7,17.1,34.1,229.0,114.0,UTA,102,0,2025,2024-10-28,True
16,240.0,240.0,45.0,100.0,0.45,25.0,53.0,0.472,11.0,17.0,0.647,11.0,39.0,50.0,36.0,5.0,6.0,9.0,15.0,126.0,,,0.586,0.575,0.53,0.17,20.8,68.4,45.5,80.0,4.8,8.8,7.7,100.0,120.3,117.4,,,12.0,22.0,0.8,5.0,12.0,1.0,5.0,9.0,1.0,4.0,9.0,13.0,8.0,1.0,2.0,2.0,4.0,30.0,23.1,16.0,0.893,1.1,1.0,1.8,13.0,51.2,26.5,40.4,4.0,5.7,100.0,32.1,182.0,125.0,CHI,126,0,1,240.0,240.0,51.0,111.0,0.459,14.0,43.0,0.326,7.0,13.0,0.538,18.0,42.0,60.0,37.0,5.0,9.0,10.0,21.0,123.0,,,0.527,0.523,0.387,0.117,31.6,79.2,54.5,72.5,4.8,19.1,7.9,100.0,117.4,120.3,,,11.0,19.0,0.636,6.0,10.0,0.667,2.0,5.0,1.0,4.0,9.0,13.0,10.0,2.0,3.0,2.0,4.0,30.0,24.6,15.0,0.85,0.8,0.727,0.455,12.5,26.8,16.2,37.6,3.7,12.5,20.0,29.2,148.0,126.0,MEM,123,1,2025,2024-10-28,True
17,240.0,240.0,51.0,111.0,0.459,14.0,43.0,0.326,7.0,13.0,0.538,18.0,42.0,60.0,37.0,5.0,9.0,10.0,21.0,123.0,,,0.527,0.523,0.387,0.117,31.6,79.2,54.5,72.5,4.8,19.1,7.9,100.0,117.4,120.3,,,11.0,19.0,0.636,6.0,10.0,0.667,2.0,5.0,1.0,4.0,9.0,13.0,10.0,2.0,3.0,2.0,4.0,30.0,24.6,15.0,0.85,0.8,0.727,0.455,12.5,26.8,16.2,37.6,3.7,12.5,20.0,29.2,148.0,126.0,MEM,123,1,0,240.0,240.0,45.0,100.0,0.45,25.0,53.0,0.472,11.0,17.0,0.647,11.0,39.0,50.0,36.0,5.0,6.0,9.0,15.0,126.0,,,0.586,0.575,0.53,0.17,20.8,68.4,45.5,80.0,4.8,8.8,7.7,100.0,120.3,117.4,,,12.0,22.0,0.8,5.0,12.0,1.0,5.0,9.0,1.0,4.0,9.0,13.0,8.0,1.0,2.0,2.0,4.0,30.0,23.1,16.0,0.893,1.1,1.0,1.8,13.0,51.2,26.5,40.4,4.0,5.7,100.0,32.1,182.0,125.0,CHI,126,0,2025,2024-10-28,False
18,240.0,240.0,35.0,91.0,0.385,14.0,38.0,0.368,14.0,17.0,0.824,19.0,35.0,54.0,14.0,6.0,6.0,17.0,19.0,98.0,,,0.498,0.462,0.418,0.187,35.8,77.8,55.1,40.0,6.3,14.6,14.7,100.0,103.5,111.9,,,9.0,18.0,0.833,5.0,9.0,0.571,7.0,7.0,1.0,7.0,8.0,15.0,6.0,2.0,3.0,5.0,4.0,24.0,17.7,7.0,0.833,0.833,0.6,0.7,33.0,44.4,38.2,36.5,3.1,12.2,43.6,29.0,186.0,121.0,DET,98,0,1,240.0,240.0,38.0,88.0,0.432,15.0,47.0,0.319,15.0,20.0,0.75,10.0,34.0,44.0,24.0,14.0,3.0,12.0,14.0,106.0,,,0.548,0.517,0.534,0.227,22.2,64.2,44.9,63.2,14.8,5.7,11.0,100.0,111.9,103.5,,,7.0,20.0,0.636,5.0,12.0,0.667,9.0,11.0,1.0,3.0,9.0,10.0,7.0,4.0,3.0,2.0,3.0,23.0,27.8,17.0,0.726,0.636,1.0,1.0,15.8,23.4,14.5,35.5,6.0,7.8,28.6,30.4,168.0,116.0,MIA,106,1,2025,2024-10-28,False
19,240.0,240.0,38.0,88.0,0.432,15.0,47.0,0.319,15.0,20.0,0.75,10.0,34.0,44.0,24.0,14.0,3.0,12.0,14.0,106.0,,,0.548,0.517,0.534,0.227,22.2,64.2,44.9,63.2,14.8,5.7,11.0,100.0,111.9,103.5,,,7.0,20.0,0.636,5.0,12.0,0.667,9.0,11.0,1.0,3.0,9.0,10.0,7.0,4.0,3.0,2.0,3.0,23.0,27.8,17.0,0.726,0.636,1.0,1.0,15.8,23.4,14.5,35.5,6.0,7.8,28.6,30.4,168.0,116.0,MIA,106,1,0,240.0,240.0,35.0,91.0,0.385,14.0,38.0,0.368,14.0,17.0,0.824,19.0,35.0,54.0,14.0,6.0,6.0,17.0,19.0,98.0,,,0.498,0.462,0.418,0.187,35.8,77.8,55.1,40.0,6.3,14.6,14.7,100.0,103.5,111.9,,,9.0,18.0,0.833,5.0,9.0,0.571,7.0,7.0,1.0,7.0,8.0,15.0,6.0,2.0,3.0,5.0,4.0,24.0,17.7,7.0,0.833,0.833,0.6,0.7,33.0,44.4,38.2,36.5,3.1,12.2,43.6,29.0,186.0,121.0,DET,98,0,2025,2024-10-28,True
20,240.0,240.0,39.0,82.0,0.476,12.0,36.0,0.333,20.0,24.0,0.833,9.0,32.0,41.0,21.0,10.0,5.0,14.0,20.0,110.0,,,0.594,0.549,0.439,0.293,23.1,71.1,48.8,53.8,10.4,8.1,13.1,100.0,114.2,107.9,,,12.0,19.0,0.714,5.0,8.0,1.0,5.0,7.0,1.0,5.0,10.0,15.0,5.0,2.0,3.0,4.0,4.0,34.0,28.1,19.0,0.802,0.763,1.0,1.0,19.6,34.0,27.3,27.8,14.9,6.5,25.8,40.4,141.0,116.0,CLE,110,0,1,240.0,240.0,40.0,90.0,0.444,9.0,28.0,0.321,15.0,18.0,0.833,13.0,30.0,43.0,22.0,8.0,3.0,16.0,21.0,104.0,,,0.531,0.494,0.311,0.2,28.9,76.9,51.2,55.0,8.3,6.5,14.0,100.0,107.9,114.2,,,9.0,24.0,0.6,2.0,6.0,0.667,6.0,7.0,1.0,4.0,9.0,13.0,7.0,3.0,1.0,5.0,6.0,21.0,16.7,3.0,0.666,0.633,0.5,0.6,28.1,34.3,19.6,30.0,3.9,8.8,50.0,32.4,221.0,123.0,NYK,104,1,2025,2024-10-28,True
21,240.0,240.0,40.0,90.0,0.444,9.0,28.0,0.321,15.0,18.0,0.833,13.0,30.0,43.0,22.0,8.0,3.0,16.0,21.0,104.0,,,0.531,0.494,0.311,0.2,28.9,76.9,51.2,55.0,8.3,6.5,14.0,100.0,107.9,114.2,,,9.0,24.0,0.6,2.0,6.0,0.667,6.0,7.0,1.0,4.0,9.0,13.0,7.0,3.0,1.0,5.0,6.0,21.0,16.7,3.0,0.666,0.633,0.5,0.6,28.1,34.3,19.6,30.0,3.9,8.8,50.0,32.4,221.0,123.0,NYK,104,1,0,240.0,240.0,39.0,82.0,0.476,12.0,36.0,0.333,20.0,24.0,0.833,9.0,32.0,41.0,21.0,10.0,5.0,14.0,20.0,110.0,,,0.594,0.549,0.439,0.293,23.1,71.1,48.8,53.8,10.4,8.1,13.1,100.0,114.2,107.9,,,12.0,19.0,0.714,5.0,8.0,1.0,5.0,7.0,1.0,5.0,10.0,15.0,5.0,2.0,3.0,4.0,4.0,34.0,28.1,19.0,0.802,0.763,1.0,1.0,19.6,34.0,27.3,27.8,14.9,6.5,25.8,40.4,141.0,116.0,CLE,110,0,2025,2024-10-28,False
22,240.0,240.0,41.0,88.0,0.466,13.0,29.0,0.448,20.0,30.0,0.667,15.0,29.0,44.0,25.0,7.0,4.0,13.0,28.0,115.0,,,0.568,0.54,0.33,0.341,30.0,72.5,48.9,61.0,7.1,9.5,11.4,100.0,116.1,120.1,,,10.0,18.0,1.0,4.0,9.0,1.0,4.0,6.0,1.0,7.0,7.0,9.0,10.0,2.0,4.0,2.0,6.0,26.0,21.3,6.0,1.33,1.5,1.0,2.0,30.3,24.8,21.7,41.7,20.6,20.6,100.0,37.5,151.0,128.0,IND,115,0,1,240.0,240.0,39.0,83.0,0.47,13.0,41.0,0.317,28.0,38.0,0.737,11.0,35.0,46.0,26.0,7.0,6.0,15.0,25.0,119.0,,,0.597,0.548,0.494,0.458,27.5,70.0,51.1,66.7,7.1,10.2,13.1,100.0,120.1,116.1,,,16.0,26.0,0.615,6.0,13.0,0.667,15.0,22.0,1.0,4.0,9.0,13.0,9.0,2.0,2.0,4.0,4.0,50.0,44.0,11.0,0.72,0.7,1.0,1.2,21.4,27.0,23.8,55.6,4.5,7.3,50.0,41.9,161.0,122.0,ORL,119,1,2025,2024-10-28,False
23,240.0,240.0,39.0,83.0,0.47,13.0,41.0,0.317,28.0,38.0,0.737,11.0,35.0,46.0,26.0,7.0,6.0,15.0,25.0,119.0,,,0.597,0.548,0.494,0.458,27.5,70.0,51.1,66.7,7.1,10.2,13.1,100.0,120.1,116.1,,,16.0,26.0,0.615,6.0,13.0,0.667,15.0,22.0,1.0,4.0,9.0,13.0,9.0,2.0,2.0,4.0,4.0,50.0,44.0,11.0,0.72,0.7,1.0,1.2,21.4,27.0,23.8,55.6,4.5,7.3,50.0,41.9,161.0,122.0,ORL,119,1,0,240.0,240.0,41.0,88.0,0.466,13.0,29.0,0.448,20.0,30.0,0.667,15.0,29.0,44.0,25.0,7.0,4.0,13.0,28.0,115.0,,,0.568,0.54,0.33,0.341,30.0,72.5,48.9,61.0,7.1,9.5,11.4,100.0,116.1,120.1,,,10.0,18.0,1.0,4.0,9.0,1.0,4.0,6.0,1.0,7.0,7.0,9.0,10.0,2.0,4.0,2.0,6.0,26.0,21.3,6.0,1.33,1.5,1.0,2.0,30.3,24.8,21.7,41.7,20.6,20.6,100.0,37.5,151.0,128.0,IND,115,0,2025,2024-10-28,True
24,240.0,240.0,39.0,94.0,0.415,14.0,32.0,0.438,13.0,18.0,0.722,11.0,35.0,46.0,25.0,5.0,6.0,12.0,19.0,105.0,,,0.515,0.489,0.34,0.191,22.9,79.5,50.0,64.1,5.1,11.8,10.5,100.0,107.5,111.6,,,12.0,24.0,0.533,5.0,9.0,1.0,5.0,6.0,1.0,5.0,10.0,15.0,9.0,2.0,3.0,3.0,5.0,29.0,24.9,20.0,0.705,0.7,0.692,0.429,15.9,34.9,22.0,40.8,2.6,8.1,100.0,35.2,139.0,120.0,LAL,105,0,1,240.0,240.0,40.0,87.0,0.46,11.0,36.0,0.306,18.0,20.0,0.9,9.0,37.0,46.0,21.0,7.0,11.0,11.0,22.0,109.0,,,0.569,0.523,0.414,0.23,20.5,77.1,50.0,52.5,7.2,17.7,10.3,100.0,111.6,107.5,,,11.0,23.0,0.6,3.0,8.0,0.5,8.0,8.0,1.0,2.0,8.0,10.0,5.0,3.0,4.0,3.0,4.0,33.0,25.2,25.0,0.75,0.75,1.0,0.35,8.9,30.5,19.9,24.1,4.8,10.2,31.8,32.5,227.0,118.0,PHO,109,1,2025,2024-10-28,False
25,240.0,240.0,40.0,87.0,0.46,11.0,36.0,0.306,18.0,20.0,0.9,9.0,37.0,46.0,21.0,7.0,11.0,11.0,22.0,109.0,,,0.569,0.523,0.414,0.23,20.5,77.1,50.0,52.5,7.2,17.7,10.3,100.0,111.6,107.5,,,11.0,23.0,0.6,3.0,8.0,0.5,8.0,8.0,1.0,2.0,8.0,10.0,5.0,3.0,4.0,3.0,4.0,33.0,25.2,25.0,0.75,0.75,1.0,0.35,8.9,30.5,19.9,24.1,4.8,10.2,31.8,32.5,227.0,118.0,PHO,109,1,0,240.0,240.0,39.0,94.0,0.415,14.0,32.0,0.438,13.0,18.0,0.722,11.0,35.0,46.0,25.0,5.0,6.0,12.0,19.0,105.0,,,0.515,0.489,0.34,0.191,22.9,79.5,50.0,64.1,5.1,11.8,10.5,100.0,107.5,111.6,,,12.0,24.0,0.533,5.0,9.0,1.0,5.0,6.0,1.0,5.0,10.0,15.0,9.0,2.0,3.0,3.0,5.0,29.0,24.9,20.0,0.705,0.7,0.692,0.429,15.9,34.9,22.0,40.8,2.6,8.1,100.0,35.2,139.0,120.0,LAL,105,0,2025,2024-10-28,True
26,240.0,240.0,35.0,83.0,0.422,4.0,22.0,0.182,24.0,30.0,0.8,12.0,34.0,46.0,17.0,5.0,4.0,18.0,22.0,98.0,,,0.509,0.446,0.265,0.361,27.9,79.1,53.5,48.6,5.1,8.7,15.8,100.0,100.1,113.4,,,10.0,17.0,1.0,1.0,7.0,0.5,7.0,8.0,1.0,3.0,8.0,11.0,5.0,2.0,1.0,4.0,5.0,20.0,15.5,6.0,0.694,1.0,0.583,3.0,17.2,57.7,28.9,70.9,4.4,54.0,30.1,86.3,211.0,121.0,POR,98,0,1,240.0,240.0,37.0,81.0,0.457,14.0,35.0,0.4,23.0,25.0,0.92,9.0,31.0,40.0,25.0,8.0,6.0,16.0,27.0,111.0,,,0.603,0.543,0.432,0.309,20.9,72.1,46.5,67.6,8.2,9.8,14.8,100.0,113.4,100.1,,,9.0,20.0,0.667,4.0,9.0,1.0,9.0,10.0,1.0,4.0,11.0,13.0,7.0,3.0,3.0,3.0,5.0,24.0,20.9,18.0,1.0,1.0,0.833,0.75,13.4,34.2,20.2,73.1,6.9,7.2,66.7,47.3,165.0,110.0,SAC,111,1,2025,2024-10-28,False
27,240.0,240.0,37.0,81.0,0.457,14.0,35.0,0.4,23.0,25.0,0.92,9.0,31.0,40.0,25.0,8.0,6.0,16.0,27.0,111.0,,,0.603,0.543,0.432,0.309,20.9,72.1,46.5,67.6,8.2,9.8,14.8,100.0,113.4,100.1,,,9.0,20.0,0.667,4.0,9.0,1.0,9.0,10.0,1.0,4.0,11.0,13.0,7.0,3.0,3.0,3.0,5.0,24.0,20.9,18.0,1.0,1.0,0.833,0.75,13.4,34.2,20.2,73.1,6.9,7.2,66.7,47.3,165.0,110.0,SAC,111,1,0,240.0,240.0,35.0,83.0,0.422,4.0,22.0,0.182,24.0,30.0,0.8,12.0,34.0,46.0,17.0,5.0,4.0,18.0,22.0,98.0,,,0.509,0.446,0.265,0.361,27.9,79.1,53.5,48.6,5.1,8.7,15.8,100.0,100.1,113.4,,,10.0,17.0,1.0,1.0,7.0,0.5,7.0,8.0,1.0,3.0,8.0,11.0,5.0,2.0,1.0,4.0,5.0,20.0,15.5,6.0,0.694,1.0,0.583,3.0,17.2,57.7,28.9,70.9,4.4,54.0,30.1,86.3,211.0,121.0,POR,98,0,2025,2024-10-28,True
28,240.0,240.0,35.0,85.0,0.412,15.0,37.0,0.405,21.0,24.0,0.875,13.0,30.0,43.0,20.0,6.0,2.0,12.0,23.0,106.0,,,0.555,0.5,0.435,0.282,28.9,63.8,46.7,57.1,6.5,3.7,11.2,100.0,115.1,109.7,,,11.0,22.0,1.0,7.0,13.0,1.0,7.0,7.0,1.0,5.0,7.0,12.0,9.0,2.0,1.0,4.0,5.0,36.0,22.7,11.0,0.872,1.0,0.8,0.75,20.4,27.4,24.0,42.2,4.8,4.7,33.8,34.6,243.0,119.0,HOU,106,0,1,240.0,240.0,37.0,87.0,0.425,10.0,33.0,0.303,17.0,21.0,0.81,17.0,32.0,49.0,22.0,6.0,6.0,17.0,21.0,101.0,,,0.525,0.483,0.379,0.241,36.2,71.1,53.3,59.5,6.5,12.5,15.0,100.0,109.7,115.1,,,9.0,19.0,0.75,3.0,6.0,0.75,4.0,5.0,1.0,5.0,15.0,20.0,5.0,2.0,4.0,4.0,4.0,22.0,16.9,8.0,0.955,0.875,0.857,1.0,16.7,45.4,29.6,42.5,8.2,11.4,37.5,30.1,206.0,127.0,SAS,101,1,2025,2024-10-28,True
29,240.0,240.0,37.0,87.0,0.425,10.0,33.0,0.303,17.0,21.0,0.81,17.0,32.0,49.0,22.0,6.0,6.0,17.0,21.0,101.0,,,0.525,0.483,0.379,0.241,36.2,71.1,53.3,59.5,6.5,12.5,15.0,100.0,109.7,115.1,,,9.0,19.0,0.75,3.0,6.0,0.75,4.0,5.0,1.0,5.0,15.0,20.0,5.0,2.0,4.0,4.0,4.0,22.0,16.9,8.0,0.955,0.875,0.857,1.0,16.7,45.4,29.6,42.5,8.2,11.4,37.5,30.1,206.0,127.0,SAS,101,1,0,240.0,240.0,35.0,85.0,0.412,15.0,37.0,0.405,21.0,24.0,0.875,13.0,30.0,43.0,20.0,6.0,2.0,12.0,23.0,106.0,,,0.555,0.5,0.435,0.282,28.9,63.8,46.7,57.1,6.5,3.7,11.2,100.0,115.1,109.7,,,11.0,22.0,1.0,7.0,13.0,1.0,7.0,7.0,1.0,5.0,7.0,12.0,9.0,2.0,1.0,4.0,5.0,36.0,22.7,11.0,0.872,1.0,0.8,0.75,20.4,27.4,24.0,42.2,4.8,4.7,33.8,34.6,243.0,119.0,HOU,106,0,2025,2024-10-28,False
30,265.0,265.0,47.0,96.0,0.49,9.0,20.0,0.45,24.0,30.0,0.8,15.0,37.0,52.0,29.0,6.0,6.0,16.0,20.0,127.0,,,0.582,0.536,0.208,0.313,29.4,67.3,49.1,61.7,5.5,8.1,12.8,100.0,115.5,113.7,,,18.0,27.0,1.0,3.0,5.0,1.0,6.0,8.0,1.0,5.0,8.0,11.0,8.0,2.0,2.0,5.0,4.0,40.0,33.5,11.0,1.16,1.333,0.667,1.0,12.3,21.1,13.1,24.7,2.7,4.6,40.0,46.3,149.0,119.0,DEN,127,0,1,265.0,265.0,49.0,109.0,0.45,10.0,35.0,0.286,17.0,21.0,0.81,18.0,36.0,54.0,30.0,7.0,7.0,15.0,27.0,125.0,,,0.529,0.495,0.321,0.193,32.7,70.6,50.9,61.2,6.4,9.2,11.3,100.0,113.7,115.5,,,9.0,21.0,0.538,3.0,7.0,0.5,4.0,4.0,1.0,8.0,11.0,19.0,9.0,5.0,1.0,4.0,5.0,21.0,22.5,3.0,0.798,0.65,0.667,2.0,19.2,29.4,23.6,39.3,6.8,5.7,25.4,31.9,139.0,124.0,TOR,125,1,2025,2024-10-28,True
31,265.0,265.0,49.0,109.0,0.45,10.0,35.0,0.286,17.0,21.0,0.81,18.0,36.0,54.0,30.0,7.0,7.0,15.0,27.0,125.0,,,0.529,0.495,0.321,0.193,32.7,70.6,50.9,61.2,6.4,9.2,11.3,100.0,113.7,115.5,,,9.0,21.0,0.538,3.0,7.0,0.5,4.0,4.0,1.0,8.0,11.0,19.0,9.0,5.0,1.0,4.0,5.0,21.0,22.5,3.0,0.798,0.65,0.667,2.0,19.2,29.4,23.6,39.3,6.8,5.7,25.4,31.9,139.0,124.0,TOR,125,1,0,265.0,265.0,47.0,96.0,0.49,9.0,20.0,0.45,24.0,30.0,0.8,15.0,37.0,52.0,29.0,6.0,6.0,16.0,20.0,127.0,,,0.582,0.536,0.208,0.313,29.4,67.3,49.1,61.7,5.5,8.1,12.8,100.0,115.5,113.7,,,18.0,27.0,1.0,3.0,5.0,1.0,6.0,8.0,1.0,5.0,8.0,11.0,8.0,2.0,2.0,5.0,4.0,40.0,33.5,11.0,1.16,1.333,0.667,1.0,12.3,21.1,13.1,24.7,2.7,4.6,40.0,46.3,149.0,119.0,DEN,127,0,2025,2024-10-28,False
32,265.0,265.0,46.0,89.0,0.517,13.0,27.0,0.481,39.0,47.0,0.83,9.0,34.0,43.0,31.0,3.0,4.0,5.0,22.0,144.0,,,0.656,0.59,0.303,0.528,20.9,82.9,51.2,67.4,2.9,9.1,4.4,100.0,136.9,132.1,,,9.0,19.0,0.727,4.0,7.0,1.0,11.0,13.0,1.0,6.0,12.0,18.0,16.0,1.0,2.0,1.0,5.0,29.0,38.1,9.0,0.852,0.773,0.636,1.0,18.3,38.3,28.0,61.1,2.4,6.2,14.3,39.1,164.0,136.0,DEN,144,0,1,265.0,265.0,49.0,96.0,0.51,20.0,52.0,0.385,21.0,27.0,0.778,7.0,34.0,41.0,37.0,4.0,6.0,9.0,32.0,139.0,,,0.644,0.615,0.542,0.281,17.1,79.1,48.8,75.5,3.8,9.7,7.7,100.0,132.1,136.9,,,10.0,22.0,0.889,6.0,11.0,0.8,9.0,11.0,1.0,2.0,10.0,12.0,14.0,1.0,3.0,3.0,6.0,28.0,23.8,8.0,1.125,1.125,1.0,1.0,12.3,47.2,29.0,49.1,3.0,9.8,20.0,32.9,184.0,144.0,BRK,139,1,2025,2024-10-29,True
33,265.0,265.0,49.0,96.0,0.51,20.0,52.0,0.385,21.0,27.0,0.778,7.0,34.0,41.0,37.0,4.0,6.0,9.0,32.0,139.0,,,0.644,0.615,0.542,0.281,17.1,79.1,48.8,75.5,3.8,9.7,7.7,100.0,132.1,136.9,,,10.0,22.0,0.889,6.0,11.0,0.8,9.0,11.0,1.0,2.0,10.0,12.0,14.0,1.0,3.0,3.0,6.0,28.0,23.8,8.0,1.125,1.125,1.0,1.0,12.3,47.2,29.0,49.1,3.0,9.8,20.0,32.9,184.0,144.0,BRK,139,1,0,265.0,265.0,46.0,89.0,0.517,13.0,27.0,0.481,39.0,47.0,0.83,9.0,34.0,43.0,31.0,3.0,4.0,5.0,22.0,144.0,,,0.656,0.59,0.303,0.528,20.9,82.9,51.2,67.4,2.9,9.1,4.4,100.0,136.9,132.1,,,9.0,19.0,0.727,4.0,7.0,1.0,11.0,13.0,1.0,6.0,12.0,18.0,16.0,1.0,2.0,1.0,5.0,29.0,38.1,9.0,0.852,0.773,0.636,1.0,18.3,38.3,28.0,61.1,2.4,6.2,14.3,39.1,164.0,136.0,DEN,144,0,2025,2024-10-29,False
34,240.0,240.0,40.0,74.0,0.541,9.0,22.0,0.409,17.0,24.0,0.708,9.0,35.0,44.0,23.0,4.0,6.0,24.0,13.0,106.0,,,0.627,0.601,0.297,0.324,28.1,76.1,56.4,57.5,4.1,11.8,22.1,100.0,109.0,127.5,,,12.0,19.0,1.0,3.0,6.0,1.0,6.0,8.0,1.0,2.0,6.0,8.0,5.0,1.0,2.0,7.0,3.0,31.0,22.1,7.0,1.5,1.5,1.0,0.833,15.5,29.4,20.2,44.2,2.5,8.6,33.3,42.9,300.0,136.0,NOP,106,0,1,240.0,240.0,46.0,97.0,0.474,21.0,46.0,0.457,11.0,13.0,0.846,11.0,23.0,34.0,34.0,15.0,9.0,8.0,20.0,124.0,,,0.604,0.582,0.474,0.134,23.9,71.9,43.6,73.9,15.4,17.3,7.2,100.0,127.5,109.0,,,9.0,18.0,1.0,7.0,11.0,0.833,4.0,4.0,1.0,5.0,5.0,9.0,7.0,5.0,2.0,2.0,4.0,28.0,21.3,26.0,1.063,1.063,0.75,2.0,26.2,30.1,27.8,38.4,18.2,11.5,100.0,47.9,246.0,121.0,GSW,124,1,2025,2024-10-29,False
35,240.0,240.0,46.0,97.0,0.474,21.0,46.0,0.457,11.0,13.0,0.846,11.0,23.0,34.0,34.0,15.0,9.0,8.0,20.0,124.0,,,0.604,0.582,0.474,0.134,23.9,71.9,43.6,73.9,15.4,17.3,7.2,100.0,127.5,109.0,,,9.0,18.0,1.0,7.0,11.0,0.833,4.0,4.0,1.0,5.0,5.0,9.0,7.0,5.0,2.0,2.0,4.0,28.0,21.3,26.0,1.063,1.063,0.75,2.0,26.2,30.1,27.8,38.4,18.2,11.5,100.0,47.9,246.0,121.0,GSW,124,1,0,240.0,240.0,40.0,74.0,0.541,9.0,22.0,0.409,17.0,24.0,0.708,9.0,35.0,44.0,23.0,4.0,6.0,24.0,13.0,106.0,,,0.627,0.601,0.297,0.324,28.1,76.1,56.4,57.5,4.1,11.8,22.1,100.0,109.0,127.5,,,12.0,19.0,1.0,3.0,6.0,1.0,6.0,8.0,1.0,2.0,6.0,8.0,5.0,1.0,2.0,7.0,3.0,31.0,22.1,7.0,1.5,1.5,1.0,0.833,15.5,29.4,20.2,44.2,2.5,8.6,33.3,42.9,300.0,136.0,NOP,106,0,2025,2024-10-29,True
36,240.0,240.0,45.0,93.0,0.484,16.0,39.0,0.41,14.0,18.0,0.778,12.0,28.0,40.0,25.0,12.0,2.0,10.0,21.0,120.0,,,0.595,0.57,0.419,0.194,27.9,71.8,48.8,55.6,12.5,5.3,9.0,100.0,125.1,118.9,,,13.0,27.0,1.0,6.0,8.0,0.75,4.0,5.0,1.0,4.0,7.0,9.0,8.0,3.0,1.0,3.0,5.0,35.0,27.6,8.0,1.017,1.0,1.0,1.333,16.6,27.9,19.5,31.8,6.2,6.1,50.0,34.2,212.0,125.0,DAL,120,0,1,240.0,240.0,39.0,77.0,0.506,19.0,39.0,0.487,17.0,26.0,0.654,11.0,31.0,42.0,33.0,5.0,2.0,20.0,20.0,114.0,,,0.645,0.63,0.506,0.338,28.2,72.1,51.2,84.6,5.2,3.7,18.4,100.0,118.9,125.1,,,12.0,20.0,0.625,7.0,13.0,1.0,6.0,12.0,1.0,4.0,9.0,9.0,7.0,2.0,1.0,5.0,4.0,37.0,24.6,5.0,0.788,0.786,1.0,1.0,15.8,39.1,20.5,38.6,3.8,3.5,36.0,35.9,143.0,133.0,MIN,114,1,2025,2024-10-29,True
37,240.0,240.0,39.0,77.0,0.506,19.0,39.0,0.487,17.0,26.0,0.654,11.0,31.0,42.0,33.0,5.0,2.0,20.0,20.0,114.0,,,0.645,0.63,0.506,0.338,28.2,72.1,51.2,84.6,5.2,3.7,18.4,100.0,118.9,125.1,,,12.0,20.0,0.625,7.0,13.0,1.0,6.0,12.0,1.0,4.0,9.0,9.0,7.0,2.0,1.0,5.0,4.0,37.0,24.6,5.0,0.788,0.786,1.0,1.0,15.8,39.1,20.5,38.6,3.8,3.5,36.0,35.9,143.0,133.0,MIN,114,1,0,240.0,240.0,45.0,93.0,0.484,16.0,39.0,0.41,14.0,18.0,0.778,12.0,28.0,40.0,25.0,12.0,2.0,10.0,21.0,120.0,,,0.595,0.57,0.419,0.194,27.9,71.8,48.8,55.6,12.5,5.3,9.0,100.0,125.1,118.9,,,13.0,27.0,1.0,6.0,8.0,0.75,4.0,5.0,1.0,4.0,7.0,9.0,8.0,3.0,1.0,3.0,5.0,35.0,27.6,8.0,1.017,1.0,1.0,1.333,16.6,27.9,19.5,31.8,6.2,6.1,50.0,34.2,212.0,125.0,DAL,120,0,2025,2024-10-29,False
38,240.0,240.0,48.0,92.0,0.522,8.0,31.0,0.258,9.0,14.0,0.643,9.0,40.0,49.0,26.0,9.0,9.0,12.0,19.0,113.0,,,0.576,0.565,0.337,0.152,23.1,76.9,53.8,54.2,9.1,22.0,10.9,100.0,114.7,97.5,,,13.0,18.0,1.0,2.0,8.0,0.5,2.0,3.0,1.0,3.0,8.0,11.0,8.0,2.0,3.0,3.0,4.0,28.0,23.3,23.0,1.0,1.0,1.0,1.0,10.9,70.1,40.1,31.9,5.6,32.5,100.0,52.3,217.0,110.0,SAC,113,0,1,240.0,240.0,35.0,89.0,0.393,14.0,48.0,0.292,12.0,14.0,0.857,12.0,30.0,42.0,24.0,7.0,4.0,17.0,16.0,96.0,,,0.504,0.472,0.539,0.157,23.1,76.9,46.2,68.6,7.1,6.6,15.2,100.0,97.5,114.7,,,8.0,16.0,0.667,3.0,10.0,0.6,4.0,4.0,1.0,4.0,6.0,8.0,11.0,2.0,2.0,4.0,4.0,21.0,14.8,13.0,0.7,0.7,1.0,0.571,16.1,29.6,16.9,57.3,6.7,6.1,28.6,35.9,123.0,120.0,UTA,96,1,2025,2024-10-29,True
39,240.0,240.0,35.0,89.0,0.393,14.0,48.0,0.292,12.0,14.0,0.857,12.0,30.0,42.0,24.0,7.0,4.0,17.0,16.0,96.0,,,0.504,0.472,0.539,0.157,23.1,76.9,46.2,68.6,7.1,6.6,15.2,100.0,97.5,114.7,,,8.0,16.0,0.667,3.0,10.0,0.6,4.0,4.0,1.0,4.0,6.0,8.0,11.0,2.0,2.0,4.0,4.0,21.0,14.8,13.0,0.7,0.7,1.0,0.571,16.1,29.6,16.9,57.3,6.7,6.1,28.6,35.9,123.0,120.0,UTA,96,1,0,240.0,240.0,48.0,92.0,0.522,8.0,31.0,0.258,9.0,14.0,0.643,9.0,40.0,49.0,26.0,9.0,9.0,12.0,19.0,113.0,,,0.576,0.565,0.337,0.152,23.1,76.9,53.8,54.2,9.1,22.0,10.9,100.0,114.7,97.5,,,13.0,18.0,1.0,2.0,8.0,0.5,2.0,3.0,1.0,3.0,8.0,11.0,8.0,2.0,3.0,3.0,4.0,28.0,23.3,23.0,1.0,1.0,1.0,1.0,10.9,70.1,40.1,31.9,5.6,32.5,100.0,52.3,217.0,110.0,SAC,113,0,2025,2024-10-29,False
40,240.0,240.0,35.0,86.0,0.407,11.0,46.0,0.239,18.0,20.0,0.9,6.0,36.0,42.0,25.0,9.0,8.0,12.0,19.0,99.0,,,0.522,0.471,0.535,0.233,11.8,80.0,43.8,71.4,9.1,16.0,11.2,100.0,99.8,102.9,,,12.0,22.0,0.545,3.0,9.0,0.5,5.0,7.0,1.0,2.0,7.0,7.0,6.0,4.0,3.0,4.0,4.0,31.0,19.7,6.0,0.68,0.6,1.0,1.0,13.5,39.7,18.6,37.7,5.5,12.4,25.8,35.1,124.0,113.0,ORL,99,0,1,240.0,240.0,36.0,84.0,0.429,13.0,34.0,0.382,17.0,25.0,0.68,9.0,45.0,54.0,23.0,6.0,2.0,15.0,16.0,102.0,,,0.537,0.506,0.405,0.298,20.0,88.2,56.3,63.9,6.1,5.0,13.6,100.0,102.9,99.8,,,8.0,16.0,0.75,4.0,10.0,1.0,6.0,8.0,1.0,6.0,10.0,14.0,5.0,1.0,1.0,4.0,4.0,21.0,20.3,15.0,0.733,0.75,1.0,0.889,18.0,54.8,29.1,28.8,3.4,4.1,29.1,26.7,151.0,107.0,CHI,102,1,2025,2024-10-30,False
41,240.0,240.0,36.0,84.0,0.429,13.0,34.0,0.382,17.0,25.0,0.68,9.0,45.0,54.0,23.0,6.0,2.0,15.0,16.0,102.0,,,0.537,0.506,0.405,0.298,20.0,88.2,56.3,63.9,6.1,5.0,13.6,100.0,102.9,99.8,,,8.0,16.0,0.75,4.0,10.0,1.0,6.0,8.0,1.0,6.0,10.0,14.0,5.0,1.0,1.0,4.0,4.0,21.0,20.3,15.0,0.733,0.75,1.0,0.889,18.0,54.8,29.1,28.8,3.4,4.1,29.1,26.7,151.0,107.0,CHI,102,1,0,240.0,240.0,35.0,86.0,0.407,11.0,46.0,0.239,18.0,20.0,0.9,6.0,36.0,42.0,25.0,9.0,8.0,12.0,19.0,99.0,,,0.522,0.471,0.535,0.233,11.8,80.0,43.8,71.4,9.1,16.0,11.2,100.0,99.8,102.9,,,12.0,22.0,0.545,3.0,9.0,0.5,5.0,7.0,1.0,2.0,7.0,7.0,6.0,4.0,3.0,4.0,4.0,31.0,19.7,6.0,0.68,0.6,1.0,1.0,13.5,39.7,18.6,37.7,5.5,12.4,25.8,35.1,124.0,113.0,ORL,99,0,2025,2024-10-30,True
42,240.0,240.0,52.0,91.0,0.571,9.0,28.0,0.321,20.0,30.0,0.667,13.0,28.0,41.0,37.0,9.0,5.0,14.0,25.0,133.0,,,0.638,0.621,0.308,0.33,35.1,66.7,51.9,71.2,8.7,10.2,11.8,100.0,128.9,133.8,,,11.0,18.0,0.714,4.0,6.0,0.667,7.0,12.0,1.0,5.0,11.0,16.0,11.0,3.0,2.0,3.0,6.0,31.0,25.4,18.0,0.731,0.714,1.0,0.667,43.2,35.8,27.7,46.9,3.9,7.7,21.5,32.0,212.0,142.0,TOR,133,0,1,240.0,240.0,49.0,94.0,0.521,20.0,45.0,0.444,20.0,25.0,0.8,14.0,24.0,38.0,31.0,9.0,8.0,16.0,24.0,138.0,,,0.657,0.628,0.479,0.266,33.3,64.9,48.1,63.3,8.7,12.7,13.2,100.0,133.8,128.9,,,10.0,20.0,0.833,4.0,12.0,0.75,4.0,7.0,1.0,7.0,7.0,14.0,6.0,2.0,4.0,6.0,5.0,27.0,28.4,23.0,1.095,1.083,0.667,0.667,24.1,41.3,25.8,27.1,4.1,9.2,29.1,32.4,238.0,138.0,CHO,138,1,2025,2024-10-30,False
43,240.0,240.0,49.0,94.0,0.521,20.0,45.0,0.444,20.0,25.0,0.8,14.0,24.0,38.0,31.0,9.0,8.0,16.0,24.0,138.0,,,0.657,0.628,0.479,0.266,33.3,64.9,48.1,63.3,8.7,12.7,13.2,100.0,133.8,128.9,,,10.0,20.0,0.833,4.0,12.0,0.75,4.0,7.0,1.0,7.0,7.0,14.0,6.0,2.0,4.0,6.0,5.0,27.0,28.4,23.0,1.095,1.083,0.667,0.667,24.1,41.3,25.8,27.1,4.1,9.2,29.1,32.4,238.0,138.0,CHO,138,1,0,240.0,240.0,52.0,91.0,0.571,9.0,28.0,0.321,20.0,30.0,0.667,13.0,28.0,41.0,37.0,9.0,5.0,14.0,25.0,133.0,,,0.638,0.621,0.308,0.33,35.1,66.7,51.9,71.2,8.7,10.2,11.8,100.0,128.9,133.8,,,11.0,18.0,0.714,4.0,6.0,0.667,7.0,12.0,1.0,5.0,11.0,16.0,11.0,3.0,2.0,3.0,6.0,31.0,25.4,18.0,0.731,0.714,1.0,0.667,43.2,35.8,27.7,46.9,3.9,7.7,21.5,32.0,212.0,142.0,TOR,133,0,2025,2024-10-30,True
44,240.0,240.0,38.0,77.0,0.494,6.0,28.0,0.214,28.0,33.0,0.848,5.0,32.0,37.0,21.0,6.0,0.0,21.0,7.0,110.0,,,0.601,0.532,0.364,0.429,14.3,84.2,50.7,55.3,5.7,0.0,18.7,100.0,104.5,127.3,,,9.0,17.0,1.0,2.0,7.0,0.333,7.0,8.0,1.0,2.0,12.0,13.0,5.0,2.0,0.0,6.0,2.0,26.0,18.0,1.0,1.042,1.0,0.833,1.0,14.4,48.4,27.3,63.1,8.7,0.0,50.0,33.4,168.0,132.0,LAL,110,0,1,240.0,240.0,56.0,97.0,0.577,17.0,41.0,0.415,5.0,8.0,0.625,6.0,30.0,36.0,37.0,14.0,2.0,12.0,26.0,134.0,,,0.667,0.665,0.423,0.082,15.8,85.7,49.3,66.1,13.3,4.1,10.7,100.0,127.3,104.5,,,12.0,20.0,1.0,4.0,10.0,0.667,2.0,2.0,1.0,3.0,14.0,17.0,10.0,3.0,2.0,3.0,5.0,25.0,23.6,25.0,1.0,1.0,1.0,0.5,12.4,78.1,37.5,47.9,5.2,6.4,33.3,44.2,230.0,110.0,CLE,134,1,2025,2024-10-30,False
45,240.0,240.0,56.0,97.0,0.577,17.0,41.0,0.415,5.0,8.0,0.625,6.0,30.0,36.0,37.0,14.0,2.0,12.0,26.0,134.0,,,0.667,0.665,0.423,0.082,15.8,85.7,49.3,66.1,13.3,4.1,10.7,100.0,127.3,104.5,,,12.0,20.0,1.0,4.0,10.0,0.667,2.0,2.0,1.0,3.0,14.0,17.0,10.0,3.0,2.0,3.0,5.0,25.0,23.6,25.0,1.0,1.0,1.0,0.5,12.4,78.1,37.5,47.9,5.2,6.4,33.3,44.2,230.0,110.0,CLE,134,1,0,240.0,240.0,38.0,77.0,0.494,6.0,28.0,0.214,28.0,33.0,0.848,5.0,32.0,37.0,21.0,6.0,0.0,21.0,7.0,110.0,,,0.601,0.532,0.364,0.429,14.3,84.2,50.7,55.3,5.7,0.0,18.7,100.0,104.5,127.3,,,9.0,17.0,1.0,2.0,7.0,0.333,7.0,8.0,1.0,2.0,12.0,13.0,5.0,2.0,0.0,6.0,2.0,26.0,18.0,1.0,1.042,1.0,0.833,1.0,14.4,48.4,27.3,63.1,8.7,0.0,50.0,33.4,168.0,132.0,LAL,110,0,2025,2024-10-30,True
46,240.0,240.0,33.0,90.0,0.367,11.0,36.0,0.306,12.0,20.0,0.6,18.0,31.0,49.0,24.0,7.0,6.0,15.0,17.0,89.0,,,0.45,0.428,0.4,0.222,38.3,70.5,53.8,72.7,7.7,12.2,13.2,100.0,98.2,114.7,,,9.0,21.0,0.75,4.0,14.0,0.5,3.0,7.0,1.0,6.0,6.0,12.0,6.0,3.0,2.0,4.0,4.0,23.0,14.6,6.0,0.846,0.75,0.8,0.75,100.0,62.1,77.2,34.8,10.3,7.6,33.3,61.7,159.0,125.0,NOP,89,0,1,240.0,240.0,41.0,87.0,0.471,13.0,38.0,0.342,9.0,13.0,0.692,13.0,29.0,42.0,32.0,5.0,9.0,14.0,22.0,104.0,,,0.561,0.546,0.437,0.149,29.5,61.7,46.2,78.0,5.5,16.7,13.1,100.0,114.7,98.2,,,8.0,19.0,1.0,4.0,12.0,1.0,4.0,5.0,1.0,2.0,8.0,9.0,7.0,1.0,5.0,4.0,5.0,21.0,15.9,18.0,1.025,1.125,1.0,0.5,79.8,40.4,38.6,85.7,1.9,14.8,100.0,32.9,232.0,112.0,GSW,104,1,2025,2024-10-30,False
47,240.0,240.0,41.0,87.0,0.471,13.0,38.0,0.342,9.0,13.0,0.692,13.0,29.0,42.0,32.0,5.0,9.0,14.0,22.0,104.0,,,0.561,0.546,0.437,0.149,29.5,61.7,46.2,78.0,5.5,16.7,13.1,100.0,114.7,98.2,,,8.0,19.0,1.0,4.0,12.0,1.0,4.0,5.0,1.0,2.0,8.0,9.0,7.0,1.0,5.0,4.0,5.0,21.0,15.9,18.0,1.025,1.125,1.0,0.5,79.8,40.4,38.6,85.7,1.9,14.8,100.0,32.9,232.0,112.0,GSW,104,1,0,240.0,240.0,33.0,90.0,0.367,11.0,36.0,0.306,12.0,20.0,0.6,18.0,31.0,49.0,24.0,7.0,6.0,15.0,17.0,89.0,,,0.45,0.428,0.4,0.222,38.3,70.5,53.8,72.7,7.7,12.2,13.2,100.0,98.2,114.7,,,9.0,21.0,0.75,4.0,14.0,0.5,3.0,7.0,1.0,6.0,6.0,12.0,6.0,3.0,2.0,4.0,4.0,23.0,14.6,6.0,0.846,0.75,0.8,0.75,100.0,62.1,77.2,34.8,10.3,7.6,33.3,61.7,159.0,125.0,NOP,89,0,2025,2024-10-30,True
48,265.0,265.0,44.0,109.0,0.404,19.0,57.0,0.333,25.0,31.0,0.806,18.0,33.0,51.0,23.0,11.0,5.0,14.0,19.0,132.0,,,0.538,0.491,0.523,0.284,30.5,67.3,47.2,52.3,9.7,7.6,10.2,100.0,115.8,118.5,,,11.0,30.0,0.889,5.0,18.0,1.0,12.0,15.0,1.0,7.0,7.0,9.0,5.0,4.0,2.0,3.0,4.0,37.0,27.7,18.0,1.164,1.167,0.786,1.2,40.1,39.6,32.4,22.9,6.1,5.9,23.3,31.3,179.0,126.0,BOS,132,0,1,265.0,265.0,50.0,104.0,0.481,15.0,38.0,0.395,20.0,24.0,0.833,16.0,41.0,57.0,33.0,10.0,5.0,19.0,26.0,135.0,,,0.589,0.553,0.365,0.231,32.7,69.5,52.8,66.0,8.8,9.6,14.2,100.0,118.5,115.8,,,11.0,20.0,1.0,6.0,10.0,0.75,10.0,11.0,1.0,5.0,8.0,11.0,12.0,2.0,2.0,4.0,6.0,30.0,24.2,10.0,1.0,1.0,0.526,0.8,14.4,20.7,14.3,39.3,11.0,8.1,80.0,25.0,143.0,121.0,IND,135,1,2025,2024-10-30,False
49,265.0,265.0,50.0,104.0,0.481,15.0,38.0,0.395,20.0,24.0,0.833,16.0,41.0,57.0,33.0,10.0,5.0,19.0,26.0,135.0,,,0.589,0.553,0.365,0.231,32.7,69.5,52.8,66.0,8.8,9.6,14.2,100.0,118.5,115.8,,,11.0,20.0,1.0,6.0,10.0,0.75,10.0,11.0,1.0,5.0,8.0,11.0,12.0,2.0,2.0,4.0,6.0,30.0,24.2,10.0,1.0,1.0,0.526,0.8,14.4,20.7,14.3,39.3,11.0,8.1,80.0,25.0,143.0,121.0,IND,135,1,0,265.0,265.0,44.0,109.0,0.404,19.0,57.0,0.333,25.0,31.0,0.806,18.0,33.0,51.0,23.0,11.0,5.0,14.0,19.0,132.0,,,0.538,0.491,0.523,0.284,30.5,67.3,47.2,52.3,9.7,7.6,10.2,100.0,115.8,118.5,,,11.0,30.0,0.889,5.0,18.0,1.0,12.0,15.0,1.0,7.0,7.0,9.0,5.0,4.0,2.0,3.0,4.0,37.0,27.7,18.0,1.164,1.167,0.786,1.2,40.1,39.6,32.4,22.9,6.1,5.9,23.3,31.3,179.0,126.0,BOS,132,0,2025,2024-10-30,True
50,240.0,240.0,41.0,92.0,0.446,14.0,33.0,0.424,10.0,12.0,0.833,12.0,35.0,47.0,19.0,9.0,6.0,13.0,18.0,106.0,,,0.545,0.522,0.359,0.13,25.0,72.9,49.0,46.3,9.3,11.1,11.8,100.0,109.8,108.7,,,10.0,24.0,0.75,3.0,9.0,1.0,6.0,6.0,1.0,3.0,10.0,12.0,6.0,3.0,2.0,3.0,4.0,25.0,16.0,14.0,0.788,0.875,0.5,0.75,27.0,34.4,27.0,38.5,5.3,8.0,24.4,31.0,151.0,119.0,POR,106,0,1,240.0,240.0,41.0,90.0,0.456,13.0,36.0,0.361,10.0,18.0,0.556,13.0,36.0,49.0,26.0,10.0,5.0,14.0,19.0,105.0,,,0.536,0.528,0.4,0.2,27.1,75.0,51.0,63.4,10.4,8.5,12.5,100.0,108.7,109.8,,,11.0,22.0,1.0,5.0,11.0,0.5,3.0,6.0,1.0,4.0,8.0,12.0,10.0,3.0,2.0,5.0,4.0,30.0,21.5,8.0,1.0,1.0,0.75,2.5,18.0,33.2,19.9,47.4,7.6,9.8,31.3,45.6,183.0,121.0,LAC,105,1,2025,2024-10-30,True
51,240.0,240.0,41.0,90.0,0.456,13.0,36.0,0.361,10.0,18.0,0.556,13.0,36.0,49.0,26.0,10.0,5.0,14.0,19.0,105.0,,,0.536,0.528,0.4,0.2,27.1,75.0,51.0,63.4,10.4,8.5,12.5,100.0,108.7,109.8,,,11.0,22.0,1.0,5.0,11.0,0.5,3.0,6.0,1.0,4.0,8.0,12.0,10.0,3.0,2.0,5.0,4.0,30.0,21.5,8.0,1.0,1.0,0.75,2.5,18.0,33.2,19.9,47.4,7.6,9.8,31.3,45.6,183.0,121.0,LAC,105,1,0,240.0,240.0,41.0,92.0,0.446,14.0,33.0,0.424,10.0,12.0,0.833,12.0,35.0,47.0,19.0,9.0,6.0,13.0,18.0,106.0,,,0.545,0.522,0.359,0.13,25.0,72.9,49.0,46.3,9.3,11.1,11.8,100.0,109.8,108.7,,,10.0,24.0,0.75,3.0,9.0,1.0,6.0,6.0,1.0,3.0,10.0,12.0,6.0,3.0,2.0,3.0,4.0,25.0,16.0,14.0,0.788,0.875,0.5,0.75,27.0,34.4,27.0,38.5,5.3,8.0,24.4,31.0,151.0,119.0,POR,106,0,2025,2024-10-30,False
52,240.0,240.0,41.0,80.0,0.513,15.0,41.0,0.366,22.0,25.0,0.88,8.0,26.0,34.0,27.0,10.0,2.0,19.0,25.0,119.0,,,0.654,0.606,0.513,0.313,23.5,68.4,47.2,65.9,10.0,3.7,17.3,100.0,119.4,106.4,,,11.0,14.0,0.8,6.0,9.0,0.667,10.0,11.0,1.0,3.0,5.0,7.0,8.0,4.0,1.0,3.0,5.0,33.0,32.4,25.0,1.019,1.0,0.667,0.917,17.8,100.0,59.7,44.5,8.0,3.7,28.6,27.5,182.0,116.0,BRK,119,0,1,240.0,240.0,38.0,81.0,0.469,8.0,27.0,0.296,22.0,29.0,0.759,12.0,26.0,38.0,27.0,9.0,3.0,22.0,21.0,106.0,,,0.565,0.519,0.333,0.358,31.6,76.5,52.8,71.1,9.0,7.7,19.0,100.0,106.4,119.4,,,10.0,16.0,1.0,3.0,6.0,1.0,7.0,10.0,1.0,5.0,6.0,8.0,11.0,3.0,1.0,5.0,4.0,30.0,25.0,5.0,1.028,1.0,1.0,0.833,24.6,42.2,23.9,60.9,5.1,6.4,36.1,32.4,221.0,128.0,MEM,106,1,2025,2024-10-30,True
53,240.0,240.0,38.0,81.0,0.469,8.0,27.0,0.296,22.0,29.0,0.759,12.0,26.0,38.0,27.0,9.0,3.0,22.0,21.0,106.0,,,0.565,0.519,0.333,0.358,31.6,76.5,52.8,71.1,9.0,7.7,19.0,100.0,106.4,119.4,,,10.0,16.0,1.0,3.0,6.0,1.0,7.0,10.0,1.0,5.0,6.0,8.0,11.0,3.0,1.0,5.0,4.0,30.0,25.0,5.0,1.028,1.0,1.0,0.833,24.6,42.2,23.9,60.9,5.1,6.4,36.1,32.4,221.0,128.0,MEM,106,1,0,240.0,240.0,41.0,80.0,0.513,15.0,41.0,0.366,22.0,25.0,0.88,8.0,26.0,34.0,27.0,10.0,2.0,19.0,25.0,119.0,,,0.654,0.606,0.513,0.313,23.5,68.4,47.2,65.9,10.0,3.7,17.3,100.0,119.4,106.4,,,11.0,14.0,0.8,6.0,9.0,0.667,10.0,11.0,1.0,3.0,5.0,7.0,8.0,4.0,1.0,3.0,5.0,33.0,32.4,25.0,1.019,1.0,0.667,0.917,17.8,100.0,59.7,44.5,8.0,3.7,28.6,27.5,182.0,116.0,BRK,119,0,2025,2024-10-30,False
54,240.0,240.0,40.0,82.0,0.488,18.0,40.0,0.45,18.0,20.0,0.9,7.0,35.0,42.0,30.0,8.0,4.0,11.0,16.0,116.0,,,0.639,0.598,0.488,0.244,17.9,83.3,51.9,75.0,8.6,9.8,10.8,100.0,124.9,115.2,,,17.0,25.0,1.0,4.0,11.0,0.8,7.0,8.0,1.0,3.0,13.0,14.0,9.0,2.0,2.0,3.0,5.0,44.0,35.8,15.0,1.0,1.0,1.0,0.444,13.4,35.2,19.9,51.6,4.4,10.1,30.4,36.0,217.0,123.0,NYK,116,0,1,240.0,240.0,37.0,81.0,0.457,17.0,40.0,0.425,16.0,24.0,0.667,7.0,32.0,39.0,27.0,6.0,3.0,10.0,17.0,107.0,,,0.584,0.562,0.494,0.296,16.7,82.1,48.1,73.0,6.5,7.1,9.8,100.0,115.2,124.9,,,12.0,20.0,0.667,8.0,13.0,0.667,5.0,8.0,1.0,2.0,6.0,8.0,7.0,2.0,3.0,4.0,4.0,34.0,30.4,2.0,1.0,1.0,1.0,0.857,8.4,30.1,17.4,46.0,3.0,20.9,27.1,29.3,180.0,129.0,MIA,107,1,2025,2024-10-30,True
55,240.0,240.0,37.0,81.0,0.457,17.0,40.0,0.425,16.0,24.0,0.667,7.0,32.0,39.0,27.0,6.0,3.0,10.0,17.0,107.0,,,0.584,0.562,0.494,0.296,16.7,82.1,48.1,73.0,6.5,7.1,9.8,100.0,115.2,124.9,,,12.0,20.0,0.667,8.0,13.0,0.667,5.0,8.0,1.0,2.0,6.0,8.0,7.0,2.0,3.0,4.0,4.0,34.0,30.4,2.0,1.0,1.0,1.0,0.857,8.4,30.1,17.4,46.0,3.0,20.9,27.1,29.3,180.0,129.0,MIA,107,1,0,240.0,240.0,40.0,82.0,0.488,18.0,40.0,0.45,18.0,20.0,0.9,7.0,35.0,42.0,30.0,8.0,4.0,11.0,16.0,116.0,,,0.639,0.598,0.488,0.244,17.9,83.3,51.9,75.0,8.6,9.8,10.8,100.0,124.9,115.2,,,17.0,25.0,1.0,4.0,11.0,0.8,7.0,8.0,1.0,3.0,13.0,14.0,9.0,2.0,2.0,3.0,5.0,44.0,35.8,15.0,1.0,1.0,1.0,0.444,13.4,35.2,19.9,51.6,4.4,10.1,30.4,36.0,217.0,123.0,NYK,116,0,2025,2024-10-30,False
56,240.0,240.0,35.0,85.0,0.412,12.0,36.0,0.333,11.0,13.0,0.846,13.0,39.0,52.0,22.0,6.0,6.0,22.0,8.0,93.0,,,0.513,0.482,0.424,0.153,27.7,88.6,57.1,62.9,6.1,12.5,19.5,100.0,94.1,106.2,,,7.0,16.0,0.583,3.0,7.0,0.75,4.0,4.0,1.0,4.0,7.0,9.0,9.0,2.0,3.0,4.0,3.0,18.0,16.2,6.0,0.742,0.722,0.8,0.8,16.4,55.7,33.7,63.8,3.3,11.0,40.0,27.2,234.0,112.0,SAS,93,0,1,240.0,240.0,41.0,89.0,0.461,17.0,41.0,0.415,6.0,8.0,0.75,5.0,34.0,39.0,28.0,18.0,6.0,14.0,15.0,105.0,,,0.567,0.556,0.461,0.09,11.4,72.3,42.9,68.3,18.2,12.2,13.1,100.0,106.2,94.1,,,7.0,20.0,0.833,6.0,10.0,1.0,2.0,2.0,1.0,3.0,7.0,7.0,8.0,4.0,2.0,5.0,3.0,20.0,21.2,19.0,1.111,1.111,1.0,0.333,13.0,36.9,19.1,44.9,8.9,7.8,31.5,35.7,200.0,110.0,OKC,105,1,2025,2024-10-30,False
57,240.0,240.0,41.0,89.0,0.461,17.0,41.0,0.415,6.0,8.0,0.75,5.0,34.0,39.0,28.0,18.0,6.0,14.0,15.0,105.0,,,0.567,0.556,0.461,0.09,11.4,72.3,42.9,68.3,18.2,12.2,13.1,100.0,106.2,94.1,,,7.0,20.0,0.833,6.0,10.0,1.0,2.0,2.0,1.0,3.0,7.0,7.0,8.0,4.0,2.0,5.0,3.0,20.0,21.2,19.0,1.111,1.111,1.0,0.333,13.0,36.9,19.1,44.9,8.9,7.8,31.5,35.7,200.0,110.0,OKC,105,1,0,240.0,240.0,35.0,85.0,0.412,12.0,36.0,0.333,11.0,13.0,0.846,13.0,39.0,52.0,22.0,6.0,6.0,22.0,8.0,93.0,,,0.513,0.482,0.424,0.153,27.7,88.6,57.1,62.9,6.1,12.5,19.5,100.0,94.1,106.2,,,7.0,16.0,0.583,3.0,7.0,0.75,4.0,4.0,1.0,4.0,7.0,9.0,9.0,2.0,3.0,4.0,3.0,18.0,16.2,6.0,0.742,0.722,0.8,0.8,16.4,55.7,33.7,63.8,3.3,11.0,40.0,27.2,234.0,112.0,SAS,93,0,2025,2024-10-30,True
58,240.0,240.0,36.0,78.0,0.462,15.0,36.0,0.417,18.0,22.0,0.818,12.0,37.0,49.0,23.0,4.0,5.0,17.0,25.0,105.0,,,0.599,0.558,0.462,0.282,29.3,82.2,57.0,63.9,4.4,9.8,16.2,100.0,116.0,104.9,,,9.0,18.0,0.75,5.0,10.0,0.714,6.0,6.0,1.0,5.0,14.0,14.0,7.0,2.0,3.0,5.0,6.0,23.0,16.6,18.0,0.81,0.833,1.0,2.0,32.8,42.6,31.2,32.6,2.9,8.2,69.4,28.4,159.0,113.0,DET,105,0,1,240.0,240.0,33.0,79.0,0.418,8.0,28.0,0.286,21.0,28.0,0.75,8.0,29.0,37.0,17.0,7.0,4.0,9.0,21.0,95.0,,,0.52,0.468,0.354,0.354,17.8,70.7,43.0,51.5,7.7,9.5,9.0,100.0,104.9,116.0,,,12.0,25.0,0.75,2.0,10.0,0.667,6.0,7.0,1.0,4.0,7.0,11.0,7.0,2.0,1.0,2.0,4.0,32.0,24.5,7.0,1.0,1.0,0.75,1.2,15.3,29.4,22.1,45.0,5.6,34.8,33.3,34.7,128.0,125.0,PHI,95,1,2025,2024-10-30,True
59,240.0,240.0,33.0,79.0,0.418,8.0,28.0,0.286,21.0,28.0,0.75,8.0,29.0,37.0,17.0,7.0,4.0,9.0,21.0,95.0,,,0.52,0.468,0.354,0.354,17.8,70.7,43.0,51.5,7.7,9.5,9.0,100.0,104.9,116.0,,,12.0,25.0,0.75,2.0,10.0,0.667,6.0,7.0,1.0,4.0,7.0,11.0,7.0,2.0,1.0,2.0,4.0,32.0,24.5,7.0,1.0,1.0,0.75,1.2,15.3,29.4,22.1,45.0,5.6,34.8,33.3,34.7,128.0,125.0,PHI,95,1,0,240.0,240.0,36.0,78.0,0.462,15.0,36.0,0.417,18.0,22.0,0.818,12.0,37.0,49.0,23.0,4.0,5.0,17.0,25.0,105.0,,,0.599,0.558,0.462,0.282,29.3,82.2,57.0,63.9,4.4,9.8,16.2,100.0,116.0,104.9,,,9.0,18.0,0.75,5.0,10.0,0.714,6.0,6.0,1.0,5.0,14.0,14.0,7.0,2.0,3.0,5.0,6.0,23.0,16.6,18.0,0.81,0.833,1.0,2.0,32.8,42.6,31.2,32.6,2.9,8.2,69.4,28.4,159.0,113.0,DET,105,0,2025,2024-10-30,False
60,240.0,240.0,45.0,95.0,0.474,12.0,39.0,0.308,18.0,21.0,0.857,12.0,29.0,41.0,28.0,10.0,2.0,17.0,19.0,120.0,,,0.576,0.537,0.411,0.221,27.9,82.9,52.6,62.2,9.4,4.0,14.0,100.0,113.2,125.5,,,12.0,28.0,1.0,4.0,13.0,1.0,7.0,7.0,1.0,6.0,11.0,17.0,15.0,3.0,2.0,4.0,5.0,35.0,30.9,2.0,1.333,1.333,0.8,0.6,16.6,37.4,25.9,58.0,3.9,5.5,24.0,33.4,257.0,133.0,ATL,120,0,1,240.0,240.0,47.0,88.0,0.534,16.0,38.0,0.421,23.0,25.0,0.92,6.0,31.0,37.0,32.0,10.0,5.0,16.0,21.0,133.0,,,0.672,0.625,0.432,0.284,17.1,72.1,47.4,68.1,9.4,8.9,13.9,100.0,125.5,113.2,,,11.0,17.0,0.8,4.0,11.0,1.0,8.0,8.0,1.0,4.0,7.0,9.0,9.0,3.0,4.0,5.0,4.0,27.0,26.7,23.0,0.907,0.893,0.786,0.625,15.9,31.4,19.8,36.7,4.3,14.8,33.3,33.0,156.0,123.0,WAS,133,1,2025,2024-10-30,False
61,240.0,240.0,47.0,88.0,0.534,16.0,38.0,0.421,23.0,25.0,0.92,6.0,31.0,37.0,32.0,10.0,5.0,16.0,21.0,133.0,,,0.672,0.625,0.432,0.284,17.1,72.1,47.4,68.1,9.4,8.9,13.9,100.0,125.5,113.2,,,11.0,17.0,0.8,4.0,11.0,1.0,8.0,8.0,1.0,4.0,7.0,9.0,9.0,3.0,4.0,5.0,4.0,27.0,26.7,23.0,0.907,0.893,0.786,0.625,15.9,31.4,19.8,36.7,4.3,14.8,33.3,33.0,156.0,123.0,WAS,133,1,0,240.0,240.0,45.0,95.0,0.474,12.0,39.0,0.308,18.0,21.0,0.857,12.0,29.0,41.0,28.0,10.0,2.0,17.0,19.0,120.0,,,0.576,0.537,0.411,0.221,27.9,82.9,52.6,62.2,9.4,4.0,14.0,100.0,113.2,125.5,,,12.0,28.0,1.0,4.0,13.0,1.0,7.0,7.0,1.0,6.0,11.0,17.0,15.0,3.0,2.0,4.0,5.0,35.0,30.9,2.0,1.333,1.333,0.8,0.6,16.6,37.4,25.9,58.0,3.9,5.5,24.0,33.4,257.0,133.0,ATL,120,0,2025,2024-10-30,True
62,240.0,240.0,40.0,97.0,0.412,8.0,34.0,0.235,20.0,27.0,0.741,18.0,32.0,50.0,21.0,4.0,4.0,10.0,20.0,108.0,,,0.496,0.454,0.351,0.278,40.0,76.2,57.5,52.5,4.3,7.3,8.4,100.0,117.0,110.5,,,9.0,21.0,1.0,3.0,9.0,0.5,7.0,9.0,1.0,6.0,12.0,12.0,4.0,1.0,1.0,5.0,4.0,23.0,14.3,12.0,1.0,1.0,0.6,0.563,18.4,37.8,19.0,36.1,5.2,4.7,18.3,42.3,219.0,118.0,HOU,108,0,1,240.0,240.0,39.0,85.0,0.459,10.0,30.0,0.333,14.0,20.0,0.7,10.0,27.0,37.0,21.0,6.0,7.0,10.0,27.0,102.0,,,0.544,0.518,0.353,0.235,23.8,60.0,42.5,53.8,6.5,11.1,9.6,100.0,110.5,117.0,,,12.0,25.0,1.0,5.0,9.0,0.833,4.0,4.0,1.0,4.0,8.0,9.0,7.0,3.0,3.0,3.0,5.0,29.0,23.1,10.0,1.064,1.0,1.0,3.0,36.1,22.8,17.4,30.1,4.6,10.1,34.7,34.2,150.0,128.0,DAL,102,1,2025,2024-10-31,True
63,240.0,240.0,39.0,85.0,0.459,10.0,30.0,0.333,14.0,20.0,0.7,10.0,27.0,37.0,21.0,6.0,7.0,10.0,27.0,102.0,,,0.544,0.518,0.353,0.235,23.8,60.0,42.5,53.8,6.5,11.1,9.6,100.0,110.5,117.0,,,12.0,25.0,1.0,5.0,9.0,0.833,4.0,4.0,1.0,4.0,8.0,9.0,7.0,3.0,3.0,3.0,5.0,29.0,23.1,10.0,1.064,1.0,1.0,3.0,36.1,22.8,17.4,30.1,4.6,10.1,34.7,34.2,150.0,128.0,DAL,102,1,0,240.0,240.0,40.0,97.0,0.412,8.0,34.0,0.235,20.0,27.0,0.741,18.0,32.0,50.0,21.0,4.0,4.0,10.0,20.0,108.0,,,0.496,0.454,0.351,0.278,40.0,76.2,57.5,52.5,4.3,7.3,8.4,100.0,117.0,110.5,,,9.0,21.0,1.0,3.0,9.0,0.5,7.0,9.0,1.0,6.0,12.0,12.0,4.0,1.0,1.0,5.0,4.0,23.0,14.3,12.0,1.0,1.0,0.6,0.563,18.4,37.8,19.0,36.1,5.2,4.7,18.3,42.3,219.0,118.0,HOU,108,0,2025,2024-10-31,False
64,240.0,240.0,42.0,82.0,0.512,18.0,39.0,0.462,23.0,28.0,0.821,8.0,31.0,39.0,29.0,12.0,4.0,12.0,20.0,125.0,,,0.663,0.622,0.476,0.341,19.5,67.4,44.8,69.0,12.3,6.9,11.3,100.0,127.9,121.7,,,11.0,18.0,1.0,5.0,9.0,0.833,13.0,15.0,1.0,4.0,6.0,7.0,11.0,4.0,2.0,4.0,5.0,40.0,39.1,20.0,1.182,1.188,0.75,0.833,26.9,27.6,19.0,42.3,10.4,4.8,27.9,31.8,226.0,133.0,PHO,125,0,1,240.0,240.0,45.0,93.0,0.484,12.0,35.0,0.343,17.0,21.0,0.81,15.0,33.0,48.0,27.0,8.0,8.0,14.0,22.0,119.0,,,0.582,0.548,0.376,0.226,32.6,80.5,55.2,60.0,8.2,18.6,12.0,100.0,121.7,127.9,,,9.0,21.0,0.9,4.0,11.0,1.0,6.0,7.0,1.0,5.0,10.0,12.0,13.0,3.0,4.0,6.0,5.0,25.0,23.2,4.0,0.902,0.9,0.75,1.0,14.7,32.8,18.6,51.1,6.1,20.8,50.0,35.4,165.0,136.0,LAC,119,1,2025,2024-10-31,True
65,240.0,240.0,45.0,93.0,0.484,12.0,35.0,0.343,17.0,21.0,0.81,15.0,33.0,48.0,27.0,8.0,8.0,14.0,22.0,119.0,,,0.582,0.548,0.376,0.226,32.6,80.5,55.2,60.0,8.2,18.6,12.0,100.0,121.7,127.9,,,9.0,21.0,0.9,4.0,11.0,1.0,6.0,7.0,1.0,5.0,10.0,12.0,13.0,3.0,4.0,6.0,5.0,25.0,23.2,4.0,0.902,0.9,0.75,1.0,14.7,32.8,18.6,51.1,6.1,20.8,50.0,35.4,165.0,136.0,LAC,119,1,0,240.0,240.0,42.0,82.0,0.512,18.0,39.0,0.462,23.0,28.0,0.821,8.0,31.0,39.0,29.0,12.0,4.0,12.0,20.0,125.0,,,0.663,0.622,0.476,0.341,19.5,67.4,44.8,69.0,12.3,6.9,11.3,100.0,127.9,121.7,,,11.0,18.0,1.0,5.0,9.0,0.833,13.0,15.0,1.0,4.0,6.0,7.0,11.0,4.0,2.0,4.0,5.0,40.0,39.1,20.0,1.182,1.188,0.75,0.833,26.9,27.6,19.0,42.3,10.4,4.8,27.9,31.8,226.0,133.0,PHO,125,0,2025,2024-10-31,False
66,240.0,240.0,41.0,96.0,0.427,9.0,42.0,0.214,8.0,19.0,0.421,9.0,29.0,38.0,20.0,10.0,4.0,10.0,27.0,99.0,,,0.474,0.474,0.438,0.198,15.5,80.6,40.4,48.8,9.6,7.4,8.7,100.0,95.3,117.4,,,17.0,22.0,1.0,3.0,7.0,1.0,3.0,8.0,1.0,5.0,10.0,11.0,6.0,4.0,1.0,2.0,5.0,37.0,32.0,10.0,1.0,1.0,1.0,2.0,17.5,39.8,21.6,34.4,6.7,18.8,100.0,35.5,195.0,125.0,MIL,99,0,1,240.0,240.0,43.0,82.0,0.524,8.0,28.0,0.286,28.0,31.0,0.903,7.0,49.0,56.0,26.0,6.0,3.0,17.0,21.0,122.0,,,0.638,0.573,0.341,0.378,19.4,84.5,59.6,60.5,5.8,5.6,15.1,100.0,117.4,95.3,,,9.0,16.0,1.0,3.0,6.0,0.5,6.0,7.0,1.0,2.0,9.0,10.0,14.0,2.0,1.0,3.0,4.0,26.0,29.2,30.0,1.017,1.0,1.0,1.0,11.2,25.8,17.7,82.9,2.8,51.8,22.7,32.6,210.0,103.0,MEM,122,1,2025,2024-10-31,False
67,240.0,240.0,43.0,82.0,0.524,8.0,28.0,0.286,28.0,31.0,0.903,7.0,49.0,56.0,26.0,6.0,3.0,17.0,21.0,122.0,,,0.638,0.573,0.341,0.378,19.4,84.5,59.6,60.5,5.8,5.6,15.1,100.0,117.4,95.3,,,9.0,16.0,1.0,3.0,6.0,0.5,6.0,7.0,1.0,2.0,9.0,10.0,14.0,2.0,1.0,3.0,4.0,26.0,29.2,30.0,1.017,1.0,1.0,1.0,11.2,25.8,17.7,82.9,2.8,51.8,22.7,32.6,210.0,103.0,MEM,122,1,0,240.0,240.0,41.0,96.0,0.427,9.0,42.0,0.214,8.0,19.0,0.421,9.0,29.0,38.0,20.0,10.0,4.0,10.0,27.0,99.0,,,0.474,0.474,0.438,0.198,15.5,80.6,40.4,48.8,9.6,7.4,8.7,100.0,95.3,117.4,,,17.0,22.0,1.0,3.0,7.0,1.0,3.0,8.0,1.0,5.0,10.0,11.0,6.0,4.0,1.0,2.0,5.0,37.0,32.0,10.0,1.0,1.0,1.0,2.0,17.5,39.8,21.6,34.4,6.7,18.8,100.0,35.5,195.0,125.0,MIL,99,0,2025,2024-10-31,True
68,240.0,240.0,38.0,92.0,0.413,12.0,43.0,0.279,18.0,23.0,0.783,11.0,31.0,42.0,25.0,17.0,7.0,11.0,17.0,106.0,,,0.519,0.478,0.467,0.25,22.4,67.4,44.2,65.8,17.2,14.0,9.7,100.0,107.4,89.2,,,9.0,20.0,0.8,4.0,13.0,0.5,6.0,7.0,1.0,2.0,7.0,9.0,10.0,5.0,5.0,3.0,4.0,25.0,27.3,43.0,0.919,0.9,1.0,0.8,9.4,22.6,13.5,100.0,8.8,14.3,50.0,31.1,232.0,105.0,SAS,106,0,1,240.0,240.0,32.0,82.0,0.39,7.0,32.0,0.219,17.0,19.0,0.895,15.0,38.0,53.0,19.0,6.0,6.0,26.0,19.0,88.0,,,0.487,0.433,0.39,0.232,32.6,77.6,55.8,59.4,6.1,12.2,22.3,100.0,89.2,107.4,,,6.0,14.0,0.667,3.0,9.0,0.5,6.0,6.0,1.0,4.0,7.0,11.0,5.0,2.0,3.0,7.0,5.0,16.0,12.8,8.0,0.833,0.833,0.857,0.667,15.3,24.9,20.2,32.8,4.6,10.7,43.6,31.5,128.0,114.0,UTA,88,1,2025,2024-10-31,True
69,240.0,240.0,32.0,82.0,0.39,7.0,32.0,0.219,17.0,19.0,0.895,15.0,38.0,53.0,19.0,6.0,6.0,26.0,19.0,88.0,,,0.487,0.433,0.39,0.232,32.6,77.6,55.8,59.4,6.1,12.2,22.3,100.0,89.2,107.4,,,6.0,14.0,0.667,3.0,9.0,0.5,6.0,6.0,1.0,4.0,7.0,11.0,5.0,2.0,3.0,7.0,5.0,16.0,12.8,8.0,0.833,0.833,0.857,0.667,15.3,24.9,20.2,32.8,4.6,10.7,43.6,31.5,128.0,114.0,UTA,88,1,0,240.0,240.0,38.0,92.0,0.413,12.0,43.0,0.279,18.0,23.0,0.783,11.0,31.0,42.0,25.0,17.0,7.0,11.0,17.0,106.0,,,0.519,0.478,0.467,0.25,22.4,67.4,44.2,65.8,17.2,14.0,9.7,100.0,107.4,89.2,,,9.0,20.0,0.8,4.0,13.0,0.5,6.0,7.0,1.0,2.0,7.0,9.0,10.0,5.0,5.0,3.0,4.0,25.0,27.3,43.0,0.919,0.9,1.0,0.8,9.4,22.6,13.5,100.0,8.8,14.3,50.0,31.1,232.0,105.0,SAS,106,0,2025,2024-10-31,False
70,240.0,240.0,43.0,89.0,0.483,11.0,33.0,0.333,26.0,30.0,0.867,10.0,41.0,51.0,28.0,9.0,4.0,14.0,21.0,123.0,,,0.602,0.545,0.371,0.337,23.8,83.7,56.0,65.1,8.7,9.5,12.0,100.0,119.1,111.3,,,11.0,16.0,0.8,4.0,8.0,1.0,8.0,10.0,1.0,3.0,11.0,14.0,6.0,4.0,1.0,6.0,6.0,31.0,24.8,21.0,1.02,1.0,0.857,0.625,10.3,32.5,22.3,26.2,5.0,5.9,24.4,27.4,206.0,118.0,SAC,123,0,1,240.0,240.0,41.0,92.0,0.446,19.0,50.0,0.38,14.0,18.0,0.778,8.0,32.0,40.0,30.0,8.0,4.0,13.0,22.0,115.0,,,0.575,0.549,0.543,0.196,16.3,76.2,44.0,73.2,7.7,7.1,11.5,100.0,111.3,119.1,,,8.0,21.0,0.8,7.0,13.0,0.538,6.0,7.0,1.0,3.0,8.0,10.0,12.0,2.0,1.0,5.0,4.0,25.0,18.9,7.0,0.814,0.8,0.889,0.8,25.8,33.5,20.8,42.7,3.4,4.5,33.3,33.6,171.0,126.0,ATL,115,1,2025,2024-11-01,True
71,240.0,240.0,41.0,92.0,0.446,19.0,50.0,0.38,14.0,18.0,0.778,8.0,32.0,40.0,30.0,8.0,4.0,13.0,22.0,115.0,,,0.575,0.549,0.543,0.196,16.3,76.2,44.0,73.2,7.7,7.1,11.5,100.0,111.3,119.1,,,8.0,21.0,0.8,7.0,13.0,0.538,6.0,7.0,1.0,3.0,8.0,10.0,12.0,2.0,1.0,5.0,4.0,25.0,18.9,7.0,0.814,0.8,0.889,0.8,25.8,33.5,20.8,42.7,3.4,4.5,33.3,33.6,171.0,126.0,ATL,115,1,0,240.0,240.0,43.0,89.0,0.483,11.0,33.0,0.333,26.0,30.0,0.867,10.0,41.0,51.0,28.0,9.0,4.0,14.0,21.0,123.0,,,0.602,0.545,0.371,0.337,23.8,83.7,56.0,65.1,8.7,9.5,12.0,100.0,119.1,111.3,,,11.0,16.0,0.8,4.0,8.0,1.0,8.0,10.0,1.0,3.0,11.0,14.0,6.0,4.0,1.0,6.0,6.0,31.0,24.8,21.0,1.02,1.0,0.857,0.625,10.3,32.5,22.3,26.2,5.0,5.9,24.4,27.4,206.0,118.0,SAC,123,0,2025,2024-11-01,False
72,240.0,240.0,38.0,88.0,0.432,17.0,44.0,0.386,19.0,24.0,0.792,10.0,34.0,44.0,24.0,5.0,3.0,16.0,15.0,112.0,,,0.568,0.528,0.5,0.273,21.3,79.1,48.9,63.2,4.9,5.2,14.0,100.0,110.7,118.6,,,10.0,17.0,0.909,5.0,9.0,0.75,5.0,5.0,1.0,3.0,8.0,11.0,8.0,2.0,1.0,4.0,4.0,28.0,32.6,4.0,1.061,1.045,1.0,1.0,9.2,32.9,19.6,37.3,2.8,6.1,25.3,28.6,218.0,125.0,CHI,112,0,1,240.0,240.0,49.0,94.0,0.521,11.0,36.0,0.306,11.0,13.0,0.846,9.0,37.0,46.0,34.0,11.0,6.0,11.0,20.0,120.0,,,0.602,0.58,0.383,0.138,20.9,78.7,51.1,69.4,10.9,13.6,9.9,100.0,118.6,110.7,,,11.0,23.0,0.833,4.0,11.0,1.0,6.0,7.0,1.0,4.0,8.0,9.0,11.0,3.0,2.0,3.0,5.0,32.0,21.3,8.0,1.0,1.0,0.636,1.0,18.2,34.8,19.6,49.8,5.4,14.4,37.5,38.3,185.0,118.0,BRK,120,1,2025,2024-11-01,False
73,240.0,240.0,49.0,94.0,0.521,11.0,36.0,0.306,11.0,13.0,0.846,9.0,37.0,46.0,34.0,11.0,6.0,11.0,20.0,120.0,,,0.602,0.58,0.383,0.138,20.9,78.7,51.1,69.4,10.9,13.6,9.9,100.0,118.6,110.7,,,11.0,23.0,0.833,4.0,11.0,1.0,6.0,7.0,1.0,4.0,8.0,9.0,11.0,3.0,2.0,3.0,5.0,32.0,21.3,8.0,1.0,1.0,0.636,1.0,18.2,34.8,19.6,49.8,5.4,14.4,37.5,38.3,185.0,118.0,BRK,120,1,0,240.0,240.0,38.0,88.0,0.432,17.0,44.0,0.386,19.0,24.0,0.792,10.0,34.0,44.0,24.0,5.0,3.0,16.0,15.0,112.0,,,0.568,0.528,0.5,0.273,21.3,79.1,48.9,63.2,4.9,5.2,14.0,100.0,110.7,118.6,,,10.0,17.0,0.909,5.0,9.0,0.75,5.0,5.0,1.0,3.0,8.0,11.0,8.0,2.0,1.0,4.0,4.0,28.0,32.6,4.0,1.061,1.045,1.0,1.0,9.2,32.9,19.6,37.3,2.8,6.1,25.3,28.6,218.0,125.0,CHI,112,0,2025,2024-11-01,True
74,240.0,240.0,41.0,86.0,0.477,13.0,42.0,0.31,29.0,35.0,0.829,11.0,30.0,41.0,21.0,12.0,5.0,10.0,13.0,124.0,,,0.611,0.552,0.488,0.407,26.8,71.4,49.4,51.2,12.4,11.6,9.0,100.0,127.9,112.4,,,9.0,19.0,1.0,3.0,10.0,0.667,11.0,13.0,1.0,4.0,10.0,11.0,5.0,5.0,2.0,5.0,4.0,32.0,25.6,20.0,1.0,1.0,1.0,1.0,19.1,32.1,17.9,21.6,8.9,9.5,25.0,35.9,190.0,125.0,BOS,124,0,1,240.0,240.0,42.0,91.0,0.462,19.0,48.0,0.396,6.0,12.0,0.5,12.0,30.0,42.0,20.0,5.0,5.0,16.0,26.0,109.0,,,0.566,0.566,0.527,0.132,28.6,73.2,50.6,47.6,5.2,11.4,14.3,100.0,112.4,127.9,,,12.0,25.0,1.0,5.0,14.0,1.0,2.0,3.0,0.667,6.0,7.0,7.0,5.0,1.0,2.0,4.0,6.0,31.0,17.2,4.0,1.333,1.333,1.0,2.0,43.4,30.8,25.6,31.6,2.7,14.0,34.7,41.6,267.0,134.0,CHO,109,1,2025,2024-11-01,True
75,240.0,240.0,42.0,91.0,0.462,19.0,48.0,0.396,6.0,12.0,0.5,12.0,30.0,42.0,20.0,5.0,5.0,16.0,26.0,109.0,,,0.566,0.566,0.527,0.132,28.6,73.2,50.6,47.6,5.2,11.4,14.3,100.0,112.4,127.9,,,12.0,25.0,1.0,5.0,14.0,1.0,2.0,3.0,0.667,6.0,7.0,7.0,5.0,1.0,2.0,4.0,6.0,31.0,17.2,4.0,1.333,1.333,1.0,2.0,43.4,30.8,25.6,31.6,2.7,14.0,34.7,41.6,267.0,134.0,CHO,109,1,0,240.0,240.0,41.0,86.0,0.477,13.0,42.0,0.31,29.0,35.0,0.829,11.0,30.0,41.0,21.0,12.0,5.0,10.0,13.0,124.0,,,0.611,0.552,0.488,0.407,26.8,71.4,49.4,51.2,12.4,11.6,9.0,100.0,127.9,112.4,,,9.0,19.0,1.0,3.0,10.0,0.667,11.0,13.0,1.0,4.0,10.0,11.0,5.0,5.0,2.0,5.0,4.0,32.0,25.6,20.0,1.0,1.0,1.0,1.0,19.1,32.1,17.9,21.6,8.9,9.5,25.0,35.9,190.0,125.0,BOS,124,0,2025,2024-11-01,False
76,240.0,240.0,41.0,90.0,0.456,11.0,33.0,0.333,16.0,24.0,0.667,7.0,32.0,39.0,26.0,10.0,4.0,14.0,17.0,109.0,,,0.542,0.517,0.367,0.267,14.3,82.1,44.3,63.4,9.7,8.2,12.2,100.0,105.9,116.6,,,10.0,20.0,1.0,3.0,7.0,1.0,7.0,8.0,1.0,2.0,7.0,8.0,7.0,3.0,1.0,4.0,3.0,28.0,25.2,7.0,1.5,1.5,1.0,0.778,11.8,29.8,14.5,79.0,5.6,23.7,20.0,33.9,273.0,126.0,ORL,109,0,1,240.0,240.0,44.0,87.0,0.506,15.0,38.0,0.395,17.0,20.0,0.85,7.0,42.0,49.0,25.0,6.0,4.0,13.0,21.0,120.0,,,0.626,0.592,0.437,0.23,17.9,85.7,55.7,56.8,5.8,7.0,11.9,100.0,116.6,105.9,,,9.0,16.0,1.0,3.0,9.0,0.667,6.0,6.0,1.0,2.0,11.0,12.0,7.0,2.0,1.0,3.0,5.0,25.0,17.8,18.0,1.064,1.0,1.0,2.0,31.0,36.2,27.5,75.9,4.4,21.2,40.0,33.7,227.0,112.0,CLE,120,1,2025,2024-11-01,False
77,240.0,240.0,44.0,87.0,0.506,15.0,38.0,0.395,17.0,20.0,0.85,7.0,42.0,49.0,25.0,6.0,4.0,13.0,21.0,120.0,,,0.626,0.592,0.437,0.23,17.9,85.7,55.7,56.8,5.8,7.0,11.9,100.0,116.6,105.9,,,9.0,16.0,1.0,3.0,9.0,0.667,6.0,6.0,1.0,2.0,11.0,12.0,7.0,2.0,1.0,3.0,5.0,25.0,17.8,18.0,1.064,1.0,1.0,2.0,31.0,36.2,27.5,75.9,4.4,21.2,40.0,33.7,227.0,112.0,CLE,120,1,0,240.0,240.0,41.0,90.0,0.456,11.0,33.0,0.333,16.0,24.0,0.667,7.0,32.0,39.0,26.0,10.0,4.0,14.0,17.0,109.0,,,0.542,0.517,0.367,0.267,14.3,82.1,44.3,63.4,9.7,8.2,12.2,100.0,105.9,116.6,,,10.0,20.0,1.0,3.0,7.0,1.0,7.0,8.0,1.0,2.0,7.0,8.0,7.0,3.0,1.0,4.0,3.0,28.0,25.2,7.0,1.5,1.5,1.0,0.778,11.8,29.8,14.5,79.0,5.6,23.7,20.0,33.9,273.0,126.0,ORL,109,0,2025,2024-11-01,True
78,240.0,240.0,52.0,101.0,0.515,18.0,38.0,0.474,6.0,10.0,0.6,12.0,33.0,45.0,31.0,16.0,3.0,10.0,14.0,128.0,,,0.607,0.604,0.376,0.099,27.3,84.6,54.2,59.6,16.0,6.4,8.7,100.0,128.1,98.0,,,14.0,22.0,1.0,6.0,8.0,0.75,2.0,4.0,1.0,3.0,8.0,11.0,7.0,4.0,1.0,3.0,3.0,36.0,28.4,31.0,1.0,1.0,0.667,0.182,20.0,35.8,23.2,32.2,9.4,6.2,100.0,34.9,210.0,108.0,NYK,128,0,1,240.0,240.0,41.0,81.0,0.506,11.0,34.0,0.324,5.0,7.0,0.714,6.0,32.0,38.0,23.0,6.0,9.0,22.0,12.0,98.0,,,0.583,0.574,0.42,0.086,15.4,72.7,45.8,56.1,6.0,14.3,20.7,100.0,98.0,128.1,,,10.0,19.0,1.0,2.0,7.0,0.5,2.0,2.0,1.0,2.0,8.0,8.0,6.0,1.0,3.0,4.0,2.0,22.0,18.0,12.0,1.0,1.0,1.0,1.0,16.4,35.7,22.1,34.5,6.4,20.4,51.0,32.9,119.0,137.0,DET,98,1,2025,2024-11-01,True
79,240.0,240.0,41.0,81.0,0.506,11.0,34.0,0.324,5.0,7.0,0.714,6.0,32.0,38.0,23.0,6.0,9.0,22.0,12.0,98.0,,,0.583,0.574,0.42,0.086,15.4,72.7,45.8,56.1,6.0,14.3,20.7,100.0,98.0,128.1,,,10.0,19.0,1.0,2.0,7.0,0.5,2.0,2.0,1.0,2.0,8.0,8.0,6.0,1.0,3.0,4.0,2.0,22.0,18.0,12.0,1.0,1.0,1.0,1.0,16.4,35.7,22.1,34.5,6.4,20.4,51.0,32.9,119.0,137.0,DET,98,1,0,240.0,240.0,52.0,101.0,0.515,18.0,38.0,0.474,6.0,10.0,0.6,12.0,33.0,45.0,31.0,16.0,3.0,10.0,14.0,128.0,,,0.607,0.604,0.376,0.099,27.3,84.6,54.2,59.6,16.0,6.4,8.7,100.0,128.1,98.0,,,14.0,22.0,1.0,6.0,8.0,0.75,2.0,4.0,1.0,3.0,8.0,11.0,7.0,4.0,1.0,3.0,3.0,36.0,28.4,31.0,1.0,1.0,0.667,0.182,20.0,35.8,23.2,32.2,9.4,6.2,100.0,34.9,210.0,108.0,NYK,128,0,2025,2024-11-01,False
80,240.0,240.0,41.0,92.0,0.446,11.0,32.0,0.344,23.0,29.0,0.793,17.0,29.0,46.0,30.0,11.0,2.0,15.0,18.0,116.0,,,0.554,0.505,0.348,0.315,36.2,78.4,54.8,73.2,11.2,4.9,12.5,100.0,117.9,120.9,,,11.0,18.0,1.0,5.0,7.0,0.714,8.0,10.0,1.0,4.0,7.0,11.0,13.0,3.0,1.0,4.0,5.0,31.0,30.1,13.0,1.0,1.0,0.667,0.75,43.3,23.9,24.2,50.2,3.9,4.6,29.1,25.5,200.0,130.0,DEN,116,0,1,240.0,240.0,43.0,83.0,0.518,18.0,42.0,0.429,15.0,18.0,0.833,8.0,30.0,38.0,34.0,8.0,9.0,17.0,22.0,119.0,,,0.654,0.627,0.506,0.217,21.6,63.8,45.2,79.1,8.1,15.0,15.8,100.0,120.9,117.9,,,11.0,23.0,0.7,7.0,14.0,0.5,5.0,5.0,1.0,4.0,10.0,14.0,7.0,3.0,3.0,3.0,5.0,29.0,20.6,27.0,0.766,0.75,1.0,0.571,28.5,28.7,22.2,29.5,6.2,10.2,100.0,29.0,147.0,129.0,MIN,119,1,2025,2024-11-01,False
81,240.0,240.0,43.0,83.0,0.518,18.0,42.0,0.429,15.0,18.0,0.833,8.0,30.0,38.0,34.0,8.0,9.0,17.0,22.0,119.0,,,0.654,0.627,0.506,0.217,21.6,63.8,45.2,79.1,8.1,15.0,15.8,100.0,120.9,117.9,,,11.0,23.0,0.7,7.0,14.0,0.5,5.0,5.0,1.0,4.0,10.0,14.0,7.0,3.0,3.0,3.0,5.0,29.0,20.6,27.0,0.766,0.75,1.0,0.571,28.5,28.7,22.2,29.5,6.2,10.2,100.0,29.0,147.0,129.0,MIN,119,1,0,240.0,240.0,41.0,92.0,0.446,11.0,32.0,0.344,23.0,29.0,0.793,17.0,29.0,46.0,30.0,11.0,2.0,15.0,18.0,116.0,,,0.554,0.505,0.348,0.315,36.2,78.4,54.8,73.2,11.2,4.9,12.5,100.0,117.9,120.9,,,11.0,18.0,1.0,5.0,7.0,0.714,8.0,10.0,1.0,4.0,7.0,11.0,13.0,3.0,1.0,4.0,5.0,31.0,30.1,13.0,1.0,1.0,0.667,0.75,43.3,23.9,24.2,50.2,3.9,4.6,29.1,25.5,200.0,130.0,DEN,116,0,2025,2024-11-01,True
82,240.0,240.0,46.0,89.0,0.517,16.0,38.0,0.421,10.0,13.0,0.769,6.0,33.0,39.0,35.0,3.0,3.0,14.0,21.0,118.0,,,0.623,0.607,0.427,0.146,16.2,68.8,45.9,76.1,3.0,4.3,12.9,100.0,118.0,125.0,,,7.0,15.0,1.0,6.0,11.0,1.0,6.0,6.0,1.0,2.0,8.0,8.0,11.0,1.0,1.0,4.0,6.0,20.0,15.6,7.0,1.2,1.2,0.917,0.75,9.6,51.3,29.0,56.6,3.6,4.4,25.0,26.3,166.0,131.0,IND,118,0,1,240.0,240.0,49.0,101.0,0.485,12.0,31.0,0.387,15.0,19.0,0.789,15.0,31.0,46.0,28.0,8.0,4.0,8.0,15.0,125.0,,,0.572,0.545,0.307,0.188,31.3,83.8,54.1,57.1,8.0,7.8,6.8,100.0,125.0,118.0,,,14.0,25.0,0.75,3.0,8.0,1.0,7.0,8.0,1.0,6.0,5.0,10.0,10.0,2.0,2.0,3.0,4.0,34.0,31.4,17.0,0.875,0.875,0.5,0.471,34.9,29.4,21.6,42.2,4.2,5.3,20.0,32.8,174.0,125.0,NOP,125,1,2025,2024-11-01,False
83,240.0,240.0,49.0,101.0,0.485,12.0,31.0,0.387,15.0,19.0,0.789,15.0,31.0,46.0,28.0,8.0,4.0,8.0,15.0,125.0,,,0.572,0.545,0.307,0.188,31.3,83.8,54.1,57.1,8.0,7.8,6.8,100.0,125.0,118.0,,,14.0,25.0,0.75,3.0,8.0,1.0,7.0,8.0,1.0,6.0,5.0,10.0,10.0,2.0,2.0,3.0,4.0,34.0,31.4,17.0,0.875,0.875,0.5,0.471,34.9,29.4,21.6,42.2,4.2,5.3,20.0,32.8,174.0,125.0,NOP,125,1,0,240.0,240.0,46.0,89.0,0.517,16.0,38.0,0.421,10.0,13.0,0.769,6.0,33.0,39.0,35.0,3.0,3.0,14.0,21.0,118.0,,,0.623,0.607,0.427,0.146,16.2,68.8,45.9,76.1,3.0,4.3,12.9,100.0,118.0,125.0,,,7.0,15.0,1.0,6.0,11.0,1.0,6.0,6.0,1.0,2.0,8.0,8.0,11.0,1.0,1.0,4.0,6.0,20.0,15.6,7.0,1.2,1.2,0.917,0.75,9.6,51.3,29.0,56.6,3.6,4.4,25.0,26.3,166.0,131.0,IND,118,0,2025,2024-11-01,True
84,240.0,240.0,51.0,95.0,0.537,19.0,49.0,0.388,16.0,19.0,0.842,14.0,31.0,45.0,31.0,14.0,9.0,13.0,29.0,137.0,,,0.663,0.637,0.516,0.2,35.9,73.8,55.6,60.8,13.9,18.8,11.2,100.0,136.5,113.6,,,12.0,18.0,0.714,4.0,8.0,0.667,5.0,6.0,1.0,4.0,6.0,8.0,6.0,4.0,5.0,3.0,4.0,30.0,26.1,25.0,0.929,0.929,0.889,2.0,35.3,24.2,20.7,33.0,7.5,27.2,29.6,34.4,172.0,125.0,OKC,137,0,1,240.0,240.0,39.0,83.0,0.47,15.0,35.0,0.429,21.0,31.0,0.677,11.0,25.0,36.0,27.0,8.0,5.0,19.0,17.0,114.0,,,0.59,0.56,0.422,0.373,26.2,64.1,44.4,69.2,8.0,10.9,16.4,100.0,113.6,136.5,,,7.0,11.0,1.0,4.0,7.0,0.6,6.0,7.0,1.0,3.0,4.0,7.0,6.0,2.0,1.0,6.0,3.0,17.0,12.8,5.0,0.905,1.0,1.0,2.333,27.4,39.3,33.1,66.4,4.4,11.3,36.5,36.3,145.0,146.0,POR,114,1,2025,2024-11-01,True
85,240.0,240.0,39.0,83.0,0.47,15.0,35.0,0.429,21.0,31.0,0.677,11.0,25.0,36.0,27.0,8.0,5.0,19.0,17.0,114.0,,,0.59,0.56,0.422,0.373,26.2,64.1,44.4,69.2,8.0,10.9,16.4,100.0,113.6,136.5,,,7.0,11.0,1.0,4.0,7.0,0.6,6.0,7.0,1.0,3.0,4.0,7.0,6.0,2.0,1.0,6.0,3.0,17.0,12.8,5.0,0.905,1.0,1.0,2.333,27.4,39.3,33.1,66.4,4.4,11.3,36.5,36.3,145.0,146.0,POR,114,1,0,240.0,240.0,51.0,95.0,0.537,19.0,49.0,0.388,16.0,19.0,0.842,14.0,31.0,45.0,31.0,14.0,9.0,13.0,29.0,137.0,,,0.663,0.637,0.516,0.2,35.9,73.8,55.6,60.8,13.9,18.8,11.2,100.0,136.5,113.6,,,12.0,18.0,0.714,4.0,8.0,0.667,5.0,6.0,1.0,4.0,6.0,8.0,6.0,4.0,5.0,3.0,4.0,30.0,26.1,25.0,0.929,0.929,0.889,2.0,35.3,24.2,20.7,33.0,7.5,27.2,29.6,34.4,172.0,125.0,OKC,137,0,2025,2024-11-01,False
86,240.0,240.0,42.0,88.0,0.477,11.0,32.0,0.344,36.0,41.0,0.878,9.0,34.0,43.0,29.0,6.0,5.0,10.0,17.0,131.0,,,0.618,0.54,0.364,0.466,23.7,69.4,49.4,69.0,5.8,6.9,8.6,100.0,126.0,120.2,,,14.0,20.0,1.0,5.0,8.0,0.625,12.0,14.0,1.0,3.0,10.0,11.0,10.0,3.0,2.0,3.0,4.0,38.0,35.7,14.0,1.094,1.0,0.667,5.0,25.2,27.4,22.0,44.0,3.9,8.9,38.5,32.2,227.0,128.0,LAL,131,0,1,240.0,240.0,52.0,107.0,0.486,10.0,35.0,0.286,11.0,13.0,0.846,15.0,29.0,44.0,35.0,4.0,6.0,11.0,29.0,125.0,,,0.554,0.533,0.327,0.121,30.6,76.3,50.6,67.3,3.8,10.7,8.9,100.0,120.2,126.0,,,14.0,26.0,0.643,5.0,11.0,0.6,3.0,4.0,1.0,6.0,6.0,12.0,12.0,2.0,3.0,4.0,5.0,33.0,28.3,7.0,0.721,0.705,0.667,0.667,18.7,23.1,18.9,58.7,4.4,7.3,25.0,33.2,137.0,133.0,TOR,125,1,2025,2024-11-01,True
87,240.0,240.0,52.0,107.0,0.486,10.0,35.0,0.286,11.0,13.0,0.846,15.0,29.0,44.0,35.0,4.0,6.0,11.0,29.0,125.0,,,0.554,0.533,0.327,0.121,30.6,76.3,50.6,67.3,3.8,10.7,8.9,100.0,120.2,126.0,,,14.0,26.0,0.643,5.0,11.0,0.6,3.0,4.0,1.0,6.0,6.0,12.0,12.0,2.0,3.0,4.0,5.0,33.0,28.3,7.0,0.721,0.705,0.667,0.667,18.7,23.1,18.9,58.7,4.4,7.3,25.0,33.2,137.0,133.0,TOR,125,1,0,240.0,240.0,42.0,88.0,0.477,11.0,32.0,0.344,36.0,41.0,0.878,9.0,34.0,43.0,29.0,6.0,5.0,10.0,17.0,131.0,,,0.618,0.54,0.364,0.466,23.7,69.4,49.4,69.0,5.8,6.9,8.6,100.0,126.0,120.2,,,14.0,20.0,1.0,5.0,8.0,0.625,12.0,14.0,1.0,3.0,10.0,11.0,10.0,3.0,2.0,3.0,4.0,38.0,35.7,14.0,1.094,1.0,0.667,5.0,25.2,27.4,22.0,44.0,3.9,8.9,38.5,32.2,227.0,128.0,LAL,131,0,2025,2024-11-01,False
88,240.0,240.0,36.0,82.0,0.439,16.0,52.0,0.308,25.0,28.0,0.893,8.0,36.0,44.0,23.0,4.0,4.0,15.0,17.0,113.0,,,0.599,0.537,0.634,0.341,22.9,83.7,56.4,63.9,4.1,8.2,13.7,100.0,115.5,105.3,,,8.0,17.0,1.0,6.0,13.0,0.5,14.0,17.0,1.0,3.0,7.0,8.0,6.0,1.0,2.0,5.0,3.0,29.0,20.5,11.0,1.046,1.0,1.0,1.167,20.9,38.1,21.9,27.9,3.7,6.6,20.0,35.8,177.0,111.0,BOS,113,0,1,240.0,240.0,40.0,91.0,0.44,17.0,42.0,0.405,6.0,9.0,0.667,7.0,27.0,34.0,24.0,10.0,1.0,13.0,25.0,103.0,,,0.542,0.533,0.462,0.099,16.3,77.1,43.6,60.0,10.2,3.3,12.0,100.0,105.3,115.5,,,15.0,26.0,0.667,6.0,12.0,0.8,2.0,2.0,1.0,4.0,8.0,8.0,6.0,3.0,1.0,6.0,6.0,36.0,24.6,-1.0,1.0,1.0,0.833,0.333,100.0,35.1,59.6,37.6,4.6,5.1,53.2,43.0,178.0,126.0,CHO,103,1,2025,2024-11-02,True
89,240.0,240.0,40.0,91.0,0.44,17.0,42.0,0.405,6.0,9.0,0.667,7.0,27.0,34.0,24.0,10.0,1.0,13.0,25.0,103.0,,,0.542,0.533,0.462,0.099,16.3,77.1,43.6,60.0,10.2,3.3,12.0,100.0,105.3,115.5,,,15.0,26.0,0.667,6.0,12.0,0.8,2.0,2.0,1.0,4.0,8.0,8.0,6.0,3.0,1.0,6.0,6.0,36.0,24.6,-1.0,1.0,1.0,0.833,0.333,100.0,35.1,59.6,37.6,4.6,5.1,53.2,43.0,178.0,126.0,CHO,103,1,0,240.0,240.0,36.0,82.0,0.439,16.0,52.0,0.308,25.0,28.0,0.893,8.0,36.0,44.0,23.0,4.0,4.0,15.0,17.0,113.0,,,0.599,0.537,0.634,0.341,22.9,83.7,56.4,63.9,4.1,8.2,13.7,100.0,115.5,105.3,,,8.0,17.0,1.0,6.0,13.0,0.5,14.0,17.0,1.0,3.0,7.0,8.0,6.0,1.0,2.0,5.0,3.0,29.0,20.5,11.0,1.046,1.0,1.0,1.167,20.9,38.1,21.9,27.9,3.7,6.6,20.0,35.8,177.0,111.0,BOS,113,0,2025,2024-11-02,False
90,240.0,240.0,32.0,77.0,0.416,13.0,42.0,0.31,26.0,31.0,0.839,8.0,31.0,39.0,24.0,7.0,8.0,24.0,22.0,103.0,,,0.568,0.5,0.545,0.403,19.5,62.0,42.9,75.0,6.7,11.9,20.9,100.0,98.3,123.2,,,6.0,14.0,0.833,4.0,11.0,1.0,8.0,12.0,1.0,4.0,10.0,14.0,8.0,2.0,5.0,4.0,4.0,18.0,19.9,5.0,0.798,0.833,1.0,2.0,16.0,32.7,25.2,52.5,3.4,12.2,40.0,25.8,141.0,133.0,UTA,103,0,1,240.0,240.0,48.0,99.0,0.485,16.0,32.0,0.5,17.0,23.0,0.739,19.0,33.0,52.0,33.0,14.0,1.0,18.0,25.0,129.0,,,0.591,0.566,0.323,0.232,38.0,80.5,57.1,68.8,13.4,2.9,14.2,100.0,123.2,98.3,,,10.0,18.0,1.0,4.0,6.0,0.75,4.0,4.0,1.0,6.0,11.0,16.0,9.0,5.0,1.0,5.0,5.0,27.0,27.1,31.0,1.0,1.0,0.545,0.6,40.7,54.0,33.5,88.2,21.2,33.2,33.7,31.7,205.0,109.0,DEN,129,1,2025,2024-11-02,False
91,240.0,240.0,48.0,99.0,0.485,16.0,32.0,0.5,17.0,23.0,0.739,19.0,33.0,52.0,33.0,14.0,1.0,18.0,25.0,129.0,,,0.591,0.566,0.323,0.232,38.0,80.5,57.1,68.8,13.4,2.9,14.2,100.0,123.2,98.3,,,10.0,18.0,1.0,4.0,6.0,0.75,4.0,4.0,1.0,6.0,11.0,16.0,9.0,5.0,1.0,5.0,5.0,27.0,27.1,31.0,1.0,1.0,0.545,0.6,40.7,54.0,33.5,88.2,21.2,33.2,33.7,31.7,205.0,109.0,DEN,129,1,0,240.0,240.0,32.0,77.0,0.416,13.0,42.0,0.31,26.0,31.0,0.839,8.0,31.0,39.0,24.0,7.0,8.0,24.0,22.0,103.0,,,0.568,0.5,0.545,0.403,19.5,62.0,42.9,75.0,6.7,11.9,20.9,100.0,98.3,123.2,,,6.0,14.0,0.833,4.0,11.0,1.0,8.0,12.0,1.0,4.0,10.0,14.0,8.0,2.0,5.0,4.0,4.0,18.0,19.9,5.0,0.798,0.833,1.0,2.0,16.0,32.7,25.2,52.5,3.4,12.2,40.0,25.8,141.0,133.0,UTA,103,0,2025,2024-11-02,True
92,265.0,265.0,40.0,78.0,0.513,15.0,32.0,0.469,32.0,50.0,0.64,9.0,38.0,47.0,26.0,5.0,4.0,14.0,22.0,127.0,,,0.635,0.609,0.41,0.641,22.5,67.9,49.0,65.0,4.8,6.5,12.3,100.0,121.7,115.9,,,9.0,14.0,1.0,6.0,10.0,1.0,7.0,10.0,0.75,4.0,7.0,11.0,6.0,1.0,1.0,4.0,6.0,27.0,22.2,18.0,1.071,1.5,1.0,2.667,14.9,23.1,18.8,46.1,4.8,4.2,19.6,35.9,212.0,126.0,GSW,127,0,1,265.0,265.0,44.0,107.0,0.411,15.0,45.0,0.333,18.0,24.0,0.75,18.0,31.0,49.0,27.0,10.0,6.0,11.0,32.0,121.0,,,0.515,0.481,0.421,0.224,32.1,77.5,51.0,61.4,9.6,13.0,8.6,100.0,115.9,121.7,,,11.0,19.0,1.0,5.0,13.0,1.0,6.0,6.0,1.0,6.0,8.0,11.0,5.0,4.0,3.0,3.0,6.0,27.0,24.2,19.0,1.5,1.5,1.0,0.6,19.2,45.0,26.8,48.0,5.7,9.8,50.0,41.9,234.0,130.0,HOU,121,1,2025,2024-11-02,True
93,265.0,265.0,44.0,107.0,0.411,15.0,45.0,0.333,18.0,24.0,0.75,18.0,31.0,49.0,27.0,10.0,6.0,11.0,32.0,121.0,,,0.515,0.481,0.421,0.224,32.1,77.5,51.0,61.4,9.6,13.0,8.6,100.0,115.9,121.7,,,11.0,19.0,1.0,5.0,13.0,1.0,6.0,6.0,1.0,6.0,8.0,11.0,5.0,4.0,3.0,3.0,6.0,27.0,24.2,19.0,1.5,1.5,1.0,0.6,19.2,45.0,26.8,48.0,5.7,9.8,50.0,41.9,234.0,130.0,HOU,121,1,0,265.0,265.0,40.0,78.0,0.513,15.0,32.0,0.469,32.0,50.0,0.64,9.0,38.0,47.0,26.0,5.0,4.0,14.0,22.0,127.0,,,0.635,0.609,0.41,0.641,22.5,67.9,49.0,65.0,4.8,6.5,12.3,100.0,121.7,115.9,,,9.0,14.0,1.0,6.0,10.0,1.0,7.0,10.0,0.75,4.0,7.0,11.0,6.0,1.0,1.0,4.0,6.0,27.0,22.2,18.0,1.071,1.5,1.0,2.667,14.9,23.1,18.8,46.1,4.8,4.2,19.6,35.9,212.0,126.0,GSW,127,0,2025,2024-11-02,False
94,240.0,240.0,36.0,84.0,0.429,16.0,39.0,0.41,17.0,19.0,0.895,3.0,38.0,41.0,25.0,11.0,3.0,12.0,22.0,105.0,,,0.568,0.524,0.464,0.226,7.0,79.2,45.1,69.4,10.9,6.8,11.5,100.0,104.5,91.6,,,7.0,16.0,1.0,4.0,8.0,1.0,9.0,9.0,1.0,1.0,13.0,14.0,9.0,3.0,1.0,4.0,4.0,25.0,22.1,21.0,1.5,1.5,1.0,0.643,5.0,44.3,25.2,54.5,11.8,4.4,100.0,30.8,300.0,102.0,OKC,105,0,1,240.0,240.0,32.0,79.0,0.405,11.0,35.0,0.314,17.0,26.0,0.654,10.0,40.0,50.0,23.0,10.0,7.0,22.0,17.0,92.0,,,0.509,0.475,0.443,0.329,20.8,93.0,54.9,71.9,10.0,15.6,19.6,100.0,91.6,104.5,,,9.0,14.0,1.0,3.0,9.0,1.0,6.0,6.0,1.0,3.0,13.0,13.0,7.0,3.0,3.0,4.0,4.0,24.0,17.4,7.0,1.0,1.0,0.8,1.0,20.3,44.7,22.3,44.1,4.7,25.3,58.1,30.4,234.0,114.0,LAC,92,1,2025,2024-11-02,True
95,240.0,240.0,32.0,79.0,0.405,11.0,35.0,0.314,17.0,26.0,0.654,10.0,40.0,50.0,23.0,10.0,7.0,22.0,17.0,92.0,,,0.509,0.475,0.443,0.329,20.8,93.0,54.9,71.9,10.0,15.6,19.6,100.0,91.6,104.5,,,9.0,14.0,1.0,3.0,9.0,1.0,6.0,6.0,1.0,3.0,13.0,13.0,7.0,3.0,3.0,4.0,4.0,24.0,17.4,7.0,1.0,1.0,0.8,1.0,20.3,44.7,22.3,44.1,4.7,25.3,58.1,30.4,234.0,114.0,LAC,92,1,0,240.0,240.0,36.0,84.0,0.429,16.0,39.0,0.41,17.0,19.0,0.895,3.0,38.0,41.0,25.0,11.0,3.0,12.0,22.0,105.0,,,0.568,0.524,0.464,0.226,7.0,79.2,45.1,69.4,10.9,6.8,11.5,100.0,104.5,91.6,,,7.0,16.0,1.0,4.0,8.0,1.0,9.0,9.0,1.0,1.0,13.0,14.0,9.0,3.0,1.0,4.0,4.0,25.0,22.1,21.0,1.5,1.5,1.0,0.643,5.0,44.3,25.2,54.5,11.8,4.4,100.0,30.8,300.0,102.0,OKC,105,0,2025,2024-11-02,False
96,240.0,240.0,44.0,91.0,0.484,15.0,38.0,0.395,11.0,15.0,0.733,10.0,35.0,45.0,31.0,3.0,2.0,7.0,20.0,114.0,,,0.584,0.566,0.418,0.165,22.2,77.8,50.0,70.5,3.2,4.0,6.7,100.0,120.1,119.0,,,11.0,25.0,0.8,5.0,9.0,0.75,4.0,6.0,1.0,2.0,10.0,12.0,10.0,1.0,1.0,2.0,5.0,30.0,20.0,12.0,1.105,1.1,0.9,0.6,7.6,32.9,19.7,42.6,2.2,4.6,25.4,36.9,234.0,124.0,CLE,114,0,1,240.0,240.0,43.0,89.0,0.483,18.0,39.0,0.462,9.0,15.0,0.6,10.0,35.0,45.0,24.0,3.0,3.0,13.0,23.0,113.0,,,0.591,0.584,0.438,0.169,22.2,77.8,50.0,55.8,3.2,5.7,12.0,100.0,119.0,120.1,,,15.0,27.0,0.857,10.0,15.0,0.8,5.0,8.0,0.625,6.0,10.0,16.0,9.0,1.0,2.0,3.0,5.0,41.0,33.8,10.0,1.143,1.143,1.0,0.333,16.5,37.0,22.0,45.4,1.6,5.2,50.0,34.2,242.0,125.0,MIL,113,1,2025,2024-11-02,True
97,240.0,240.0,43.0,89.0,0.483,18.0,39.0,0.462,9.0,15.0,0.6,10.0,35.0,45.0,24.0,3.0,3.0,13.0,23.0,113.0,,,0.591,0.584,0.438,0.169,22.2,77.8,50.0,55.8,3.2,5.7,12.0,100.0,119.0,120.1,,,15.0,27.0,0.857,10.0,15.0,0.8,5.0,8.0,0.625,6.0,10.0,16.0,9.0,1.0,2.0,3.0,5.0,41.0,33.8,10.0,1.143,1.143,1.0,0.333,16.5,37.0,22.0,45.4,1.6,5.2,50.0,34.2,242.0,125.0,MIL,113,1,0,240.0,240.0,44.0,91.0,0.484,15.0,38.0,0.395,11.0,15.0,0.733,10.0,35.0,45.0,31.0,3.0,2.0,7.0,20.0,114.0,,,0.584,0.566,0.418,0.165,22.2,77.8,50.0,70.5,3.2,4.0,6.7,100.0,120.1,119.0,,,11.0,25.0,0.8,5.0,9.0,0.75,4.0,6.0,1.0,2.0,10.0,12.0,10.0,1.0,1.0,2.0,5.0,30.0,20.0,12.0,1.105,1.1,0.9,0.6,7.6,32.9,19.7,42.6,2.2,4.6,25.4,36.9,234.0,124.0,CLE,114,0,2025,2024-11-02,False
98,240.0,240.0,48.0,87.0,0.552,12.0,27.0,0.444,16.0,21.0,0.762,11.0,41.0,52.0,35.0,9.0,6.0,17.0,22.0,124.0,,,0.644,0.621,0.31,0.241,30.6,83.7,61.2,72.9,8.9,14.0,15.0,100.0,123.1,106.3,,,11.0,16.0,0.7,5.0,7.0,0.714,6.0,8.0,1.0,5.0,12.0,13.0,13.0,3.0,2.0,6.0,5.0,27.0,25.6,21.0,0.958,0.95,0.8,0.615,30.3,33.8,25.7,51.9,4.6,8.6,37.5,31.2,182.0,117.0,MEM,124,0,1,240.0,240.0,36.0,89.0,0.404,19.0,46.0,0.413,16.0,20.0,0.8,8.0,25.0,33.0,22.0,11.0,5.0,14.0,19.0,107.0,,,0.547,0.511,0.517,0.225,16.3,69.4,38.8,61.1,10.9,8.3,12.5,100.0,106.3,123.1,,,8.0,19.0,1.0,4.0,10.0,0.75,7.0,10.0,1.0,2.0,7.0,9.0,6.0,3.0,3.0,4.0,5.0,23.0,16.9,3.0,1.025,1.125,1.0,1.429,67.6,31.9,38.9,54.9,4.6,11.8,50.0,59.2,253.0,133.0,PHI,107,1,2025,2024-11-02,True
99,240.0,240.0,36.0,89.0,0.404,19.0,46.0,0.413,16.0,20.0,0.8,8.0,25.0,33.0,22.0,11.0,5.0,14.0,19.0,107.0,,,0.547,0.511,0.517,0.225,16.3,69.4,38.8,61.1,10.9,8.3,12.5,100.0,106.3,123.1,,,8.0,19.0,1.0,4.0,10.0,0.75,7.0,10.0,1.0,2.0,7.0,9.0,6.0,3.0,3.0,4.0,5.0,23.0,16.9,3.0,1.025,1.125,1.0,1.429,67.6,31.9,38.9,54.9,4.6,11.8,50.0,59.2,253.0,133.0,PHI,107,1,0,240.0,240.0,48.0,87.0,0.552,12.0,27.0,0.444,16.0,21.0,0.762,11.0,41.0,52.0,35.0,9.0,6.0,17.0,22.0,124.0,,,0.644,0.621,0.31,0.241,30.6,83.7,61.2,72.9,8.9,14.0,15.0,100.0,123.1,106.3,,,11.0,16.0,0.7,5.0,7.0,0.714,6.0,8.0,1.0,5.0,12.0,13.0,13.0,3.0,2.0,6.0,5.0,27.0,25.6,21.0,0.958,0.95,0.8,0.615,30.3,33.8,25.7,51.9,4.6,8.6,37.5,31.2,182.0,117.0,MEM,124,0,2025,2024-11-02,False
100,240.0,240.0,37.0,111.0,0.333,14.0,43.0,0.326,9.0,11.0,0.818,14.0,42.0,56.0,17.0,10.0,5.0,6.0,18.0,97.0,,,0.419,0.396,0.387,0.099,21.9,76.4,47.1,45.9,9.7,12.2,4.9,100.0,94.5,100.4,,,8.0,25.0,0.714,4.0,13.0,0.5,3.0,3.0,1.0,5.0,12.0,13.0,6.0,2.0,2.0,1.0,2.0,20.0,12.9,18.0,0.857,0.857,0.571,0.667,10.9,34.4,17.2,49.9,8.0,10.0,20.5,27.8,149.0,109.0,POR,97,0,1,240.0,240.0,35.0,93.0,0.376,17.0,52.0,0.327,16.0,22.0,0.727,13.0,50.0,63.0,29.0,4.0,8.0,14.0,10.0,103.0,,,0.502,0.468,0.559,0.237,23.6,78.1,52.9,82.9,3.9,11.8,12.0,100.0,100.4,94.5,,,9.0,23.0,0.583,4.0,10.0,0.571,8.0,9.0,1.0,3.0,13.0,15.0,9.0,1.0,3.0,3.0,3.0,28.0,23.9,15.0,0.75,0.75,1.0,1.0,7.3,40.6,25.2,52.1,3.4,11.4,25.8,31.9,142.0,101.0,PHO,103,1,2025,2024-11-02,False
101,240.0,240.0,35.0,93.0,0.376,17.0,52.0,0.327,16.0,22.0,0.727,13.0,50.0,63.0,29.0,4.0,8.0,14.0,10.0,103.0,,,0.502,0.468,0.559,0.237,23.6,78.1,52.9,82.9,3.9,11.8,12.0,100.0,100.4,94.5,,,9.0,23.0,0.583,4.0,10.0,0.571,8.0,9.0,1.0,3.0,13.0,15.0,9.0,1.0,3.0,3.0,3.0,28.0,23.9,15.0,0.75,0.75,1.0,1.0,7.3,40.6,25.2,52.1,3.4,11.4,25.8,31.9,142.0,101.0,PHO,103,1,0,240.0,240.0,37.0,111.0,0.333,14.0,43.0,0.326,9.0,11.0,0.818,14.0,42.0,56.0,17.0,10.0,5.0,6.0,18.0,97.0,,,0.419,0.396,0.387,0.099,21.9,76.4,47.1,45.9,9.7,12.2,4.9,100.0,94.5,100.4,,,8.0,25.0,0.714,4.0,13.0,0.5,3.0,3.0,1.0,5.0,12.0,13.0,6.0,2.0,2.0,1.0,2.0,20.0,12.9,18.0,0.857,0.857,0.571,0.667,10.9,34.4,17.2,49.9,8.0,10.0,20.5,27.8,149.0,109.0,POR,97,0,2025,2024-11-02,True
102,240.0,240.0,39.0,82.0,0.476,11.0,37.0,0.297,14.0,20.0,0.7,6.0,26.0,32.0,21.0,7.0,2.0,13.0,16.0,103.0,,,0.567,0.543,0.451,0.244,14.0,78.8,42.1,53.8,7.4,4.9,12.5,100.0,108.2,118.8,,,8.0,17.0,1.0,3.0,7.0,1.0,5.0,6.0,1.0,1.0,5.0,5.0,6.0,3.0,1.0,3.0,3.0,21.0,13.4,7.0,1.064,1.5,1.0,2.0,5.3,46.4,20.2,78.6,7.2,4.9,33.3,32.0,177.0,126.0,MIN,103,0,1,240.0,240.0,43.0,83.0,0.518,13.0,42.0,0.31,14.0,17.0,0.824,7.0,37.0,44.0,32.0,6.0,5.0,13.0,16.0,113.0,,,0.624,0.596,0.506,0.205,21.2,86.0,57.9,74.4,6.3,11.1,12.6,100.0,118.8,108.2,,,10.0,17.0,0.7,3.0,8.0,0.5,4.0,5.0,1.0,2.0,9.0,10.0,13.0,2.0,2.0,3.0,4.0,25.0,21.9,13.0,0.902,0.833,0.778,0.667,9.9,84.8,48.0,53.9,4.0,8.4,34.0,35.2,166.0,115.0,SAS,113,1,2025,2024-11-02,False
103,240.0,240.0,43.0,83.0,0.518,13.0,42.0,0.31,14.0,17.0,0.824,7.0,37.0,44.0,32.0,6.0,5.0,13.0,16.0,113.0,,,0.624,0.596,0.506,0.205,21.2,86.0,57.9,74.4,6.3,11.1,12.6,100.0,118.8,108.2,,,10.0,17.0,0.7,3.0,8.0,0.5,4.0,5.0,1.0,2.0,9.0,10.0,13.0,2.0,2.0,3.0,4.0,25.0,21.9,13.0,0.902,0.833,0.778,0.667,9.9,84.8,48.0,53.9,4.0,8.4,34.0,35.2,166.0,115.0,SAS,113,1,0,240.0,240.0,39.0,82.0,0.476,11.0,37.0,0.297,14.0,20.0,0.7,6.0,26.0,32.0,21.0,7.0,2.0,13.0,16.0,103.0,,,0.567,0.543,0.451,0.244,14.0,78.8,42.1,53.8,7.4,4.9,12.5,100.0,108.2,118.8,,,8.0,17.0,1.0,3.0,7.0,1.0,5.0,6.0,1.0,1.0,5.0,5.0,6.0,3.0,1.0,3.0,3.0,21.0,13.4,7.0,1.064,1.5,1.0,2.0,5.3,46.4,20.2,78.6,7.2,4.9,33.3,32.0,177.0,126.0,MIN,103,0,2025,2024-11-02,True
104,265.0,265.0,46.0,100.0,0.46,10.0,40.0,0.25,26.0,32.0,0.813,15.0,34.0,49.0,21.0,16.0,3.0,18.0,22.0,128.0,,,0.561,0.51,0.4,0.32,30.6,73.9,51.6,45.7,14.2,5.2,13.6,100.0,113.4,116.0,,,12.0,27.0,0.563,3.0,11.0,0.5,8.0,10.0,1.0,7.0,13.0,20.0,10.0,5.0,2.0,6.0,6.0,33.0,23.4,12.0,0.694,0.75,1.0,1.0,17.7,35.0,26.1,31.1,18.1,6.9,100.0,33.8,146.0,125.0,SAC,128,0,1,265.0,265.0,46.0,95.0,0.484,17.0,37.0,0.459,22.0,31.0,0.71,12.0,34.0,46.0,31.0,13.0,3.0,19.0,25.0,131.0,,,0.603,0.574,0.389,0.326,26.1,69.4,48.4,67.4,11.5,5.0,14.9,100.0,116.0,113.4,,,10.0,26.0,0.75,4.0,9.0,0.8,8.0,11.0,1.0,5.0,7.0,9.0,7.0,5.0,1.0,5.0,6.0,31.0,21.9,17.0,0.917,0.917,1.0,2.0,35.5,21.7,20.6,49.1,6.3,5.4,45.5,34.2,166.0,124.0,TOR,131,1,2025,2024-11-02,False
105,265.0,265.0,46.0,95.0,0.484,17.0,37.0,0.459,22.0,31.0,0.71,12.0,34.0,46.0,31.0,13.0,3.0,19.0,25.0,131.0,,,0.603,0.574,0.389,0.326,26.1,69.4,48.4,67.4,11.5,5.0,14.9,100.0,116.0,113.4,,,10.0,26.0,0.75,4.0,9.0,0.8,8.0,11.0,1.0,5.0,7.0,9.0,7.0,5.0,1.0,5.0,6.0,31.0,21.9,17.0,0.917,0.917,1.0,2.0,35.5,21.7,20.6,49.1,6.3,5.4,45.5,34.2,166.0,124.0,TOR,131,1,0,265.0,265.0,46.0,100.0,0.46,10.0,40.0,0.25,26.0,32.0,0.813,15.0,34.0,49.0,21.0,16.0,3.0,18.0,22.0,128.0,,,0.561,0.51,0.4,0.32,30.6,73.9,51.6,45.7,14.2,5.2,13.6,100.0,113.4,116.0,,,12.0,27.0,0.563,3.0,11.0,0.5,8.0,10.0,1.0,7.0,13.0,20.0,10.0,5.0,2.0,6.0,6.0,33.0,23.4,12.0,0.694,0.75,1.0,1.0,17.7,35.0,26.1,31.1,18.1,6.9,100.0,33.8,146.0,125.0,SAC,128,0,2025,2024-11-02,True
106,240.0,240.0,43.0,102.0,0.422,15.0,37.0,0.405,17.0,24.0,0.708,21.0,44.0,65.0,19.0,6.0,3.0,14.0,18.0,118.0,,,0.524,0.495,0.363,0.235,36.8,84.6,59.6,44.2,5.9,5.4,11.1,100.0,115.1,95.6,,,12.0,24.0,1.0,5.0,7.0,0.714,6.0,8.0,1.0,6.0,9.0,14.0,4.0,3.0,2.0,4.0,6.0,32.0,26.7,29.0,1.0,1.0,0.875,0.667,18.4,75.9,36.2,21.7,6.1,12.5,50.0,46.8,178.0,102.0,MIA,118,0,1,240.0,240.0,38.0,91.0,0.418,7.0,35.0,0.2,15.0,21.0,0.714,8.0,36.0,44.0,23.0,12.0,10.0,12.0,22.0,98.0,,,0.489,0.456,0.385,0.231,15.4,63.2,40.4,60.5,11.7,15.4,10.7,100.0,95.6,115.1,,,8.0,18.0,0.8,2.0,8.0,1.0,4.0,6.0,1.0,3.0,7.0,8.0,8.0,4.0,4.0,4.0,4.0,22.0,19.4,3.0,1.0,1.0,1.0,0.667,11.5,28.6,19.2,59.3,14.3,10.9,20.5,39.3,161.0,129.0,WAS,98,1,2025,2024-11-02,True
107,240.0,240.0,38.0,91.0,0.418,7.0,35.0,0.2,15.0,21.0,0.714,8.0,36.0,44.0,23.0,12.0,10.0,12.0,22.0,98.0,,,0.489,0.456,0.385,0.231,15.4,63.2,40.4,60.5,11.7,15.4,10.7,100.0,95.6,115.1,,,8.0,18.0,0.8,2.0,8.0,1.0,4.0,6.0,1.0,3.0,7.0,8.0,8.0,4.0,4.0,4.0,4.0,22.0,19.4,3.0,1.0,1.0,1.0,0.667,11.5,28.6,19.2,59.3,14.3,10.9,20.5,39.3,161.0,129.0,WAS,98,1,0,240.0,240.0,43.0,102.0,0.422,15.0,37.0,0.405,17.0,24.0,0.708,21.0,44.0,65.0,19.0,6.0,3.0,14.0,18.0,118.0,,,0.524,0.495,0.363,0.235,36.8,84.6,59.6,44.2,5.9,5.4,11.1,100.0,115.1,95.6,,,12.0,24.0,1.0,5.0,7.0,0.714,6.0,8.0,1.0,6.0,9.0,14.0,4.0,3.0,2.0,4.0,6.0,32.0,26.7,29.0,1.0,1.0,0.875,0.667,18.4,75.9,36.2,21.7,6.1,12.5,50.0,46.8,178.0,102.0,MIA,118,0,2025,2024-11-02,False
