Team,p1,p2,p3,p4,p5,p6,p7,p8,p9,p10,p11,p12,p13,p14,p15,p16,p17,p18,p19,p20,p21,p22,p23,p24,p25
2TM,De'Aaron Fox,Zach LaVine,Anthony Davis,Andrew Wiggins,Max Christie,Quentin Grimes,Davion Mitchell,D'Angelo Russell,Georges Niang,De'Andre Hunter,Jonas Valančiūnas,Jake LaRavia,Kyle Kuzma,Dorian Finney-Smith,Caris LeVert,Kevin Huerter,Kevin Porter Jr.,Jimmy Butler,Ben Simmons,Luka Dončić,Terance Mann,Nick Richards,Shake Milton,Lindy Waters III,Bogdan Bogdanović
3TM,Dennis Schröder,,,,,,,,,,,,,,,,,,,,,,,,
ATL,Trae Young,Dyson Daniels,Jalen Johnson,Onyeka Okongwu,Zaccharie Risacher,Georges Niang,De'Andre Hunter,Clint Capela,Caris LeVert,Vit Krejci,Terance Mann,Garrison Mathews,Bogdan Bogdanović,Larry Nance Jr.,Keaton Wallace,David Roddy,Dominick Barlow,Kobe Bufkin,Mouhamed Gueye,Daeqwon Plowden,,,,,
BOS,Jayson Tatum,Derrick White,Jaylen Brown,Payton Pritchard,Jrue Holiday,Al Horford,Sam Hauser,Luke Kornet,Kristaps Porziņģis,Neemias Queta,Jordan Walsh,Xavier Tillman Sr.,Jaden Springer,Drew Peterson,Torrey Craig,Baylor Scheierman,JD Davison,,,,,,,,
BRK,Dennis Schröder,Jalen Wilson,Nic Claxton,Cameron Johnson,Keon Johnson,D'Angelo Russell,Dorian Finney-Smith,Ziaire Williams,Noah Clowney,Ben Simmons,Tyrese Martin,Shake Milton,Cam Thomas,Day'Ron Sharpe,Tosan Evbuomwan,Trendon Watford,Reece Beekman,Dariq Whitehead,Maxwell Lewis,Cui Yongxi,Jaylen Martin,,,,
CHI,Nikola Vučević,Zach LaVine,Coby White,Josh Giddey,Ayo Dosunmu,Patrick Williams,Kevin Huerter,Matas Buzelis,Jalen Smith,Julian Phillips,Lonzo Ball,Dalen Terry,Tre Jones,Talen Horton-Tucker,Zach Collins,Jevon Carter,Torrey Craig,Chris Duarte,E.J. Liddell,Adama Sanogo,,,,,
CHO,Josh Green,Miles Bridges,LaMelo Ball,Cody Martin,Brandon Miller,Moussa Diabaté,Nick Richards,Vasilije Micić,Tidjane Salaün,Seth Curry,Nick Smith Jr.,Jusuf Nurkić,Mark Williams,Josh Okogie,Grant Williams,DaQuan Jeffries,KJ Simpson,Tre Mann,Taj Gibson,Isaiah Wong,Elfrid Payton,Damion Baugh,Jared Rhoden,,
CLE,Donovan Mitchell,Darius Garland,Jarrett Allen,Evan Mobley,Georges Niang,De'Andre Hunter,Caris LeVert,Ty Jerome,Sam Merrill,Dean Wade,Max Strus,Isaac Okoro,Jaylon Tyson,Craig Porter Jr.,Tristan Thompson,Luke Travers,JT Thor,Emoni Bates,,,,,,,
DAL,Kyrie Irving,Anthony Davis,P.J. Washington,Spencer Dinwiddie,Max Christie,Klay Thompson,Quentin Grimes,Daniel Gafford,Naji Marshall,Luka Dončić,Dereck Lively II,Jaden Hardy,Maxi Kleber,Olivier-Maxence Prosper,Kessler Edwards,Dwight Powell,Brandon Williams,Dante Exum,Markieff Morris,Kylor Kelley,Jazian Gortman,,,,
DEN,Christian Braun,Nikola Jokić,Michael Porter Jr.,Jamal Murray,Russell Westbrook,Julian Strawther,Peyton Watson,Aaron Gordon,DeAndre Jordan,Hunter Tyson,Jalen Pickett,Zeke Nnaji,Dario Šarić,Trey Alexander,PJ Hall,Vlatko Čančar,Spencer Jones,,,,,,,,
DET,Cade Cunningham,Tobias Harris,Malik Beasley,Dennis Schröder,Tim Hardaway Jr.,Jalen Duren,Isaiah Stewart,Jaden Ivey,Simone Fontecchio,Ron Holland,Ausar Thompson,Lindy Waters III,Marcus Sasser,Paul Reed,Wendell Moore Jr.,Cole Swider,Daniss Jenkins,Bobi Klintman,Alondes Williams,,,,,,
GSW,Stephen Curry,Dennis Schröder,Andrew Wiggins,Buddy Hield,Draymond Green,Brandin Podziemski,Moses Moody,Trayce Jackson-Davis,Jimmy Butler,Jonathan Kuminga,Kevon Looney,Lindy Waters III,Kyle Anderson,Gary Payton II,Gui Santos,Quinten Post,Reece Beekman,Pat Spencer,De'Anthony Melton,Jackson Rowe,,,,,
HOU,Jalen Green,Dillon Brooks,Amen Thompson,Alperen Şengün,Fred VanVleet,Jabari Smith Jr.,Tari Eason,Cam Whitmore,Aaron Holiday,Steven Adams,Reed Sheppard,Jae'Sean Tate,Jock Landale,Jeff Green,Jeenathan Williams,Jack McVeigh,,,,,,,,,
IND,Tyrese Haliburton,Pascal Siakam,Bennedict Mathurin,Myles Turner,Andrew Nembhard,Obi Toppin,T.J. McConnell,Jarace Walker,Ben Sheppard,Thomas Bryant,Aaron Nesmith,Quenton Jackson,Johnny Furphy,Enrique Freeman,Isaiah Jackson,Moses Brown,James Johnson,Tristen Newton,RayJ Dennis,James Wiseman,Jahlil Okafor,,,,
LAC,James Harden,Ivica Zubac,Norman Powell,Amir Coffey,Derrick Jones Jr.,Kris Dunn,Kevin Porter Jr.,Nicolas Batum,Ben Simmons,Terance Mann,Bogdan Bogdanović,Drew Eubanks,Kawhi Leonard,Jordan Miller,Mo Bamba,Patty Mills,Bones Hyland,Kai Jones,Kobe Brown,MarJon Beauchamp,Cam Christie,Trentyn Flowers,,,
LAL,LeBron James,Austin Reaves,Anthony Davis,Rui Hachimura,Max Christie,D'Angelo Russell,Dalton Knecht,Dorian Finney-Smith,Gabe Vincent,Luka Dončić,Shake Milton,Cam Reddish,Jaxson Hayes,Alex Len,Christian Koloko,Trey Jemison,Jarred Vanderbilt,Bronny James,Armel Traoré,Jordan Goodwin,Markieff Morris,Maxwell Lewis,Jalen Hood-Schifino,Quincy Olivari,
MEM,Jaren Jackson Jr.,Jaylen Wells,Desmond Bane,Santi Aldama,Scotty Pippen Jr.,Jake LaRavia,Brandon Clarke,Ja Morant,Luke Kennard,Zach Edey,Jay Huff,Marcus Smart,John Konchar,GG Jackson II,Cam Spencer,Vince Williams Jr.,Yuki Kawamura,Colin Castleton,Zyon Pullin,,,,,,
MIA,Tyler Herro,Bam Adebayo,Andrew Wiggins,Terry Rozier,Duncan Robinson,Davion Mitchell,Haywood Highsmith,Nikola Jović,Jaime Jaquez Jr.,Jimmy Butler,Kel'el Ware,Kyle Anderson,Thomas Bryant,Alec Burks,Pelle Larsson,Dru Smith,Kevin Love,Josh Richardson,Keshad Johnson,Josh Christopher,,,,,
MIL,Brook Lopez,Damian Lillard,Giannis Antetokounmpo,Taurean Prince,Gary Trent Jr.,Bobby Portis,Kyle Kuzma,A.J. Green,Kevin Porter Jr.,Andre Jackson Jr.,Khris Middleton,Ryan Rollins,Pat Connaughton,Delon Wright,MarJon Beauchamp,Tyler Smith,AJ Johnson,Stanley Umude,Liam Robbins,Chris Livingston,,,,,
MIN,Anthony Edwards,Rudy Gobert,Jaden McDaniels,Julius Randle,Naz Reid,Nickeil Alexander-Walker,Mike Conley,Donte DiVincenzo,Rob Dillingham,Josh Minott,Jaylen Clark,Luka Garza,Terrence Shannon Jr.,Joe Ingles,PJ Dozier,Leonard Miller,Tristen Newton,Daishen Nix,,,,,,,
NOP,Yves Missi,Trey Murphy III,CJ McCollum,Javonte Green,Dejounte Murray,Brandon Boston Jr.,Jordan Hawkins,Jeremiah Robinson-Earl,Jose Alvarado,Herbert Jones,Daniel Theis,Brandon Ingram,Zion Williamson,Bruce Brown,Jamal Cain,Antonio Reeves,Karlo Matković,Trey Jemison,Elfrid Payton,Jaylen Nowell,Keion Brooks Jr.,,,,
NYK,Mikal Bridges,Josh Hart,Jalen Brunson,OG Anunoby,Karl-Anthony Towns,Miles McBride,Precious Achiuwa,Cameron Payne,Jericho Sims,Delon Wright,Landry Shamet,Ariel Hukporti,Tyler Kolek,Pacome Dadiet,Matt Ryan,Jacob Toppin,,,,,,,,,
OKC,Shai Gilgeous-Alexander,Jalen Williams,Luguentz Dort,Cason Wallace,Aaron Wiggins,Isaiah Joe,Isaiah Hartenstein,Kenrich Williams,Alex Caruso,Ajay Mitchell,Jaylin Williams,Chet Holmgren,Ousmane Dieng,Dillon Jones,Branden Carlson,Adam Flagler,Alex Ducas,Malevy Leons,Alex Reese,,,,,,
ORL,Kentavious Caldwell-Pope,Anthony Black,Tristan Da Silva,Franz Wagner,Wendell Carter Jr.,Goga Bitadze,Jalen Suggs,Cole Anthony,Jonathan Isaac,Paolo Banchero,Moritz Wagner,Jett Howard,Caleb Houstan,Gary Harris,Trevelin Queen,Cory Joseph,Mac McClung,,,,,,,,
PHI,Kelly Oubre Jr.,Tyrese Maxey,Guerschon Yabusele,Quentin Grimes,Paul George,Caleb Martin,Eric Gordon,Ricky Council IV,Kyle Lowry,Justin Edwards,Jared McCain,Andre Drummond,Joel Embiid,KJ Martin,Jared Butler,Adem Bona,Reggie Jackson,Jeff Dowtin,Pete Nance,Lester Quiñones,Chuma Okeke,,,,
PHO,Devin Booker,Tyus Jones,Kevin Durant,Royce O'Neale,Bradley Beal,Grayson Allen,Mason Plumlee,Ryan Dunn,Nick Richards,Jusuf Nurkić,Oso Ighodaro,Monte Morris,Josh Okogie,Bol Bol,Damion Lee,TyTy Washington Jr.,Collin Gillespie,Jalen Bridges,,,,,,,
POR,Toumani Camara,Anfernee Simons,Deni Avdija,Shaedon Sharpe,Jerami Grant,Scoot Henderson,Deandre Ayton,Donovan Clingan,Dalano Banton,Kris Murray,Jabari Walker,Robert Williams,Rayan Rupert,Duop Reath,Bryce McGowens,Taze Moore,Justin Minaya,,,,,,,,
SAC,Domantas Sabonis,De'Aaron Fox,Keegan Murray,DeMar DeRozan,Zach LaVine,Malik Monk,Keon Ellis,Jonas Valančiūnas,Jake LaRavia,Kevin Huerter,Trey Lyles,Alex Len,Doug McDermott,Isaac Jones,Orlando Robinson,Jordan McLaughlin,Devin Carter,Colby Jones,Jae Crowder,Mason Jones,Isaiah Crawford,,,,
SAS,De'Aaron Fox,Victor Wembanyama,Chris Paul,Harrison Barnes,Stephon Castle,Julian Champagnie,Keldon Johnson,Devin Vassell,Jeremy Sochan,Tre Jones,Zach Collins,Charles Bassey,Blake Wesley,Malaki Branham,Sandro Mamukelashvili,Jordan McLaughlin,Sidy Cissoko,David Duke Jr.,Harrison Ingram,Riley Minix,Bismack Biyombo,,,,
TOR,Scottie Barnes,Gradey Dick,RJ Barrett,Jakob Poeltl,Ochai Agbaji,Davion Mitchell,Jamal Shead,Chris Boucher,Jonathan Mogbo,Ja'Kobe Walter,Jamison Battle,Immanuel Quickley,Bruce Brown,Kelly Olynyk,Orlando Robinson,Bruno Fernando,Garrett Temple,D.J. Carton,Ulrich Chomche,A.J. Lawson,,,,,
Team,Player,Player,Player,Player,Player,Player,Player,Player,Player,Player,Player,Player,Player,Player,Player,Player,Player,Player,Player,Player,Player,Player,Player,Player,Player
UTA,Keyonte George,Lauri Markkanen,Collin Sexton,Walker Kessler,John Collins,Isaiah Collier,Kyle Filipowski,Jordan Clarkson,Brice Sensabaugh,Johnny Juzang,Drew Eubanks,Cody Williams,Svi Mykhailiuk,Micah Potter,Patty Mills,Elijah Harkless,Taylor Hendricks,Oscar Tshiebwe,,,,,,,
WAS,Bilal Coulibaly,Carlton Carrington,Jordan Poole,Corey Kispert,Kyshawn George,Alex Sarr,Jonas Valančiūnas,Kyle Kuzma,Justin Champagnie,Malcolm Brogdon,Jared Butler,Richaun Holmes,Johnny Davis,Anthony Gill,Marvin Bagley III,Tristan Vukcevic,Patrick Baldwin Jr.,AJ Johnson,Jaylen Martin,,,,,,
